--
-- PostgreSQL database dump
--

-- Dumped from database version 14.6
-- Dumped by pg_dump version 14.6

SET statement_timeout = 0;
SET lock_timeout = 0;
SET idle_in_transaction_session_timeout = 0;
SET client_encoding = 'UTF8';
SET standard_conforming_strings = on;
SELECT pg_catalog.set_config('search_path', '', false);
SET check_function_bodies = false;
SET xmloption = content;
SET client_min_messages = warning;
SET row_security = off;

SET default_tablespace = '';

SET default_table_access_method = heap;

--
-- Name: articles_article; Type: TABLE; Schema: public; Owner: postgres
--

CREATE TABLE public.articles_article (
    id bigint NOT NULL,
    title character varying(255) NOT NULL,
    content text NOT NULL,
    source character varying(200),
    image character varying(100),
    create_date timestamp with time zone NOT NULL,
    modified_date timestamp with time zone NOT NULL,
    content_en text,
    content_kk text,
    content_ru text,
    title_en character varying(255),
    title_kk character varying(255),
    title_ru character varying(255)
);


ALTER TABLE public.articles_article OWNER TO postgres;

--
-- Name: articles_article_id_seq; Type: SEQUENCE; Schema: public; Owner: postgres
--

ALTER TABLE public.articles_article ALTER COLUMN id ADD GENERATED BY DEFAULT AS IDENTITY (
    SEQUENCE NAME public.articles_article_id_seq
    START WITH 1
    INCREMENT BY 1
    NO MINVALUE
    NO MAXVALUE
    CACHE 1
);


--
-- Name: auth_group; Type: TABLE; Schema: public; Owner: postgres
--

CREATE TABLE public.auth_group (
    id integer NOT NULL,
    name character varying(150) NOT NULL
);


ALTER TABLE public.auth_group OWNER TO postgres;

--
-- Name: auth_group_id_seq; Type: SEQUENCE; Schema: public; Owner: postgres
--

ALTER TABLE public.auth_group ALTER COLUMN id ADD GENERATED BY DEFAULT AS IDENTITY (
    SEQUENCE NAME public.auth_group_id_seq
    START WITH 1
    INCREMENT BY 1
    NO MINVALUE
    NO MAXVALUE
    CACHE 1
);


--
-- Name: auth_group_permissions; Type: TABLE; Schema: public; Owner: postgres
--

CREATE TABLE public.auth_group_permissions (
    id bigint NOT NULL,
    group_id integer NOT NULL,
    permission_id integer NOT NULL
);


ALTER TABLE public.auth_group_permissions OWNER TO postgres;

--
-- Name: auth_group_permissions_id_seq; Type: SEQUENCE; Schema: public; Owner: postgres
--

ALTER TABLE public.auth_group_permissions ALTER COLUMN id ADD GENERATED BY DEFAULT AS IDENTITY (
    SEQUENCE NAME public.auth_group_permissions_id_seq
    START WITH 1
    INCREMENT BY 1
    NO MINVALUE
    NO MAXVALUE
    CACHE 1
);


--
-- Name: auth_permission; Type: TABLE; Schema: public; Owner: postgres
--

CREATE TABLE public.auth_permission (
    id integer NOT NULL,
    name character varying(255) NOT NULL,
    content_type_id integer NOT NULL,
    codename character varying(100) NOT NULL
);


ALTER TABLE public.auth_permission OWNER TO postgres;

--
-- Name: auth_permission_id_seq; Type: SEQUENCE; Schema: public; Owner: postgres
--

ALTER TABLE public.auth_permission ALTER COLUMN id ADD GENERATED BY DEFAULT AS IDENTITY (
    SEQUENCE NAME public.auth_permission_id_seq
    START WITH 1
    INCREMENT BY 1
    NO MINVALUE
    NO MAXVALUE
    CACHE 1
);


--
-- Name: django_admin_log; Type: TABLE; Schema: public; Owner: postgres
--

CREATE TABLE public.django_admin_log (
    id integer NOT NULL,
    action_time timestamp with time zone NOT NULL,
    object_id text,
    object_repr character varying(200) NOT NULL,
    action_flag smallint NOT NULL,
    change_message text NOT NULL,
    content_type_id integer,
    user_id bigint NOT NULL,
    CONSTRAINT django_admin_log_action_flag_check CHECK ((action_flag >= 0))
);


ALTER TABLE public.django_admin_log OWNER TO postgres;

--
-- Name: django_admin_log_id_seq; Type: SEQUENCE; Schema: public; Owner: postgres
--

ALTER TABLE public.django_admin_log ALTER COLUMN id ADD GENERATED BY DEFAULT AS IDENTITY (
    SEQUENCE NAME public.django_admin_log_id_seq
    START WITH 1
    INCREMENT BY 1
    NO MINVALUE
    NO MAXVALUE
    CACHE 1
);


--
-- Name: django_content_type; Type: TABLE; Schema: public; Owner: postgres
--

CREATE TABLE public.django_content_type (
    id integer NOT NULL,
    app_label character varying(100) NOT NULL,
    model character varying(100) NOT NULL
);


ALTER TABLE public.django_content_type OWNER TO postgres;

--
-- Name: django_content_type_id_seq; Type: SEQUENCE; Schema: public; Owner: postgres
--

ALTER TABLE public.django_content_type ALTER COLUMN id ADD GENERATED BY DEFAULT AS IDENTITY (
    SEQUENCE NAME public.django_content_type_id_seq
    START WITH 1
    INCREMENT BY 1
    NO MINVALUE
    NO MAXVALUE
    CACHE 1
);


--
-- Name: django_migrations; Type: TABLE; Schema: public; Owner: postgres
--

CREATE TABLE public.django_migrations (
    id bigint NOT NULL,
    app character varying(255) NOT NULL,
    name character varying(255) NOT NULL,
    applied timestamp with time zone NOT NULL
);


ALTER TABLE public.django_migrations OWNER TO postgres;

--
-- Name: django_migrations_id_seq; Type: SEQUENCE; Schema: public; Owner: postgres
--

ALTER TABLE public.django_migrations ALTER COLUMN id ADD GENERATED BY DEFAULT AS IDENTITY (
    SEQUENCE NAME public.django_migrations_id_seq
    START WITH 1
    INCREMENT BY 1
    NO MINVALUE
    NO MAXVALUE
    CACHE 1
);


--
-- Name: django_session; Type: TABLE; Schema: public; Owner: postgres
--

CREATE TABLE public.django_session (
    session_key character varying(40) NOT NULL,
    session_data text NOT NULL,
    expire_date timestamp with time zone NOT NULL
);


ALTER TABLE public.django_session OWNER TO postgres;

--
-- Name: fcm_django_fcmdevice; Type: TABLE; Schema: public; Owner: postgres
--

CREATE TABLE public.fcm_django_fcmdevice (
    id integer NOT NULL,
    name character varying(255),
    active boolean NOT NULL,
    date_created timestamp with time zone,
    device_id character varying(255),
    registration_id text NOT NULL,
    type character varying(10) NOT NULL,
    user_id bigint
);


ALTER TABLE public.fcm_django_fcmdevice OWNER TO postgres;

--
-- Name: fcm_django_fcmdevice_id_seq; Type: SEQUENCE; Schema: public; Owner: postgres
--

ALTER TABLE public.fcm_django_fcmdevice ALTER COLUMN id ADD GENERATED BY DEFAULT AS IDENTITY (
    SEQUENCE NAME public.fcm_django_fcmdevice_id_seq
    START WITH 1
    INCREMENT BY 1
    NO MINVALUE
    NO MAXVALUE
    CACHE 1
);


--
-- Name: financial_financial; Type: TABLE; Schema: public; Owner: postgres
--

CREATE TABLE public.financial_financial (
    id bigint NOT NULL,
    "predsedatelSovetaDirektorov" character varying(255),
    predsedatel_pravleniya character varying(100),
    sovet_direktorov character varying(100),
    chleny_pravleniya character varying(100),
    glavnyy_buhgalter character varying(100),
    bin character varying(20),
    address text,
    phone character varying(15),
    fax character varying(15),
    email character varying(254),
    bank_vtorogo_urovnya jsonb,
    kastodian jsonb,
    bankovskie_holdingi jsonb
);


ALTER TABLE public.financial_financial OWNER TO postgres;

--
-- Name: financial_financial_id_seq; Type: SEQUENCE; Schema: public; Owner: postgres
--

ALTER TABLE public.financial_financial ALTER COLUMN id ADD GENERATED BY DEFAULT AS IDENTITY (
    SEQUENCE NAME public.financial_financial_id_seq
    START WITH 1
    INCREMENT BY 1
    NO MINVALUE
    NO MAXVALUE
    CACHE 1
);


--
-- Name: token_blacklist_blacklistedtoken; Type: TABLE; Schema: public; Owner: postgres
--

CREATE TABLE public.token_blacklist_blacklistedtoken (
    id bigint NOT NULL,
    blacklisted_at timestamp with time zone NOT NULL,
    token_id bigint NOT NULL
);


ALTER TABLE public.token_blacklist_blacklistedtoken OWNER TO postgres;

--
-- Name: token_blacklist_blacklistedtoken_id_seq; Type: SEQUENCE; Schema: public; Owner: postgres
--

ALTER TABLE public.token_blacklist_blacklistedtoken ALTER COLUMN id ADD GENERATED BY DEFAULT AS IDENTITY (
    SEQUENCE NAME public.token_blacklist_blacklistedtoken_id_seq
    START WITH 1
    INCREMENT BY 1
    NO MINVALUE
    NO MAXVALUE
    CACHE 1
);


--
-- Name: token_blacklist_outstandingtoken; Type: TABLE; Schema: public; Owner: postgres
--

CREATE TABLE public.token_blacklist_outstandingtoken (
    id bigint NOT NULL,
    token text NOT NULL,
    created_at timestamp with time zone,
    expires_at timestamp with time zone NOT NULL,
    user_id bigint,
    jti character varying(255) NOT NULL
);


ALTER TABLE public.token_blacklist_outstandingtoken OWNER TO postgres;

--
-- Name: token_blacklist_outstandingtoken_id_seq; Type: SEQUENCE; Schema: public; Owner: postgres
--

ALTER TABLE public.token_blacklist_outstandingtoken ALTER COLUMN id ADD GENERATED BY DEFAULT AS IDENTITY (
    SEQUENCE NAME public.token_blacklist_outstandingtoken_id_seq
    START WITH 1
    INCREMENT BY 1
    NO MINVALUE
    NO MAXVALUE
    CACHE 1
);


--
-- Name: users_appointmentmodel; Type: TABLE; Schema: public; Owner: postgres
--

CREATE TABLE public.users_appointmentmodel (
    id bigint NOT NULL,
    status character varying(20) NOT NULL,
    summary text,
    create_date timestamp with time zone NOT NULL,
    modified_date timestamp with time zone NOT NULL,
    user_id bigint NOT NULL,
    title character varying(255) NOT NULL,
    color text,
    "end" timestamp with time zone NOT NULL,
    start timestamp with time zone NOT NULL
);


ALTER TABLE public.users_appointmentmodel OWNER TO postgres;

--
-- Name: users_appointmentmodel_id_seq; Type: SEQUENCE; Schema: public; Owner: postgres
--

ALTER TABLE public.users_appointmentmodel ALTER COLUMN id ADD GENERATED BY DEFAULT AS IDENTITY (
    SEQUENCE NAME public.users_appointmentmodel_id_seq
    START WITH 1
    INCREMENT BY 1
    NO MINVALUE
    NO MAXVALUE
    CACHE 1
);


--
-- Name: users_devicetoken; Type: TABLE; Schema: public; Owner: postgres
--

CREATE TABLE public.users_devicetoken (
    id bigint NOT NULL,
    token character varying(255) NOT NULL,
    created_at timestamp with time zone NOT NULL,
    user_id bigint
);


ALTER TABLE public.users_devicetoken OWNER TO postgres;

--
-- Name: users_devicetoken_id_seq; Type: SEQUENCE; Schema: public; Owner: postgres
--

ALTER TABLE public.users_devicetoken ALTER COLUMN id ADD GENERATED BY DEFAULT AS IDENTITY (
    SEQUENCE NAME public.users_devicetoken_id_seq
    START WITH 1
    INCREMENT BY 1
    NO MINVALUE
    NO MAXVALUE
    CACHE 1
);


--
-- Name: users_individualmodel; Type: TABLE; Schema: public; Owner: postgres
--

CREATE TABLE public.users_individualmodel (
    id bigint NOT NULL,
    password character varying(128) NOT NULL,
    last_login timestamp with time zone,
    is_superuser boolean NOT NULL,
    uid uuid NOT NULL,
    role smallint,
    email character varying(254) NOT NULL,
    date_joined timestamp with time zone NOT NULL,
    is_active boolean NOT NULL,
    create_date timestamp with time zone NOT NULL,
    modified_date timestamp with time zone NOT NULL,
    is_staff boolean NOT NULL,
    CONSTRAINT users_individualmodel_role_check CHECK ((role >= 0))
);


ALTER TABLE public.users_individualmodel OWNER TO postgres;

--
-- Name: users_individualmodel_groups; Type: TABLE; Schema: public; Owner: postgres
--

CREATE TABLE public.users_individualmodel_groups (
    id bigint NOT NULL,
    individualmodel_id bigint NOT NULL,
    group_id integer NOT NULL
);


ALTER TABLE public.users_individualmodel_groups OWNER TO postgres;

--
-- Name: users_individualmodel_groups_id_seq; Type: SEQUENCE; Schema: public; Owner: postgres
--

ALTER TABLE public.users_individualmodel_groups ALTER COLUMN id ADD GENERATED BY DEFAULT AS IDENTITY (
    SEQUENCE NAME public.users_individualmodel_groups_id_seq
    START WITH 1
    INCREMENT BY 1
    NO MINVALUE
    NO MAXVALUE
    CACHE 1
);


--
-- Name: users_individualmodel_id_seq; Type: SEQUENCE; Schema: public; Owner: postgres
--

ALTER TABLE public.users_individualmodel ALTER COLUMN id ADD GENERATED BY DEFAULT AS IDENTITY (
    SEQUENCE NAME public.users_individualmodel_id_seq
    START WITH 1
    INCREMENT BY 1
    NO MINVALUE
    NO MAXVALUE
    CACHE 1
);


--
-- Name: users_individualmodel_user_permissions; Type: TABLE; Schema: public; Owner: postgres
--

CREATE TABLE public.users_individualmodel_user_permissions (
    id bigint NOT NULL,
    individualmodel_id bigint NOT NULL,
    permission_id integer NOT NULL
);


ALTER TABLE public.users_individualmodel_user_permissions OWNER TO postgres;

--
-- Name: users_individualmodel_user_permissions_id_seq; Type: SEQUENCE; Schema: public; Owner: postgres
--

ALTER TABLE public.users_individualmodel_user_permissions ALTER COLUMN id ADD GENERATED BY DEFAULT AS IDENTITY (
    SEQUENCE NAME public.users_individualmodel_user_permissions_id_seq
    START WITH 1
    INCREMENT BY 1
    NO MINVALUE
    NO MAXVALUE
    CACHE 1
);


--
-- Name: users_pushnotification; Type: TABLE; Schema: public; Owner: postgres
--

CREATE TABLE public.users_pushnotification (
    id bigint NOT NULL,
    title character varying(255) NOT NULL,
    message text
);


ALTER TABLE public.users_pushnotification OWNER TO postgres;

--
-- Name: users_pushnotification_id_seq; Type: SEQUENCE; Schema: public; Owner: postgres
--

ALTER TABLE public.users_pushnotification ALTER COLUMN id ADD GENERATED BY DEFAULT AS IDENTITY (
    SEQUENCE NAME public.users_pushnotification_id_seq
    START WITH 1
    INCREMENT BY 1
    NO MINVALUE
    NO MAXVALUE
    CACHE 1
);


--
-- Data for Name: articles_article; Type: TABLE DATA; Schema: public; Owner: postgres
--

COPY public.articles_article (id, title, content, source, image, create_date, modified_date, content_en, content_kk, content_ru, title_en, title_kk, title_ru) FROM stdin;
1	Hidjama	Hidjama is treatment	\N	documents/external/y0h1ixprgj04k750q1dnkn4gq.png	2024-02-22 02:07:50.958178+06	2024-02-22 02:07:50.958178+06	Hidjama is treatment	\N	\N	Hidjama	\N	\N
2	Hidjama	Hidjama is treatment	\N	documents/external/ju8i01pb1dxp9jqmpi6sq6m0k.png	2024-02-22 02:10:54.714626+06	2024-02-22 02:10:54.714626+06	Hidjama is treatment	\N	\N	Hidjama	\N	\N
15	Hidjama	Hidjama is treatment	\N	documents/external/qw3cu3r22kp3u8hjm15we9oyv.png	2024-02-22 03:34:17.80836+06	2024-02-22 03:34:17.80836+06	Hidjama is treatment	\N	\N	Hidjama	\N	\N
16	Hidjama	Hidjama is treatment	\N	documents/external/hqitnjz9uxy999s4u3ifc7jpf.png	2024-02-22 03:55:10.366147+06	2024-02-22 03:55:10.366147+06	Hidjama is treatment	\N	\N	Hidjama	\N	\N
17	Hidjama	Hidjama is treatment	\N	documents/external/8txot67p4wfoaua0u42ng84dz.png	2024-02-22 03:58:40.810471+06	2024-02-22 03:58:40.810471+06	Hidjama is treatment	\N	\N	Hidjama	\N	\N
18	Hidjama	Hidjama is treatment	\N	documents/external/yx0w4d49mkz1fs8rri3mjd7fe.png	2024-02-22 03:59:58.139965+06	2024-02-22 03:59:58.139965+06	Hidjama is treatment	\N	\N	Hidjama	\N	\N
19	Hidjama	Hidjama is treatment	\N	documents/external/2a3azyhlq52j8twk6rzjz7y0b.png	2024-02-22 04:17:42.287282+06	2024-02-22 04:17:42.287282+06	Hidjama is treatment	\N	\N	Hidjama	\N	\N
20	Hidjama	Hidjama is treatment	\N	documents/external/a661k5vwf0g5bmig20fyyd96f.png	2024-02-22 04:26:56.073846+06	2024-02-22 04:26:56.073846+06	Hidjama is treatment	\N	\N	Hidjama	\N	\N
21	Hidjama	Hidjama is treatment	\N	documents/external/2713ugq3x8v65hmao36s8ov07.png	2024-02-22 04:35:25.908088+06	2024-02-22 04:35:25.908088+06	Hidjama is treatment	\N	\N	Hidjama	\N	\N
22	Hidjama	Hidjama is treatment	\N	documents/external/8gownk31y6ueiqtokj9unzcyz.png	2024-02-22 04:40:47.919518+06	2024-02-22 04:40:47.919518+06	Hidjama is treatment	\N	\N	Hidjama	\N	\N
23	Hidjama	Hidjama is treatment	\N	documents/external/ycxrpghwc5afj409izpgm1bol.png	2024-02-22 04:57:11.522476+06	2024-02-22 04:57:11.522476+06	Hidjama is treatment	\N	\N	Hidjama	\N	\N
24	Hidjama	Hidjama is treatment	\N	documents/external/g6e9clafi8mrxr9pzykf1o6n8.jpg	2024-02-22 04:59:03.671686+06	2024-02-22 04:59:03.671686+06	Hidjama is treatment	\N	\N	Hidjama	\N	\N
25	Hidjama	Hidjama is treatment	\N	documents/external/dwnze0ssjnzn535rihyorc6lh.jpg	2024-02-22 05:41:03.235369+06	2024-02-22 05:41:03.235369+06	Hidjama is treatment	\N	\N	Hidjama	\N	\N
26	Hidjama	Hidjama is treatment	\N	documents/external/o7m8f9riz0svx759gvy5vmthu.jpg	2024-02-22 05:44:07.970219+06	2024-02-22 05:44:07.970219+06	Hidjama is treatment	\N	\N	Hidjama	\N	\N
27	Hidjama	Hidjama is treatment	\N	documents/external/uhzyc48kkoy3c9qc8652napxe.jpg	2024-02-22 05:51:39.546124+06	2024-02-22 05:51:39.546124+06	Hidjama is treatment	\N	\N	Hidjama	\N	\N
28	Hidjama	Hidjama is treatment	\N	documents/external/fbiu6gshzejopkrjmfgmmemx1.jpg	2024-02-22 05:53:35.461849+06	2024-02-22 05:53:35.461849+06	Hidjama is treatment	\N	\N	Hidjama	\N	\N
29	Hidjama	Hidjama is treatment	\N	documents/external/kfkm0yrmjdf21fd8rl7na1cox.jpg	2024-02-22 05:57:48.829258+06	2024-02-22 05:57:48.829258+06	Hidjama is treatment	\N	\N	Hidjama	\N	\N
30	Hijama	I like hijama	\N	ukoo81y6d8shrb9vz99zzua4u.jpg	2024-02-22 06:12:58.432873+06	2024-02-22 06:12:58.432873+06	I like hijama	\N	\N	Hijama	\N	\N
31	Hijama	I like hijama	\N	e1m1od8gyqes7z3osazwm1307.jpg	2024-02-22 06:21:55.348674+06	2024-02-22 06:21:55.348674+06	I like hijama	\N	\N	Hijama	\N	\N
32	Hijama	I like hijama	\N		2024-02-22 06:38:27.017282+06	2024-02-22 06:38:27.017282+06	I like hijama	\N	\N	Hijama	\N	\N
33	Hijama	I like hijama	\N		2024-02-22 06:39:11.052488+06	2024-02-22 06:39:11.052488+06	I like hijama	\N	\N	Hijama	\N	\N
34	Hijama	I like hijama	\N		2024-02-22 06:40:18.386543+06	2024-02-22 06:40:18.386543+06	I like hijama	\N	\N	Hijama	\N	\N
35	Hijama	I like hijama	\N	argy7jjmlb4hpieylerjyerv8.jpg	2024-02-22 06:44:09.168874+06	2024-02-22 06:44:09.168874+06	I like hijama	\N	\N	Hijama	\N	\N
36	Hijama	I like hijama	\N	inhwugt4gub0o6qsbrqb4dv41.jpg	2024-02-22 06:47:56.529172+06	2024-02-22 06:47:56.529172+06	I like hijama	\N	\N	Hijama	\N	\N
37	Hijama	I like hijama	\N	uezw6k01s556lbizloa2hay35.jpg	2024-02-22 06:49:17.88145+06	2024-02-22 06:49:17.88145+06	I like hijama	\N	\N	Hijama	\N	\N
38	Hijama	I like hijama	\N	2zaeung98wj7kzefo9fkzgt85.jpg	2024-02-22 06:50:01.421396+06	2024-02-22 06:50:01.421396+06	I like hijama	\N	\N	Hijama	\N	\N
39	Hijama	I like hijama	\N	dssr2yvkxhj2ylwr7urmpeczn.jpg	2024-02-22 06:50:45.587119+06	2024-02-22 06:50:45.587119+06	I like hijama	\N	\N	Hijama	\N	\N
40	Hijama	I like hijama	\N	yxkzhpd381tshlmo97okldfru.jpg	2024-02-22 06:50:52.04014+06	2024-02-22 06:50:52.04014+06	I like hijama	\N	\N	Hijama	\N	\N
41	Hijama	I like hijama	\N	kf0hyomjlz7f2p9iby3y7fl5k.jpg	2024-02-22 06:51:20.882354+06	2024-02-22 06:51:20.882354+06	I like hijama	\N	\N	Hijama	\N	\N
42	Hijama	I like hijama	\N	ikib7iqxzzrrq5taiaxvqfcta.jpg	2024-02-22 06:52:30.523121+06	2024-02-22 06:52:30.523121+06	I like hijama	\N	\N	Hijama	\N	\N
43	Hijama	I like hijama	\N	o9i2frtmkpyeld4ffkw89r9lh.jpg	2024-02-22 07:23:53.215763+06	2024-02-22 07:23:53.215763+06	I like hijama	\N	\N	Hijama	\N	\N
44	Hijama	I like hijama	\N	psz5k397fohfljis1bqk8f62c.jpg	2024-02-22 07:37:19.815964+06	2024-02-22 07:37:19.815964+06	I like hijama	\N	\N	Hijama	\N	\N
45	Hijama	I like hijama	\N	ho8f2ufxs01a2346dtulp76in.jpg	2024-02-22 07:37:39.043548+06	2024-02-22 07:37:39.043548+06	I like hijama	\N	\N	Hijama	\N	\N
46	Hijama	I like hijama	\N	j3rsk0bp6k8hsbrkdh3zk5kzp.jpg	2024-02-22 21:53:43.060961+06	2024-02-22 21:53:43.060961+06	I like hijama	\N	\N	Hijama	\N	\N
47	Revitalizing Health and Wellness: Exploring the Therapeutic Journey at a Hijama Center	Hijama, also known as cupping therapy, is a form of traditional alternative medicine that has been practiced for centuries in various cultures around the world. The practice involves creating suction on the skin using cups, which can be made of glass, bamboo, earthenware, or silicone. The suction is believed to mobilize blood flow to promote healing and relieve pain.\n\nA Hijama center is a facility where trained practitioners offer cupping therapy services. These centers typically provide a range of services related to Hijama, including:\n\nDry Cupping: This is the most common form of cupping, where suction is created on the skin, but no incisions are made. The cups are left in place for a few minutes, which is believed to help with pain, inflammation, blood flow, relaxation, and well-being.\n\nWet Cupping (Hijama): This involves making small incisions in the skin after the cups have been applied and the skin has been drawn into the cup. The suction is believed to draw out small quantities of blood, which is thought to remove harmful substances and toxins from the body.\n\nMassage Cupping: In this method, oil is applied to the skin before placing the cups, allowing the cups to move easily over the surface of the skin, similar to a massage. This technique is often used to relieve muscle tension and promote relaxation.\n\nFacial Cupping: A gentler version of cupping therapy, using smaller cups, typically used on the face to promote skin health, reduce puffiness, and improve circulation.\n\nHijama centers often cater to a wide range of health issues, including muscle tension, back pain, headaches, arthritis, fatigue, and even skin conditions. Practitioners at these centers are usually trained and certified in cupping therapy, ensuring that the treatments are performed safely and effectively.\n\nWhen visiting a Hijama center, clients can expect a consultation with a practitioner to discuss their health concerns and treatment goals. The practitioner will then recommend a specific type of cupping therapy tailored to the client's needs. The therapy sessions are conducted in a clean and comfortable environment, with careful attention to hygiene and safety, especially when wet cupping is involved.\n\nIt's important for individuals interested in trying Hijama to consult with healthcare professionals and seek out certified practitioners at reputable centers to ensure the best care and outcomes.	\N	ovipewja40blm3rpdihv0mts8.webp	2024-02-28 00:49:23.268667+06	2024-02-28 00:49:23.268667+06	Hijama, also known as cupping therapy, is a form of traditional alternative medicine that has been practiced for centuries in various cultures around the world. The practice involves creating suction on the skin using cups, which can be made of glass, bamboo, earthenware, or silicone. The suction is believed to mobilize blood flow to promote healing and relieve pain.\n\nA Hijama center is a facility where trained practitioners offer cupping therapy services. These centers typically provide a range of services related to Hijama, including:\n\nDry Cupping: This is the most common form of cupping, where suction is created on the skin, but no incisions are made. The cups are left in place for a few minutes, which is believed to help with pain, inflammation, blood flow, relaxation, and well-being.\n\nWet Cupping (Hijama): This involves making small incisions in the skin after the cups have been applied and the skin has been drawn into the cup. The suction is believed to draw out small quantities of blood, which is thought to remove harmful substances and toxins from the body.\n\nMassage Cupping: In this method, oil is applied to the skin before placing the cups, allowing the cups to move easily over the surface of the skin, similar to a massage. This technique is often used to relieve muscle tension and promote relaxation.\n\nFacial Cupping: A gentler version of cupping therapy, using smaller cups, typically used on the face to promote skin health, reduce puffiness, and improve circulation.\n\nHijama centers often cater to a wide range of health issues, including muscle tension, back pain, headaches, arthritis, fatigue, and even skin conditions. Practitioners at these centers are usually trained and certified in cupping therapy, ensuring that the treatments are performed safely and effectively.\n\nWhen visiting a Hijama center, clients can expect a consultation with a practitioner to discuss their health concerns and treatment goals. The practitioner will then recommend a specific type of cupping therapy tailored to the client's needs. The therapy sessions are conducted in a clean and comfortable environment, with careful attention to hygiene and safety, especially when wet cupping is involved.\n\nIt's important for individuals interested in trying Hijama to consult with healthcare professionals and seek out certified practitioners at reputable centers to ensure the best care and outcomes.	\N	\N	Revitalizing Health and Wellness: Exploring the Therapeutic Journey at a Hijama Center	\N	\N
48	Embracing Ancient Healing: The Transformative Experience of Hijama Therapy	Embracing Ancient Healing: The Transformative Experience of Hijama Therapy" delves into the heart of a traditional healing practice that has transcended centuries and cultures, finding its place in the modern wellness landscape. Hijama, or cupping therapy, is not just a treatment but a holistic experience that integrates physical, emotional, and spiritual well-being.\n\nThe Essence of Hijama Therapy\nAt its core, Hijama therapy is a testament to the belief in the body's inherent ability to heal itself. By creating suction on specific points on the body, Hijama practitioners aim to promote blood flow, remove toxins, and alleviate a myriad of ailments. This ancient practice, rooted in the wisdom of Eastern medicine, offers a natural alternative to conventional therapies, advocating a balance within the body's energies.\n\nJourney Through a Hijama Session\nA visit to a Hijama center is a journey into tranquility and healing. The session begins with a consultation, where the practitioner listens intently to understand each individual's unique health landscape. This personalized approach ensures that the therapy aligns with the specific needs and concerns of the client, paving the way for a more targeted and effective treatment.\n\nThe Diverse Modalities of Cupping\nHijama therapy is not a one-size-fits-all remedy. It encompasses various techniques, each with its own purpose and benefits. From dry cupping, which focuses on relieving muscular tension and enhancing blood circulation, to the more intensive wet cupping, which involves minor incisions to draw out small quantities of blood, the therapy is adaptable to the diverse needs of individuals. Additionally, massage cupping and facial cupping extend the therapeutic benefits to relaxation and aesthetic rejuvenation, respectively.\n\nThe Therapeutic Ambiance\nThe ambiance of a Hijama center plays a crucial role in the healing process. These sanctuaries of wellness are designed to provide a serene and safe environment, where clients can relax and let go of their daily stresses. The emphasis on cleanliness, comfort, and privacy ensures that the therapeutic experience is not only effective but also enjoyable.\n\nEmbracing Holistic Well-being\nHijama therapy goes beyond mere physical healing; it is a holistic practice that touches on emotional and spiritual well-being. Many find the experience to be deeply calming, offering a respite from the chaos of everyday life. The therapy's ability to reduce stress and promote relaxation is one of its most cherished benefits, making it a sought-after treatment for those looking to achieve a balanced and harmonious state of being.\n\nIn Conclusion\n"Embracing Ancient Healing: The Transformative Experience of Hijama Therapy" is an invitation to explore a time-honored practice that has been rejuvenated for contemporary wellness. Hijama therapy, with its rich history and diverse techniques, offers a unique pathway to health and well-being, encouraging individuals to connect with ancient healing wisdom in their pursuit of a balanced and vibrant life.	\N	p2ild65kfhfzozjh6gus00hwk.webp	2024-02-28 00:51:17.678461+06	2024-02-28 00:51:17.678461+06	Embracing Ancient Healing: The Transformative Experience of Hijama Therapy" delves into the heart of a traditional healing practice that has transcended centuries and cultures, finding its place in the modern wellness landscape. Hijama, or cupping therapy, is not just a treatment but a holistic experience that integrates physical, emotional, and spiritual well-being.\n\nThe Essence of Hijama Therapy\nAt its core, Hijama therapy is a testament to the belief in the body's inherent ability to heal itself. By creating suction on specific points on the body, Hijama practitioners aim to promote blood flow, remove toxins, and alleviate a myriad of ailments. This ancient practice, rooted in the wisdom of Eastern medicine, offers a natural alternative to conventional therapies, advocating a balance within the body's energies.\n\nJourney Through a Hijama Session\nA visit to a Hijama center is a journey into tranquility and healing. The session begins with a consultation, where the practitioner listens intently to understand each individual's unique health landscape. This personalized approach ensures that the therapy aligns with the specific needs and concerns of the client, paving the way for a more targeted and effective treatment.\n\nThe Diverse Modalities of Cupping\nHijama therapy is not a one-size-fits-all remedy. It encompasses various techniques, each with its own purpose and benefits. From dry cupping, which focuses on relieving muscular tension and enhancing blood circulation, to the more intensive wet cupping, which involves minor incisions to draw out small quantities of blood, the therapy is adaptable to the diverse needs of individuals. Additionally, massage cupping and facial cupping extend the therapeutic benefits to relaxation and aesthetic rejuvenation, respectively.\n\nThe Therapeutic Ambiance\nThe ambiance of a Hijama center plays a crucial role in the healing process. These sanctuaries of wellness are designed to provide a serene and safe environment, where clients can relax and let go of their daily stresses. The emphasis on cleanliness, comfort, and privacy ensures that the therapeutic experience is not only effective but also enjoyable.\n\nEmbracing Holistic Well-being\nHijama therapy goes beyond mere physical healing; it is a holistic practice that touches on emotional and spiritual well-being. Many find the experience to be deeply calming, offering a respite from the chaos of everyday life. The therapy's ability to reduce stress and promote relaxation is one of its most cherished benefits, making it a sought-after treatment for those looking to achieve a balanced and harmonious state of being.\n\nIn Conclusion\n"Embracing Ancient Healing: The Transformative Experience of Hijama Therapy" is an invitation to explore a time-honored practice that has been rejuvenated for contemporary wellness. Hijama therapy, with its rich history and diverse techniques, offers a unique pathway to health and well-being, encouraging individuals to connect with ancient healing wisdom in their pursuit of a balanced and vibrant life.	\N	\N	Embracing Ancient Healing: The Transformative Experience of Hijama Therapy	\N	\N
59	English is powerful language	English english english	\N	nb90w13xj4qyxwkpv1plxb7dm.ico	2024-03-05 12:33:28+06	2024-03-05 12:33:28+06	English english english	Қазақ тілі қазақ тілі қазақ тілі	Руский язык	English is powerful language	Қазақ тілі өте бай тіл!	Русский язык
3	Hidjama	Hidjama is treatment	\N	documents/external/z1bvryl4s1ar0hpwu99hq7lbr.png	2024-02-22 02:12:05.472509+06	2024-02-22 02:12:05.472509+06	Hidjama is treatment	\N	\N	Hidjama	\N	\N
4	Hidjama	Hidjama is treatment	\N	documents/external/d8su15bkp993ybd521ymqw9t1.png	2024-02-22 02:12:33.093994+06	2024-02-22 02:12:33.093994+06	Hidjama is treatment	\N	\N	Hidjama	\N	\N
5	Hidjama	Hidjama is treatment	\N	documents/external/jzsf7gxcxtrxb8d9usdjpp502.png	2024-02-22 02:14:26.689268+06	2024-02-22 02:14:26.689268+06	Hidjama is treatment	\N	\N	Hidjama	\N	\N
6	Hidjama	Hidjama is treatment	\N	documents/external/suwh4i7myq1fa8aj3owh6jshy.png	2024-02-22 02:18:12.8123+06	2024-02-22 02:18:12.8123+06	Hidjama is treatment	\N	\N	Hidjama	\N	\N
7	Hidjama	Hidjama is treatment	\N	documents/external/cdmnidrmiwpodgcda5cjb5ifl.png	2024-02-22 02:19:01.119114+06	2024-02-22 02:19:01.119114+06	Hidjama is treatment	\N	\N	Hidjama	\N	\N
8	Hidjama	Hidjama is treatment	\N	documents/external/l27bsvwu4vyqxo10dxc11lzhj.png	2024-02-22 02:41:56.909822+06	2024-02-22 02:41:56.909822+06	Hidjama is treatment	\N	\N	Hidjama	\N	\N
9	Hidjama	Hidjama is treatment	\N	documents/external/odp729gj3mr5ahdtj0zj809m2.png	2024-02-22 02:42:18.563962+06	2024-02-22 02:42:18.563962+06	Hidjama is treatment	\N	\N	Hidjama	\N	\N
10	Hidjama	Hidjama is treatment	\N	documents/external/ivierq82hvntoqwlkj56ws58v.png	2024-02-22 02:48:16.478011+06	2024-02-22 02:48:16.478011+06	Hidjama is treatment	\N	\N	Hidjama	\N	\N
11	Hidjama	Hidjama is treatment	\N	documents/external/r7860ddhsw3tiutesvtjeqhje.png	2024-02-22 03:17:20.019374+06	2024-02-22 03:17:20.019374+06	Hidjama is treatment	\N	\N	Hidjama	\N	\N
12	Hidjama	Hidjama is treatment	\N		2024-02-22 03:17:37.965512+06	2024-02-22 03:17:37.965512+06	Hidjama is treatment	\N	\N	Hidjama	\N	\N
13	Hidjama	Hidjama is treatment	\N	documents/external/tbwy3gxlx3dg4e0qpifej9y1x.png	2024-02-22 03:25:24.119656+06	2024-02-22 03:25:24.119656+06	Hidjama is treatment	\N	\N	Hidjama	\N	\N
14	Hidjama	Hidjama is treatment	\N	documents/external/k9y4w9dls543ccvsic3dtisdm.png	2024-02-22 03:27:03.648268+06	2024-02-22 03:27:03.648268+06	Hidjama is treatment	\N	\N	Hidjama	\N	\N
49	Nature's Embrace: The Synergy of Hijama Therapy and Natural Healing	In the heart of natural wellness lies a practice both ancient and profound—Hijama therapy, a method that seamlessly integrates the principles of traditional healing with the intrinsic healing powers of nature. "Nature's Embrace: The Synergy of Hijama Therapy and Natural Healing" delves into how this age-old technique harmonizes with natural elements to foster healing, balance, and rejuvenation.\n\nThe Natural Philosophy Behind Hijama\nHijama, or cupping therapy, is more than just a physical treatment; it is a reflection of nature's own processes—promoting balance, removing impurities, and facilitating renewal. This therapy mirrors the cyclical patterns of the natural world, where renewal and purification are constant. By creating suction on the skin, Hijama encourages the body to purge toxins and stimulates the flow of fresh, oxygenated blood, akin to the refreshing currents of a clear stream.\n\nThe Elemental Connection\nIncorporating Hijama therapy into a natural healing regimen strengthens one's connection with the elemental forces. The cups used in the therapy, often made from natural materials like bamboo or glass, act as conduits for harnessing the body's innate healing energy. The warmth and suction resemble the embrace of Earth's nurturing forces, drawing out stagnation and infusing the body with vitality.\n\nIntegrating Hijama with Natural Surroundings\nThe ideal Hijama experience transcends the confines of a traditional therapy room, venturing into spaces where nature's presence is palpable. Some Hijama centers are situated amidst lush gardens or near flowing waters, offering sessions in environments where the air is filled with the soothing sounds of nature. This setting enhances the therapeutic effects of Hijama, as the tranquility of nature contributes to deep relaxation and mental clarity.\n\nThe Holistic Impact of Nature-Infused Hijama\nEngaging in Hijama therapy within a natural context or integrating natural elements into the session amplifies its benefits. The serene ambiance aids in releasing emotional blockages, reducing stress, and fostering a sense of peace. This holistic approach not only targets physical ailments but also nourishes the soul, aligning the individual with the rhythmic flow of the natural world.\n\nEmbracing Natural Wellness through Hijama\n"Nature's Embrace: The Synergy of Hijama Therapy and Natural Healing" invites individuals to explore a path of wellness that is deeply rooted in the earth's wisdom. By combining the therapeutic power of Hijama with the healing essence of nature, one embarks on a transformative journey towards optimal health and harmony. This synergy beckons us to rediscover our intrinsic connection to the natural world, embracing its capacity to heal, renew, and inspire.	\N	gkt1i80jrk6jyqmk74j15h23o.webp	2024-02-28 00:52:33.200564+06	2024-02-28 00:52:33.200564+06	In the heart of natural wellness lies a practice both ancient and profound—Hijama therapy, a method that seamlessly integrates the principles of traditional healing with the intrinsic healing powers of nature. "Nature's Embrace: The Synergy of Hijama Therapy and Natural Healing" delves into how this age-old technique harmonizes with natural elements to foster healing, balance, and rejuvenation.\n\nThe Natural Philosophy Behind Hijama\nHijama, or cupping therapy, is more than just a physical treatment; it is a reflection of nature's own processes—promoting balance, removing impurities, and facilitating renewal. This therapy mirrors the cyclical patterns of the natural world, where renewal and purification are constant. By creating suction on the skin, Hijama encourages the body to purge toxins and stimulates the flow of fresh, oxygenated blood, akin to the refreshing currents of a clear stream.\n\nThe Elemental Connection\nIncorporating Hijama therapy into a natural healing regimen strengthens one's connection with the elemental forces. The cups used in the therapy, often made from natural materials like bamboo or glass, act as conduits for harnessing the body's innate healing energy. The warmth and suction resemble the embrace of Earth's nurturing forces, drawing out stagnation and infusing the body with vitality.\n\nIntegrating Hijama with Natural Surroundings\nThe ideal Hijama experience transcends the confines of a traditional therapy room, venturing into spaces where nature's presence is palpable. Some Hijama centers are situated amidst lush gardens or near flowing waters, offering sessions in environments where the air is filled with the soothing sounds of nature. This setting enhances the therapeutic effects of Hijama, as the tranquility of nature contributes to deep relaxation and mental clarity.\n\nThe Holistic Impact of Nature-Infused Hijama\nEngaging in Hijama therapy within a natural context or integrating natural elements into the session amplifies its benefits. The serene ambiance aids in releasing emotional blockages, reducing stress, and fostering a sense of peace. This holistic approach not only targets physical ailments but also nourishes the soul, aligning the individual with the rhythmic flow of the natural world.\n\nEmbracing Natural Wellness through Hijama\n"Nature's Embrace: The Synergy of Hijama Therapy and Natural Healing" invites individuals to explore a path of wellness that is deeply rooted in the earth's wisdom. By combining the therapeutic power of Hijama with the healing essence of nature, one embarks on a transformative journey towards optimal health and harmony. This synergy beckons us to rediscover our intrinsic connection to the natural world, embracing its capacity to heal, renew, and inspire.	\N	\N	Nature's Embrace: The Synergy of Hijama Therapy and Natural Healing	\N	\N
50	Harmonizing Energies: Hijama Therapy's Unexpected Fusion with Modern Rhythms	In a world where ancient traditions meet contemporary lifestyles, "Harmonizing Energies: Hijama Therapy's Unexpected Fusion with Modern Rhythms" explores the intriguing blend of Hijama, an age-old therapeutic practice, with the dynamic pace of today's life. This narrative delves into how Hijama therapy, rooted in centuries of healing wisdom, adapts and thrives within the eclectic tapestry of modern wellness trends.\n\nThe Timeless Art of Hijama\nHijama, or cupping therapy, is a testament to the enduring power of traditional medicine. Its foundation lies in creating suction on the skin to promote healing, detoxification, and the flow of vital energy. This practice, once confined to the annals of ancient healing modalities, is experiencing a renaissance, finding its place alongside contemporary health practices.\n\nThe Modern Twist\nThe resurgence of Hijama in modern times is not just a return to roots but a creative integration into the bustling rhythm of contemporary life. Urban Hijama centers are now juxtaposing the serene, methodical pace of cupping therapy with the fast-moving, high-energy environment of city life. This juxtaposition creates a unique sanctuary where time seems to slow down, offering a retreat from the relentless pace of the outside world.\n\nFusion with Modern Wellness Trends\nHijama's incorporation into modern wellness routines is marked by an innovative blend of techniques and philosophies. Practitioners are combining traditional cupping methods with cutting-edge health trends like biohacking, mindfulness, and holistic nutrition. This fusion not only enhances the effectiveness of Hijama but also makes it more accessible and relevant to a broader audience seeking comprehensive wellness solutions.\n\nThe Unexpected Synergy\nOne of the most captivating aspects of Hijama's integration into modern wellness is its unexpected synergy with contemporary technologies and practices. For instance, some practitioners use digital mapping of the body's meridians to pinpoint the most effective cupping sites, combining ancient wisdom with modern precision. Additionally, the therapeutic ambiance of Hijama sessions is often enriched with contemporary elements like ambient music, aromatherapy, and light therapy, creating a multi-sensory experience that appeals to the modern sensibility.\n\nEmbracing the Duality\n"Harmonizing Energies: Hijama Therapy's Unexpected Fusion with Modern Rhythms" celebrates the duality of Hijama therapy—its deep roots in tradition and its vibrant expression in the modern world. This narrative encourages individuals to embrace the holistic benefits of Hijama, not as a relic of the past but as a living, evolving practice that resonates with the complexities and challenges of contemporary life. In this fusion, Hijama becomes more than just a therapy; it is a bridge between the ancient and the modern, offering a path to balance, healing, and harmony in an ever-changing world.	\N	lfxw316qxcepcdp1upp2el5cn.webp	2024-02-28 00:53:34.507749+06	2024-02-28 00:53:34.507749+06	In a world where ancient traditions meet contemporary lifestyles, "Harmonizing Energies: Hijama Therapy's Unexpected Fusion with Modern Rhythms" explores the intriguing blend of Hijama, an age-old therapeutic practice, with the dynamic pace of today's life. This narrative delves into how Hijama therapy, rooted in centuries of healing wisdom, adapts and thrives within the eclectic tapestry of modern wellness trends.\n\nThe Timeless Art of Hijama\nHijama, or cupping therapy, is a testament to the enduring power of traditional medicine. Its foundation lies in creating suction on the skin to promote healing, detoxification, and the flow of vital energy. This practice, once confined to the annals of ancient healing modalities, is experiencing a renaissance, finding its place alongside contemporary health practices.\n\nThe Modern Twist\nThe resurgence of Hijama in modern times is not just a return to roots but a creative integration into the bustling rhythm of contemporary life. Urban Hijama centers are now juxtaposing the serene, methodical pace of cupping therapy with the fast-moving, high-energy environment of city life. This juxtaposition creates a unique sanctuary where time seems to slow down, offering a retreat from the relentless pace of the outside world.\n\nFusion with Modern Wellness Trends\nHijama's incorporation into modern wellness routines is marked by an innovative blend of techniques and philosophies. Practitioners are combining traditional cupping methods with cutting-edge health trends like biohacking, mindfulness, and holistic nutrition. This fusion not only enhances the effectiveness of Hijama but also makes it more accessible and relevant to a broader audience seeking comprehensive wellness solutions.\n\nThe Unexpected Synergy\nOne of the most captivating aspects of Hijama's integration into modern wellness is its unexpected synergy with contemporary technologies and practices. For instance, some practitioners use digital mapping of the body's meridians to pinpoint the most effective cupping sites, combining ancient wisdom with modern precision. Additionally, the therapeutic ambiance of Hijama sessions is often enriched with contemporary elements like ambient music, aromatherapy, and light therapy, creating a multi-sensory experience that appeals to the modern sensibility.\n\nEmbracing the Duality\n"Harmonizing Energies: Hijama Therapy's Unexpected Fusion with Modern Rhythms" celebrates the duality of Hijama therapy—its deep roots in tradition and its vibrant expression in the modern world. This narrative encourages individuals to embrace the holistic benefits of Hijama, not as a relic of the past but as a living, evolving practice that resonates with the complexities and challenges of contemporary life. In this fusion, Hijama becomes more than just a therapy; it is a bridge between the ancient and the modern, offering a path to balance, healing, and harmony in an ever-changing world.	\N	\N	Harmonizing Energies: Hijama Therapy's Unexpected Fusion with Modern Rhythms	\N	\N
51	Harmonizing Energies: Hijama Therapy's Unexpected Fusion with Modern Rhythms	In a world where ancient traditions meet contemporary lifestyles, "Harmonizing Energies: Hijama Therapy's Unexpected Fusion with Modern Rhythms" explores the intriguing blend of Hijama, an age-old therapeutic practice, with the dynamic pace of today's life. This narrative delves into how Hijama therapy, rooted in centuries of healing wisdom, adapts and thrives within the eclectic tapestry of modern wellness trends.\n\nThe Timeless Art of Hijama\nHijama, or cupping therapy, is a testament to the enduring power of traditional medicine. Its foundation lies in creating suction on the skin to promote healing, detoxification, and the flow of vital energy. This practice, once confined to the annals of ancient healing modalities, is experiencing a renaissance, finding its place alongside contemporary health practices.\n\nThe Modern Twist\nThe resurgence of Hijama in modern times is not just a return to roots but a creative integration into the bustling rhythm of contemporary life. Urban Hijama centers are now juxtaposing the serene, methodical pace of cupping therapy with the fast-moving, high-energy environment of city life. This juxtaposition creates a unique sanctuary where time seems to slow down, offering a retreat from the relentless pace of the outside world.\n\nFusion with Modern Wellness Trends\nHijama's incorporation into modern wellness routines is marked by an innovative blend of techniques and philosophies. Practitioners are combining traditional cupping methods with cutting-edge health trends like biohacking, mindfulness, and holistic nutrition. This fusion not only enhances the effectiveness of Hijama but also makes it more accessible and relevant to a broader audience seeking comprehensive wellness solutions.\n\nThe Unexpected Synergy\nOne of the most captivating aspects of Hijama's integration into modern wellness is its unexpected synergy with contemporary technologies and practices. For instance, some practitioners use digital mapping of the body's meridians to pinpoint the most effective cupping sites, combining ancient wisdom with modern precision. Additionally, the therapeutic ambiance of Hijama sessions is often enriched with contemporary elements like ambient music, aromatherapy, and light therapy, creating a multi-sensory experience that appeals to the modern sensibility.\n\nEmbracing the Duality\n"Harmonizing Energies: Hijama Therapy's Unexpected Fusion with Modern Rhythms" celebrates the duality of Hijama therapy—its deep roots in tradition and its vibrant expression in the modern world. This narrative encourages individuals to embrace the holistic benefits of Hijama, not as a relic of the past but as a living, evolving practice that resonates with the complexities and challenges of contemporary life. In this fusion, Hijama becomes more than just a therapy; it is a bridge between the ancient and the modern, offering a path to balance, healing, and harmony in an ever-changing world.	\N	o5kqrmaivcjtqj810c0j7ojs8.webp	2024-02-28 00:53:47.141973+06	2024-02-28 00:53:47.141973+06	In a world where ancient traditions meet contemporary lifestyles, "Harmonizing Energies: Hijama Therapy's Unexpected Fusion with Modern Rhythms" explores the intriguing blend of Hijama, an age-old therapeutic practice, with the dynamic pace of today's life. This narrative delves into how Hijama therapy, rooted in centuries of healing wisdom, adapts and thrives within the eclectic tapestry of modern wellness trends.\n\nThe Timeless Art of Hijama\nHijama, or cupping therapy, is a testament to the enduring power of traditional medicine. Its foundation lies in creating suction on the skin to promote healing, detoxification, and the flow of vital energy. This practice, once confined to the annals of ancient healing modalities, is experiencing a renaissance, finding its place alongside contemporary health practices.\n\nThe Modern Twist\nThe resurgence of Hijama in modern times is not just a return to roots but a creative integration into the bustling rhythm of contemporary life. Urban Hijama centers are now juxtaposing the serene, methodical pace of cupping therapy with the fast-moving, high-energy environment of city life. This juxtaposition creates a unique sanctuary where time seems to slow down, offering a retreat from the relentless pace of the outside world.\n\nFusion with Modern Wellness Trends\nHijama's incorporation into modern wellness routines is marked by an innovative blend of techniques and philosophies. Practitioners are combining traditional cupping methods with cutting-edge health trends like biohacking, mindfulness, and holistic nutrition. This fusion not only enhances the effectiveness of Hijama but also makes it more accessible and relevant to a broader audience seeking comprehensive wellness solutions.\n\nThe Unexpected Synergy\nOne of the most captivating aspects of Hijama's integration into modern wellness is its unexpected synergy with contemporary technologies and practices. For instance, some practitioners use digital mapping of the body's meridians to pinpoint the most effective cupping sites, combining ancient wisdom with modern precision. Additionally, the therapeutic ambiance of Hijama sessions is often enriched with contemporary elements like ambient music, aromatherapy, and light therapy, creating a multi-sensory experience that appeals to the modern sensibility.\n\nEmbracing the Duality\n"Harmonizing Energies: Hijama Therapy's Unexpected Fusion with Modern Rhythms" celebrates the duality of Hijama therapy—its deep roots in tradition and its vibrant expression in the modern world. This narrative encourages individuals to embrace the holistic benefits of Hijama, not as a relic of the past but as a living, evolving practice that resonates with the complexities and challenges of contemporary life. In this fusion, Hijama becomes more than just a therapy; it is a bridge between the ancient and the modern, offering a path to balance, healing, and harmony in an ever-changing world.	\N	\N	Harmonizing Energies: Hijama Therapy's Unexpected Fusion with Modern Rhythms	\N	\N
52	Peak Wellness: The Revitalizing Power of Hijama Amidst Mountain Serenity	Peak Wellness: The Revitalizing Power of Hijama Amidst Mountain Serenity	\N	t38ueigztezuepf70h5d2wkzd.webp	2024-02-28 00:54:53.547718+06	2024-02-28 00:54:53.547718+06	Peak Wellness: The Revitalizing Power of Hijama Amidst Mountain Serenity	\N	\N	Peak Wellness: The Revitalizing Power of Hijama Amidst Mountain Serenity	\N	\N
53	Peak Wellness: The Revitalizing Power of Hijama Amidst Mountain Serenity	Nestled in the tranquility of towering peaks, "Peak Wellness: The Revitalizing Power of Hijama Amidst Mountain Serenity" uncovers the profound healing journey of Hijama therapy, enhanced by the majestic backdrop of mountains. This narrative invites readers into a serene world where the ancient art of cupping therapy merges with the pure, invigorating energy of alpine landscapes, offering a unique and powerful path to wellness.\n\nHijama: A Sanctuary in the Mountains\nImagine a Hijama center, cradled by the protective embrace of mountains, where the air is crisp and the silence is punctuated only by the gentle whispers of nature. Here, the practice of Hijama transcends its traditional boundaries, becoming an integral part of a holistic mountain retreat. The natural setting amplifies the therapy's detoxifying and rejuvenating effects, creating a synergy between the body's inner workings and the external serenity.\n\nThe Healing Influence of Altitude\nThe elevated environment plays a pivotal role in the Hijama experience. At higher altitudes, the body adjusts to the thinner air by boosting blood flow and oxygen delivery. When combined with Hijama, which inherently enhances circulation, the therapy's efficacy is magnified. Clients experience a deeper sense of revitalization, as the enhanced blood flow works in harmony with Hijama's mechanisms to detoxify and heal the body more effectively.\n\nEmbracing Nature's Rhythms\nThe rhythmic patterns of nature in the mountains—changing skies, drifting clouds, and the ebb and flow of wildlife—mirror the body's own rhythms, creating a profound sense of connection during the Hijama session. This connection fosters a deeper introspection and meditative state, enhancing the therapeutic benefits. The natural soundscape, from rustling leaves to distant birdcalls, further aids in relaxation, allowing clients to achieve a state of deep calm and receptivity to the healing process.\n\nThe Symbiosis with Mountain Elements\nIn this unique setting, Hijama therapy often incorporates elements of the surrounding environment, such as using mountain spring water for cleansing the skin before and after the session, or integrating herbal remedies sourced from local flora into the treatment. This symbiotic relationship with the mountain's natural resources not only enhances the therapy's effectiveness but also deepens the individual's connection to the natural world.\n\nConclusion: The Mountain Retreat Experience\n"Peak Wellness: The Revitalizing Power of Hijama Amidst Mountain Serenity" paints a picture of a healing journey that is both grounded in ancient practices and uplifted by the sublime beauty of nature. The mountain setting, with its pure air, natural tranquility, and elemental forces, provides an unparalleled backdrop for Hijama therapy, inviting individuals to explore new depths of health and well-being. In this sacred space, where the earth meets the sky, the practice of Hijama becomes a transformative experience, harmonizing the body, mind, and spirit with the timeless rhythms of the natural world.	\N	1jpajvlfwfm1fbay75o3z63wr.webp	2024-02-28 00:55:04.373453+06	2024-02-28 00:55:04.373453+06	Nestled in the tranquility of towering peaks, "Peak Wellness: The Revitalizing Power of Hijama Amidst Mountain Serenity" uncovers the profound healing journey of Hijama therapy, enhanced by the majestic backdrop of mountains. This narrative invites readers into a serene world where the ancient art of cupping therapy merges with the pure, invigorating energy of alpine landscapes, offering a unique and powerful path to wellness.\n\nHijama: A Sanctuary in the Mountains\nImagine a Hijama center, cradled by the protective embrace of mountains, where the air is crisp and the silence is punctuated only by the gentle whispers of nature. Here, the practice of Hijama transcends its traditional boundaries, becoming an integral part of a holistic mountain retreat. The natural setting amplifies the therapy's detoxifying and rejuvenating effects, creating a synergy between the body's inner workings and the external serenity.\n\nThe Healing Influence of Altitude\nThe elevated environment plays a pivotal role in the Hijama experience. At higher altitudes, the body adjusts to the thinner air by boosting blood flow and oxygen delivery. When combined with Hijama, which inherently enhances circulation, the therapy's efficacy is magnified. Clients experience a deeper sense of revitalization, as the enhanced blood flow works in harmony with Hijama's mechanisms to detoxify and heal the body more effectively.\n\nEmbracing Nature's Rhythms\nThe rhythmic patterns of nature in the mountains—changing skies, drifting clouds, and the ebb and flow of wildlife—mirror the body's own rhythms, creating a profound sense of connection during the Hijama session. This connection fosters a deeper introspection and meditative state, enhancing the therapeutic benefits. The natural soundscape, from rustling leaves to distant birdcalls, further aids in relaxation, allowing clients to achieve a state of deep calm and receptivity to the healing process.\n\nThe Symbiosis with Mountain Elements\nIn this unique setting, Hijama therapy often incorporates elements of the surrounding environment, such as using mountain spring water for cleansing the skin before and after the session, or integrating herbal remedies sourced from local flora into the treatment. This symbiotic relationship with the mountain's natural resources not only enhances the therapy's effectiveness but also deepens the individual's connection to the natural world.\n\nConclusion: The Mountain Retreat Experience\n"Peak Wellness: The Revitalizing Power of Hijama Amidst Mountain Serenity" paints a picture of a healing journey that is both grounded in ancient practices and uplifted by the sublime beauty of nature. The mountain setting, with its pure air, natural tranquility, and elemental forces, provides an unparalleled backdrop for Hijama therapy, inviting individuals to explore new depths of health and well-being. In this sacred space, where the earth meets the sky, the practice of Hijama becomes a transformative experience, harmonizing the body, mind, and spirit with the timeless rhythms of the natural world.	\N	\N	Peak Wellness: The Revitalizing Power of Hijama Amidst Mountain Serenity	\N	\N
54	Nomadic Harmony: The Roots of Hijama in Kazakh Traditions	In the vast tapestry of nomadic culture, where the earth's rhythms guide life's ebb and flow, "Nomadic Harmony: The Roots of Hijama in Kazakh Traditions" explores the integral role of Hijama therapy within the nomadic and Kazakh way of life. This narrative delves into the ancient practice of cupping therapy, highlighting its significance and adaptation within the nomadic lifestyle, particularly among the Kazakh people, who have long harnessed the natural world's healing powers.\n\nHijama: A Nomadic Heritage\nThe practice of Hijama, deeply woven into the fabric of traditional Kazakh medicine, reflects the nomadic ethos of living in harmony with nature. For the Kazakh nomads, the body and the natural world are interconnected, and healing practices such as Hijama are considered essential for maintaining this balance. The mobility of the nomadic lifestyle, with its inherent challenges and the need for resilience, finds a natural ally in Hijama therapy, known for its restorative and strengthening benefits.\n\nAdaptation and Mobility\nIn the nomadic context, Hijama therapy is uniquely adapted to suit a lifestyle that is always on the move. Portable cupping sets, often made from materials readily available in the natural environment, such as animal horns, are a testament to the ingenuity of nomadic practitioners. These traditional tools not only facilitate the practice of Hijama in the ever-changing landscapes of the Kazakh steppes but also imbue the therapy with the essence of the land and the life it sustains.\n\nThe Kazakh Connection\nAmong the Kazakh people, Hijama is more than just a physical treatment; it is a holistic approach to health that encompasses physical, spiritual, and emotional well-being. The therapy is often integrated with other traditional healing practices, including herbal medicine and spiritual healing rituals, creating a comprehensive health care system that is deeply rooted in Kazakh cultural beliefs and practices.\n\nSeasonal and Environmental Synergy\nThe timing and application of Hijama in nomadic and Kazakh traditions are closely tied to the natural cycles and environmental conditions. Seasonal changes, particularly the transition from winter to spring, are considered optimal times for Hijama, as they coincide with the body's natural inclination towards cleansing and renewal. This alignment with the cycles of nature underscores the profound understanding nomadic cultures have of the interconnectedness of health and the environment.\n\nPreserving Tradition in a Modern World\n"Nomadic Harmony: The Roots of Hijama in Kazakh Traditions" is not only a celebration of this ancient practice but also a call to preserve the rich cultural heritage it represents. As the world becomes increasingly globalized, the knowledge and traditions of nomadic cultures like the Kazakh offer invaluable insights into holistic health and the importance of living in harmony with the natural world. By exploring and honoring the roots of Hijama in nomadic and Kazakh traditions, we can find enduring wisdom for nurturing health and well-being in our contemporary lives.	\N	63v0bawcx9f307o1qb04mmg6x.webp	2024-02-28 00:57:45.197641+06	2024-02-28 00:57:45.197641+06	In the vast tapestry of nomadic culture, where the earth's rhythms guide life's ebb and flow, "Nomadic Harmony: The Roots of Hijama in Kazakh Traditions" explores the integral role of Hijama therapy within the nomadic and Kazakh way of life. This narrative delves into the ancient practice of cupping therapy, highlighting its significance and adaptation within the nomadic lifestyle, particularly among the Kazakh people, who have long harnessed the natural world's healing powers.\n\nHijama: A Nomadic Heritage\nThe practice of Hijama, deeply woven into the fabric of traditional Kazakh medicine, reflects the nomadic ethos of living in harmony with nature. For the Kazakh nomads, the body and the natural world are interconnected, and healing practices such as Hijama are considered essential for maintaining this balance. The mobility of the nomadic lifestyle, with its inherent challenges and the need for resilience, finds a natural ally in Hijama therapy, known for its restorative and strengthening benefits.\n\nAdaptation and Mobility\nIn the nomadic context, Hijama therapy is uniquely adapted to suit a lifestyle that is always on the move. Portable cupping sets, often made from materials readily available in the natural environment, such as animal horns, are a testament to the ingenuity of nomadic practitioners. These traditional tools not only facilitate the practice of Hijama in the ever-changing landscapes of the Kazakh steppes but also imbue the therapy with the essence of the land and the life it sustains.\n\nThe Kazakh Connection\nAmong the Kazakh people, Hijama is more than just a physical treatment; it is a holistic approach to health that encompasses physical, spiritual, and emotional well-being. The therapy is often integrated with other traditional healing practices, including herbal medicine and spiritual healing rituals, creating a comprehensive health care system that is deeply rooted in Kazakh cultural beliefs and practices.\n\nSeasonal and Environmental Synergy\nThe timing and application of Hijama in nomadic and Kazakh traditions are closely tied to the natural cycles and environmental conditions. Seasonal changes, particularly the transition from winter to spring, are considered optimal times for Hijama, as they coincide with the body's natural inclination towards cleansing and renewal. This alignment with the cycles of nature underscores the profound understanding nomadic cultures have of the interconnectedness of health and the environment.\n\nPreserving Tradition in a Modern World\n"Nomadic Harmony: The Roots of Hijama in Kazakh Traditions" is not only a celebration of this ancient practice but also a call to preserve the rich cultural heritage it represents. As the world becomes increasingly globalized, the knowledge and traditions of nomadic cultures like the Kazakh offer invaluable insights into holistic health and the importance of living in harmony with the natural world. By exploring and honoring the roots of Hijama in nomadic and Kazakh traditions, we can find enduring wisdom for nurturing health and well-being in our contemporary lives.	\N	\N	Nomadic Harmony: The Roots of Hijama in Kazakh Traditions	\N	\N
55	Eastern Healing Crossroads: The Asia Hijama Association and Its Kazakh Legacy	In the heart of Asia, where diverse cultures and ancient traditions converge, the "Eastern Healing Crossroads: The Asia Hijama Association and Its Kazakh Legacy" narrates the pivotal role of the Asia Hijama Association in preserving and promoting the traditional practice of Hijama, with a special emphasis on its deep-rooted connections to Kazakh healing traditions. This exploration sheds light on the association's efforts to integrate Hijama into the broader spectrum of Asian therapeutic practices while honoring its Kazakh heritage.\n\nBridging Traditions: The Asia Hijama Association\nThe Asia Hijama Association stands at the forefront of a movement to bridge traditional and contemporary healing modalities across the continent. Recognizing the rich tapestry of cultural practices in Asia, the association is dedicated to the standardization, education, and research of Hijama therapy. It serves as a beacon for practitioners and enthusiasts alike, aiming to foster a deeper understanding and appreciation of this ancient healing art.\n\nThe Kazakh Connection\nKazakh healing traditions, with Hijama therapy as a cornerstone, offer a unique perspective on health and wellness deeply intertwined with the natural world and the nomadic way of life. The Asia Hijama Association acknowledges this heritage by incorporating Kazakh methodologies and philosophies into its broader curriculum. This inclusion not only enriches the association's knowledge base but also pays homage to the historical significance of Hijama within Kazakh culture.\n\nPromoting Cultural Exchange\nOne of the association's key initiatives is to facilitate cultural exchange and collaboration among practitioners from different Asian countries, including those from Kazakhstan. Workshops, conferences, and seminars serve as platforms for sharing knowledge, techniques, and experiences, fostering a sense of unity and mutual respect among diverse healing traditions. This collaborative environment encourages the integration of Kazakh Hijama practices with other Asian therapeutic techniques, creating a rich mosaic of healing wisdom.\n\nResearch and Documentation\nUnderstanding the importance of evidence-based practice, the Asia Hijama Association is committed to researching the clinical and holistic benefits of Hijama therapy. This includes exploring its historical roots in Kazakh and other Asian traditions. By documenting traditional practices and comparing them with modern scientific findings, the association aims to validate and elevate the status of Hijama therapy within the global health community.\n\nPreserving Heritage, Embracing the Future\n"Eastern Healing Crossroads: The Asia Hijama Association and Its Kazakh Legacy" highlights the association's dual mission: to preserve the ancient wisdom of Hijama therapy as practiced in Kazakh and other Asian traditions, and to adapt these practices for relevance in today's health-conscious world. Through education, collaboration, and research, the association not only safeguards a significant aspect of Kazakh cultural heritage but also paves the way for Hijama's integration into contemporary wellness paradigms.\n\nBy honoring the past while looking to the future, the Asia Hijama Association embodies the spirit of healing as a timeless journey, one that traverses borders, cultures, and generations, enriching the tapestry of global wellness with the enduring legacy of Kazakh tradition.	\N	kq510shajse486n6vl2cdg8w3.webp	2024-02-28 00:59:21.807368+06	2024-02-28 00:59:21.807368+06	In the heart of Asia, where diverse cultures and ancient traditions converge, the "Eastern Healing Crossroads: The Asia Hijama Association and Its Kazakh Legacy" narrates the pivotal role of the Asia Hijama Association in preserving and promoting the traditional practice of Hijama, with a special emphasis on its deep-rooted connections to Kazakh healing traditions. This exploration sheds light on the association's efforts to integrate Hijama into the broader spectrum of Asian therapeutic practices while honoring its Kazakh heritage.\n\nBridging Traditions: The Asia Hijama Association\nThe Asia Hijama Association stands at the forefront of a movement to bridge traditional and contemporary healing modalities across the continent. Recognizing the rich tapestry of cultural practices in Asia, the association is dedicated to the standardization, education, and research of Hijama therapy. It serves as a beacon for practitioners and enthusiasts alike, aiming to foster a deeper understanding and appreciation of this ancient healing art.\n\nThe Kazakh Connection\nKazakh healing traditions, with Hijama therapy as a cornerstone, offer a unique perspective on health and wellness deeply intertwined with the natural world and the nomadic way of life. The Asia Hijama Association acknowledges this heritage by incorporating Kazakh methodologies and philosophies into its broader curriculum. This inclusion not only enriches the association's knowledge base but also pays homage to the historical significance of Hijama within Kazakh culture.\n\nPromoting Cultural Exchange\nOne of the association's key initiatives is to facilitate cultural exchange and collaboration among practitioners from different Asian countries, including those from Kazakhstan. Workshops, conferences, and seminars serve as platforms for sharing knowledge, techniques, and experiences, fostering a sense of unity and mutual respect among diverse healing traditions. This collaborative environment encourages the integration of Kazakh Hijama practices with other Asian therapeutic techniques, creating a rich mosaic of healing wisdom.\n\nResearch and Documentation\nUnderstanding the importance of evidence-based practice, the Asia Hijama Association is committed to researching the clinical and holistic benefits of Hijama therapy. This includes exploring its historical roots in Kazakh and other Asian traditions. By documenting traditional practices and comparing them with modern scientific findings, the association aims to validate and elevate the status of Hijama therapy within the global health community.\n\nPreserving Heritage, Embracing the Future\n"Eastern Healing Crossroads: The Asia Hijama Association and Its Kazakh Legacy" highlights the association's dual mission: to preserve the ancient wisdom of Hijama therapy as practiced in Kazakh and other Asian traditions, and to adapt these practices for relevance in today's health-conscious world. Through education, collaboration, and research, the association not only safeguards a significant aspect of Kazakh cultural heritage but also paves the way for Hijama's integration into contemporary wellness paradigms.\n\nBy honoring the past while looking to the future, the Asia Hijama Association embodies the spirit of healing as a timeless journey, one that traverses borders, cultures, and generations, enriching the tapestry of global wellness with the enduring legacy of Kazakh tradition.	\N	\N	Eastern Healing Crossroads: The Asia Hijama Association and Its Kazakh Legacy	\N	\N
56	Legacy of Healing: Tracing the Roots of Medicine in Kazakhstan and Central Asia	The rich tapestry of Central Asian history is imbued with a profound legacy of healing traditions, with Kazakhstan playing a pivotal role in the evolution and dissemination of medical knowledge throughout the region. "Legacy of Healing: Tracing the Roots of Medicine in Kazakhstan and Central Asia" delves into the historical journey of medicine in this vast and diverse territory, highlighting the contributions and unique practices that have shaped the health and wellness landscape over the centuries.\n\nThe Cradle of Traditional Medicine\nCentral Asia, a crossroads of civilizations, has long been a melting pot of cultural and scientific exchange. Kazakhstan, at the heart of this region, has been instrumental in the development of traditional medicine, drawing from the vast array of nomadic, Persian, Indian, and Chinese healing practices. The synthesis of these diverse medical traditions has given rise to a unique healthcare system that is deeply rooted in the natural environment and the nomadic lifestyle of the Kazakh people.\n\nThe Silk Road: A Conduit for Medical Knowledge\nThe historic Silk Road, which traversed through Kazakhstan and its Central Asian neighbors, was not only a trade route for goods but also a channel for the exchange of medical ideas and practices. Healers, scholars, and traders brought with them knowledge of herbs, spices, and healing techniques, enriching the local medical practices. This exchange led to the integration of Ayurvedic, Persian, and Chinese medicinal concepts with the indigenous Kazakh healing traditions.\n\nShamanism and Folk Medicine\nShamanism, with its deep roots in Central Asian spirituality, played a significant role in the region's medical history. Kazakh shamans, or "baksy," were revered as healers and were known for their ability to communicate with the spirit world to diagnose and treat illnesses. Alongside shamanistic practices, folk medicine, utilizing local herbs and traditional healing methods, flourished among the nomadic tribes, passed down through generations as invaluable wisdom for maintaining health and well-being.\n\nThe Influence of Islamic Medicine\nThe spread of Islam across Central Asia in the early medieval period introduced new dimensions to the region's medical practices. Islamic medicine, with its emphasis on hygiene, diet, and the use of medicinal plants, complemented and enriched the existing traditions. The establishment of madrasas and hospitals in cities like Samarkand and Bukhara facilitated the further development and documentation of medical knowledge, blending Islamic principles with local healing practices.\n\nModernization and Preservation\nThe transition into the modern era brought significant changes to the healthcare landscape in Kazakhstan and Central Asia. The introduction of Western medicine and the establishment of formal medical institutions marked a new phase in healthcare delivery. However, there has been a growing recognition of the value of traditional medicine, leading to efforts to preserve and integrate these ancient practices within the modern healthcare system.\n\nConclusion: A Living Legacy\n"Legacy of Healing: Tracing the Roots of Medicine in Kazakhstan and Central Asia" celebrates the rich medical heritage of the region, a testament to the enduring power of traditional healing practices. As Kazakhstan and its Central Asian neighbors continue to navigate the challenges of modern healthcare, the legacy of their ancient medical traditions remains a vital source of knowledge, offering insights and alternatives that enrich the global tapestry of medicine.	\N	i9869ll5o8rbtzgw1mdkwwznm.webp	2024-02-28 01:01:39.694329+06	2024-02-28 01:01:39.694329+06	The rich tapestry of Central Asian history is imbued with a profound legacy of healing traditions, with Kazakhstan playing a pivotal role in the evolution and dissemination of medical knowledge throughout the region. "Legacy of Healing: Tracing the Roots of Medicine in Kazakhstan and Central Asia" delves into the historical journey of medicine in this vast and diverse territory, highlighting the contributions and unique practices that have shaped the health and wellness landscape over the centuries.\n\nThe Cradle of Traditional Medicine\nCentral Asia, a crossroads of civilizations, has long been a melting pot of cultural and scientific exchange. Kazakhstan, at the heart of this region, has been instrumental in the development of traditional medicine, drawing from the vast array of nomadic, Persian, Indian, and Chinese healing practices. The synthesis of these diverse medical traditions has given rise to a unique healthcare system that is deeply rooted in the natural environment and the nomadic lifestyle of the Kazakh people.\n\nThe Silk Road: A Conduit for Medical Knowledge\nThe historic Silk Road, which traversed through Kazakhstan and its Central Asian neighbors, was not only a trade route for goods but also a channel for the exchange of medical ideas and practices. Healers, scholars, and traders brought with them knowledge of herbs, spices, and healing techniques, enriching the local medical practices. This exchange led to the integration of Ayurvedic, Persian, and Chinese medicinal concepts with the indigenous Kazakh healing traditions.\n\nShamanism and Folk Medicine\nShamanism, with its deep roots in Central Asian spirituality, played a significant role in the region's medical history. Kazakh shamans, or "baksy," were revered as healers and were known for their ability to communicate with the spirit world to diagnose and treat illnesses. Alongside shamanistic practices, folk medicine, utilizing local herbs and traditional healing methods, flourished among the nomadic tribes, passed down through generations as invaluable wisdom for maintaining health and well-being.\n\nThe Influence of Islamic Medicine\nThe spread of Islam across Central Asia in the early medieval period introduced new dimensions to the region's medical practices. Islamic medicine, with its emphasis on hygiene, diet, and the use of medicinal plants, complemented and enriched the existing traditions. The establishment of madrasas and hospitals in cities like Samarkand and Bukhara facilitated the further development and documentation of medical knowledge, blending Islamic principles with local healing practices.\n\nModernization and Preservation\nThe transition into the modern era brought significant changes to the healthcare landscape in Kazakhstan and Central Asia. The introduction of Western medicine and the establishment of formal medical institutions marked a new phase in healthcare delivery. However, there has been a growing recognition of the value of traditional medicine, leading to efforts to preserve and integrate these ancient practices within the modern healthcare system.\n\nConclusion: A Living Legacy\n"Legacy of Healing: Tracing the Roots of Medicine in Kazakhstan and Central Asia" celebrates the rich medical heritage of the region, a testament to the enduring power of traditional healing practices. As Kazakhstan and its Central Asian neighbors continue to navigate the challenges of modern healthcare, the legacy of their ancient medical traditions remains a vital source of knowledge, offering insights and alternatives that enrich the global tapestry of medicine.	\N	\N	Legacy of Healing: Tracing the Roots of Medicine in Kazakhstan and Central Asia	\N	\N
57	Evaluating the Evolution: The Journey of Medicine in Central Asia with a Focus on Kazakhstan	The intricate mosaic of Central Asian history is significantly marked by the evolution of its medical practices, with Kazakhstan emerging as a central figure in the narrative. "Evaluating the Evolution: The Journey of Medicine in Central Asia with a Focus on Kazakhstan" delves into the historical progression and cultural influences that have shaped the region's medical traditions, highlighting Kazakhstan's pivotal role in this transformative journey.\n\nThe Ancient Foundations\nCentral Asia's medical heritage is deeply rooted in its rich tapestry of civilizations, from the ancient nomadic tribes to the great Silk Road cities. In Kazakhstan, the confluence of diverse cultures and traditions laid the groundwork for a unique medical system that harmonized the nomadic wisdom with practices from neighboring regions and empires. This synthesis of knowledge created a holistic approach to health, emphasizing harmony between the individual and their environment.\n\nThe Silk Road: A Medical Melting Pot\nThe Silk Road was instrumental in the cross-pollination of medical ideas and practices across Central Asia. As traders and scholars traversed this vast network, they brought with them medicinal herbs, texts, and techniques from as far as China, India, Persia, and the Arab world. Kazakhstan, straddling this historic route, became a fertile ground for the integration of these diverse healing systems, enriching its medical heritage.\n\nShamanic Traditions and Herbal Wisdom\nShamanism, with its deep spiritual roots, played a crucial role in the traditional medicine of Kazakhstan. Shamans, or "baksy," were not only spiritual guides but also healers who used rituals, herbs, and ancestral wisdom to treat ailments. This spiritual dimension of healing, coupled with an extensive knowledge of local flora, formed the backbone of Kazakh traditional medicine, reflecting a profound understanding of the natural world's healing potential.\n\nThe Islamic Golden Age and Its Influence\nThe spread of Islam across Central Asia during the medieval period introduced a new era of medical scholarship and practice. Islamic medicine, renowned for its emphasis on hygiene, diet, and a holistic approach to health, left a lasting imprint on the region. In Kazakhstan, Islamic medical principles were woven into the existing fabric of traditional medicine, leading to advancements in pharmacology, surgery, and medical ethics.	\N	gic4t4swy41kay35ybngw1d2l.webp	2024-02-28 01:03:30.932803+06	2024-02-28 01:03:30.932803+06	The intricate mosaic of Central Asian history is significantly marked by the evolution of its medical practices, with Kazakhstan emerging as a central figure in the narrative. "Evaluating the Evolution: The Journey of Medicine in Central Asia with a Focus on Kazakhstan" delves into the historical progression and cultural influences that have shaped the region's medical traditions, highlighting Kazakhstan's pivotal role in this transformative journey.\n\nThe Ancient Foundations\nCentral Asia's medical heritage is deeply rooted in its rich tapestry of civilizations, from the ancient nomadic tribes to the great Silk Road cities. In Kazakhstan, the confluence of diverse cultures and traditions laid the groundwork for a unique medical system that harmonized the nomadic wisdom with practices from neighboring regions and empires. This synthesis of knowledge created a holistic approach to health, emphasizing harmony between the individual and their environment.\n\nThe Silk Road: A Medical Melting Pot\nThe Silk Road was instrumental in the cross-pollination of medical ideas and practices across Central Asia. As traders and scholars traversed this vast network, they brought with them medicinal herbs, texts, and techniques from as far as China, India, Persia, and the Arab world. Kazakhstan, straddling this historic route, became a fertile ground for the integration of these diverse healing systems, enriching its medical heritage.\n\nShamanic Traditions and Herbal Wisdom\nShamanism, with its deep spiritual roots, played a crucial role in the traditional medicine of Kazakhstan. Shamans, or "baksy," were not only spiritual guides but also healers who used rituals, herbs, and ancestral wisdom to treat ailments. This spiritual dimension of healing, coupled with an extensive knowledge of local flora, formed the backbone of Kazakh traditional medicine, reflecting a profound understanding of the natural world's healing potential.\n\nThe Islamic Golden Age and Its Influence\nThe spread of Islam across Central Asia during the medieval period introduced a new era of medical scholarship and practice. Islamic medicine, renowned for its emphasis on hygiene, diet, and a holistic approach to health, left a lasting imprint on the region. In Kazakhstan, Islamic medical principles were woven into the existing fabric of traditional medicine, leading to advancements in pharmacology, surgery, and medical ethics.	\N	\N	Evaluating the Evolution: The Journey of Medicine in Central Asia with a Focus on Kazakhstan	\N	\N
58	Contemporary Crossroads: Navigating Modernity in Central Asia	The narrative of Central Asia in the 21st century is one of profound transformation and dynamic change, as the region navigates the complexities of modernity while striving to preserve its rich historical identity. "Contemporary Crossroads: Navigating Modernity in Central Asia" explores the multifaceted developments in political, economic, and social spheres that characterize the current era in this strategically significant and culturally rich region.\n\nPolitical Landscape: Sovereignty and Stability\nSince gaining independence from the Soviet Union in the early 1990s, the Central Asian republics of Kazakhstan, Kyrgyzstan, Uzbekistan, Tajikistan, and Turkmenistan have been on diverse political trajectories. Each nation has embarked on its path to sovereignty, grappling with issues of governance, democracy, and regional stability. While some have made strides towards political openness and reform, others maintain more authoritarian regimes, with varying implications for human rights and civic freedoms.\n\nEconomic Development: From Natural Resources to Diversification\nCentral Asia's economic landscape is historically dominated by its abundant natural resources, particularly oil, gas, and minerals. Kazakhstan and Turkmenistan, for example, have leveraged their energy reserves to fuel economic growth. However, there is a growing recognition of the need for economic diversification to ensure sustainable development. Initiatives aimed at expanding the tourism, agriculture, and technology sectors are increasingly prominent, reflecting a strategic shift towards a more balanced and resilient economic model.\n\nSocial Dynamics: Identity, Tradition, and Modernity\nThe social fabric of Central Asia is woven with the threads of diverse ethnic groups, languages, and traditions, coexisting with the forces of globalization and modernity. This juxtaposition raises questions about identity and cultural preservation in the face of rapid social change. Efforts to revive and sustain traditional arts, music, and literature are evident across the region, highlighting a collective desire to retain cultural heritage while embracing contemporary global influences.\n\nEnvironmental Challenges: Resource Management and Sustainability\nCentral Asia faces significant environmental challenges, including water scarcity, land degradation, and climate change impacts. The Aral Sea disaster, resulting from Soviet-era water diversion projects, remains a stark reminder of ecological mismanagement. Today, there is an increasing emphasis on sustainable resource use, environmental protection, and regional cooperation to address these critical issues, acknowledging the interconnectedness of Central Asian ecosystems and economies.	\N	9vedhet23byqpeipzrem45b01.webp	2024-02-28 01:05:30.156416+06	2024-02-28 01:05:30.156416+06	The narrative of Central Asia in the 21st century is one of profound transformation and dynamic change, as the region navigates the complexities of modernity while striving to preserve its rich historical identity. "Contemporary Crossroads: Navigating Modernity in Central Asia" explores the multifaceted developments in political, economic, and social spheres that characterize the current era in this strategically significant and culturally rich region.\n\nPolitical Landscape: Sovereignty and Stability\nSince gaining independence from the Soviet Union in the early 1990s, the Central Asian republics of Kazakhstan, Kyrgyzstan, Uzbekistan, Tajikistan, and Turkmenistan have been on diverse political trajectories. Each nation has embarked on its path to sovereignty, grappling with issues of governance, democracy, and regional stability. While some have made strides towards political openness and reform, others maintain more authoritarian regimes, with varying implications for human rights and civic freedoms.\n\nEconomic Development: From Natural Resources to Diversification\nCentral Asia's economic landscape is historically dominated by its abundant natural resources, particularly oil, gas, and minerals. Kazakhstan and Turkmenistan, for example, have leveraged their energy reserves to fuel economic growth. However, there is a growing recognition of the need for economic diversification to ensure sustainable development. Initiatives aimed at expanding the tourism, agriculture, and technology sectors are increasingly prominent, reflecting a strategic shift towards a more balanced and resilient economic model.\n\nSocial Dynamics: Identity, Tradition, and Modernity\nThe social fabric of Central Asia is woven with the threads of diverse ethnic groups, languages, and traditions, coexisting with the forces of globalization and modernity. This juxtaposition raises questions about identity and cultural preservation in the face of rapid social change. Efforts to revive and sustain traditional arts, music, and literature are evident across the region, highlighting a collective desire to retain cultural heritage while embracing contemporary global influences.\n\nEnvironmental Challenges: Resource Management and Sustainability\nCentral Asia faces significant environmental challenges, including water scarcity, land degradation, and climate change impacts. The Aral Sea disaster, resulting from Soviet-era water diversion projects, remains a stark reminder of ecological mismanagement. Today, there is an increasing emphasis on sustainable resource use, environmental protection, and regional cooperation to address these critical issues, acknowledging the interconnectedness of Central Asian ecosystems and economies.	\N	\N	Contemporary Crossroads: Navigating Modernity in Central Asia	\N	\N
\.


--
-- Data for Name: auth_group; Type: TABLE DATA; Schema: public; Owner: postgres
--

COPY public.auth_group (id, name) FROM stdin;
\.


--
-- Data for Name: auth_group_permissions; Type: TABLE DATA; Schema: public; Owner: postgres
--

COPY public.auth_group_permissions (id, group_id, permission_id) FROM stdin;
\.


--
-- Data for Name: auth_permission; Type: TABLE DATA; Schema: public; Owner: postgres
--

COPY public.auth_permission (id, name, content_type_id, codename) FROM stdin;
1	Can add log entry	1	add_logentry
2	Can change log entry	1	change_logentry
3	Can delete log entry	1	delete_logentry
4	Can view log entry	1	view_logentry
5	Can add permission	2	add_permission
6	Can change permission	2	change_permission
7	Can delete permission	2	delete_permission
8	Can view permission	2	view_permission
9	Can add group	3	add_group
10	Can change group	3	change_group
11	Can delete group	3	delete_group
12	Can view group	3	view_group
13	Can add content type	4	add_contenttype
14	Can change content type	4	change_contenttype
15	Can delete content type	4	delete_contenttype
16	Can view content type	4	view_contenttype
17	Can add session	5	add_session
18	Can change session	5	change_session
19	Can delete session	5	delete_session
20	Can view session	5	view_session
21	Can add financial	6	add_financial
22	Can change financial	6	change_financial
23	Can delete financial	6	delete_financial
24	Can view financial	6	view_financial
25	Can add user	7	add_individualmodel
26	Can change user	7	change_individualmodel
27	Can delete user	7	delete_individualmodel
28	Can view user	7	view_individualmodel
29	Can add blacklisted token	8	add_blacklistedtoken
30	Can change blacklisted token	8	change_blacklistedtoken
31	Can delete blacklisted token	8	delete_blacklistedtoken
32	Can view blacklisted token	8	view_blacklistedtoken
33	Can add outstanding token	9	add_outstandingtoken
34	Can change outstanding token	9	change_outstandingtoken
35	Can delete outstanding token	9	delete_outstandingtoken
36	Can view outstanding token	9	view_outstandingtoken
37	Can add appointment model	10	add_appointmentmodel
38	Can change appointment model	10	change_appointmentmodel
39	Can delete appointment model	10	delete_appointmentmodel
40	Can view appointment model	10	view_appointmentmodel
41	Can add push notification	11	add_pushnotification
42	Can change push notification	11	change_pushnotification
43	Can delete push notification	11	delete_pushnotification
44	Can view push notification	11	view_pushnotification
45	Can add FCM device	12	add_fcmdevice
46	Can change FCM device	12	change_fcmdevice
47	Can delete FCM device	12	delete_fcmdevice
48	Can view FCM device	12	view_fcmdevice
49	Can add device token	13	add_devicetoken
50	Can change device token	13	change_devicetoken
51	Can delete device token	13	delete_devicetoken
52	Can view device token	13	view_devicetoken
53	Can add article	14	add_article
54	Can change article	14	change_article
55	Can delete article	14	delete_article
56	Can view article	14	view_article
\.


--
-- Data for Name: django_admin_log; Type: TABLE DATA; Schema: public; Owner: postgres
--

COPY public.django_admin_log (id, action_time, object_id, object_repr, action_flag, change_message, content_type_id, user_id) FROM stdin;
1	2023-12-17 02:58:34.633084+06	2	test@gmail.com	2	[{"changed": {"fields": ["Role"]}}]	7	2
2	2023-12-17 02:58:46.281563+06	2	test@gmail.com	2	[{"changed": {"fields": ["Role"]}}]	7	2
3	2023-12-19 21:32:04.777382+06	20	Appointment for test2@gmail.com on 2023-12-19 at 15:40:00	2	[{"changed": {"fields": ["Status"]}}]	10	2
4	2024-02-02 23:57:26.384763+06	1	dsadsah321	3		13	2
5	2024-02-04 03:02:32.104817+06	1	FCMDevice for unknown user	1	[{"added": {}}]	12	2
6	2024-02-04 03:02:45.099047+06	1	FCMDevice for unknown user	2	[]	12	2
7	2024-02-04 03:03:04.806468+06	1	PushNotification object (1)	1	[{"added": {}}]	11	2
8	2024-02-04 03:05:58.002733+06	2	PushNotification object (2)	1	[{"added": {}}]	11	2
9	2024-02-04 03:06:53.162145+06	3	PushNotification object (3)	1	[{"added": {}}]	11	2
10	2024-02-04 03:13:10.009688+06	4	PushNotification object (4)	1	[{"added": {}}]	11	2
11	2024-02-04 03:15:52.035485+06	5	PushNotification object (5)	1	[{"added": {}}]	11	2
12	2024-02-04 03:20:04.641468+06	6	PushNotification object (6)	1	[{"added": {}}]	11	2
13	2024-02-04 03:23:08.001526+06	7	PushNotification object (7)	1	[{"added": {}}]	11	2
14	2024-02-04 03:23:52.85102+06	8	PushNotification object (8)	1	[{"added": {}}]	11	2
15	2024-02-04 03:27:40.487926+06	9	PushNotification object (9)	1	[{"added": {}}]	11	2
16	2024-02-04 03:28:36.693393+06	10	PushNotification object (10)	1	[{"added": {}}]	11	2
17	2024-02-04 03:29:06.212888+06	11	PushNotification object (11)	1	[{"added": {}}]	11	2
18	2024-02-04 03:29:17.151016+06	12	PushNotification object (12)	1	[{"added": {}}]	11	2
19	2024-02-04 03:31:26.945438+06	13	PushNotification object (13)	1	[{"added": {}}]	11	2
20	2024-02-04 03:31:41.419101+06	14	PushNotification object (14)	1	[{"added": {}}]	11	2
21	2024-02-04 03:32:58.563187+06	15	PushNotification object (15)	1	[{"added": {}}]	11	2
22	2024-02-04 03:33:10.993144+06	16	PushNotification object (16)	1	[{"added": {}}]	11	2
23	2024-02-04 03:33:24.017701+06	17	PushNotification object (17)	1	[{"added": {}}]	11	2
24	2024-02-04 03:37:14.777178+06	18	PushNotification object (18)	1	[{"added": {}}]	11	2
25	2024-02-04 03:37:22.043565+06	19	PushNotification object (19)	1	[{"added": {}}]	11	2
26	2024-02-04 03:37:41.866519+06	20	PushNotification object (20)	1	[{"added": {}}]	11	2
27	2024-02-04 21:28:51.747063+06	1	FCMDevice for unknown user	3		12	2
28	2024-02-04 21:34:22.916303+06	4	FCMDevice for unknown user	3		12	2
29	2024-02-04 21:34:22.923302+06	3	FCMDevice for unknown user	3		12	2
30	2024-02-04 21:34:22.925311+06	2	FCMDevice for test20@gmail.com	3		12	2
31	2024-02-04 21:35:44.558329+06	5	FCMDevice for unknown user	3		12	2
32	2024-02-04 21:36:52.110125+06	21	PushNotification object (21)	1	[{"added": {}}]	11	2
33	2024-02-04 21:37:06.861697+06	22	PushNotification object (22)	1	[{"added": {}}]	11	2
34	2024-02-04 21:37:16.127834+06	23	PushNotification object (23)	1	[{"added": {}}]	11	2
35	2024-02-04 21:37:23.128812+06	24	PushNotification object (24)	1	[{"added": {}}]	11	2
36	2024-02-04 21:37:49.713245+06	25	PushNotification object (25)	1	[{"added": {}}]	11	2
37	2024-02-04 21:38:19.53257+06	26	PushNotification object (26)	1	[{"added": {}}]	11	2
38	2024-02-04 23:53:22.200332+06	27	PushNotification object (27)	1	[{"added": {}}]	11	2
39	2024-02-04 23:58:11.586486+06	28	PushNotification object (28)	1	[{"added": {}}]	11	2
40	2024-02-05 00:01:03.788777+06	29	PushNotification object (29)	1	[{"added": {}}]	11	2
41	2024-02-05 00:05:31.309124+06	30	PushNotification object (30)	1	[{"added": {}}]	11	2
42	2024-02-05 00:08:46.3232+06	31	PushNotification object (31)	1	[{"added": {}}]	11	2
43	2024-02-05 00:10:48.240529+06	32	PushNotification object (32)	1	[{"added": {}}]	11	2
44	2024-02-05 00:12:45.763281+06	33	PushNotification object (33)	1	[{"added": {}}]	11	2
45	2024-02-05 00:30:59.6228+06	34	PushNotification object (34)	1	[{"added": {}}]	11	2
46	2024-02-05 00:32:16.003389+06	35	PushNotification object (35)	1	[{"added": {}}]	11	2
47	2024-02-05 00:32:48.161951+06	36	PushNotification object (36)	1	[{"added": {}}]	11	2
48	2024-02-05 00:35:19.725522+06	37	PushNotification object (37)	1	[{"added": {}}]	11	2
49	2024-02-05 02:32:00.655016+06	38	PushNotification object (38)	1	[{"added": {}}]	11	2
50	2024-02-05 02:33:01.017375+06	39	PushNotification object (39)	1	[{"added": {}}]	11	2
51	2024-02-05 02:36:12.002965+06	40	PushNotification object (40)	1	[{"added": {}}]	11	2
52	2024-02-05 02:36:12.119964+06	41	PushNotification object (41)	1	[{"added": {}}]	11	2
53	2024-02-05 02:38:15.401643+06	42	PushNotification object (42)	1	[{"added": {}}]	11	2
54	2024-02-05 19:17:00.502096+06	43	PushNotification object (43)	1	[{"added": {}}]	11	2
55	2024-02-05 19:28:47.404042+06	44	PushNotification object (44)	1	[{"added": {}}]	11	2
56	2024-02-05 19:32:17.650469+06	45	PushNotification object (45)	1	[{"added": {}}]	11	2
57	2024-02-05 19:36:50.535514+06	46	PushNotification object (46)	1	[{"added": {}}]	11	2
58	2024-02-05 19:37:39.373738+06	47	PushNotification object (47)	1	[{"added": {}}]	11	2
59	2024-02-05 19:40:19.661214+06	48	PushNotification object (48)	1	[{"added": {}}]	11	2
60	2024-02-05 19:40:34.517743+06	49	PushNotification object (49)	1	[{"added": {}}]	11	2
61	2024-02-05 19:40:57.962415+06	50	PushNotification object (50)	1	[{"added": {}}]	11	2
62	2024-02-05 19:41:18.555806+06	51	PushNotification object (51)	1	[{"added": {}}]	11	2
63	2024-02-05 19:42:19.794595+06	52	PushNotification object (52)	1	[{"added": {}}]	11	2
64	2024-02-05 19:42:50.207507+06	53	PushNotification object (53)	1	[{"added": {}}]	11	2
65	2024-02-05 19:43:19.055101+06	54	PushNotification object (54)	1	[{"added": {}}]	11	2
66	2024-02-05 19:43:23.324732+06	55	PushNotification object (55)	1	[{"added": {}}]	11	2
67	2024-02-05 19:43:38.134727+06	56	PushNotification object (56)	1	[{"added": {}}]	11	2
68	2024-02-05 19:43:47.25236+06	57	PushNotification object (57)	1	[{"added": {}}]	11	2
69	2024-02-05 19:44:03.203316+06	58	PushNotification object (58)	1	[{"added": {}}]	11	2
70	2024-02-05 19:44:14.78249+06	59	PushNotification object (59)	1	[{"added": {}}]	11	2
71	2024-02-05 19:44:34.964933+06	60	PushNotification object (60)	1	[{"added": {}}]	11	2
72	2024-02-05 19:45:00.681269+06	61	PushNotification object (61)	1	[{"added": {}}]	11	2
73	2024-02-05 19:45:10.428955+06	62	PushNotification object (62)	1	[{"added": {}}]	11	2
74	2024-02-05 19:47:33.739039+06	63	PushNotification object (63)	1	[{"added": {}}]	11	2
75	2024-02-05 19:47:43.513218+06	64	PushNotification object (64)	1	[{"added": {}}]	11	2
76	2024-02-05 19:48:19.705272+06	65	PushNotification object (65)	1	[{"added": {}}]	11	2
77	2024-02-05 19:48:42.215457+06	66	PushNotification object (66)	1	[{"added": {}}]	11	2
78	2024-02-05 19:48:51.419204+06	67	PushNotification object (67)	1	[{"added": {}}]	11	2
79	2024-02-05 19:49:03.30214+06	68	PushNotification object (68)	1	[{"added": {}}]	11	2
80	2024-02-05 19:49:33.566167+06	69	PushNotification object (69)	1	[{"added": {}}]	11	2
81	2024-02-05 19:49:55.507746+06	70	PushNotification object (70)	1	[{"added": {}}]	11	2
82	2024-02-05 19:50:17.140522+06	71	PushNotification object (71)	1	[{"added": {}}]	11	2
83	2024-02-05 19:50:59.322568+06	72	PushNotification object (72)	1	[{"added": {}}]	11	2
84	2024-02-05 19:51:22.56192+06	73	PushNotification object (73)	1	[{"added": {}}]	11	2
85	2024-02-05 20:28:33.626403+06	74	PushNotification object (74)	1	[{"added": {}}]	11	2
86	2024-02-05 20:29:23.368433+06	75	PushNotification object (75)	1	[{"added": {}}]	11	2
87	2024-02-05 20:30:12.923935+06	76	PushNotification object (76)	1	[{"added": {}}]	11	2
88	2024-02-05 20:30:54.362308+06	77	PushNotification object (77)	1	[{"added": {}}]	11	2
89	2024-02-05 20:31:20.098482+06	78	PushNotification object (78)	1	[{"added": {}}]	11	2
90	2024-02-05 20:31:27.97878+06	79	PushNotification object (79)	1	[{"added": {}}]	11	2
91	2024-02-05 20:33:57.989075+06	80	PushNotification object (80)	1	[{"added": {}}]	11	2
92	2024-02-05 20:34:14.529347+06	81	PushNotification object (81)	1	[{"added": {}}]	11	2
93	2024-02-05 20:34:26.829974+06	82	PushNotification object (82)	1	[{"added": {}}]	11	2
94	2024-02-05 20:34:51.579612+06	83	PushNotification object (83)	1	[{"added": {}}]	11	2
95	2024-02-05 20:35:02.370682+06	84	PushNotification object (84)	1	[{"added": {}}]	11	2
96	2024-02-05 20:35:17.999079+06	85	PushNotification object (85)	1	[{"added": {}}]	11	2
97	2024-02-05 20:35:58.671613+06	86	PushNotification object (86)	1	[{"added": {}}]	11	2
98	2024-02-05 20:36:08.219007+06	87	PushNotification object (87)	1	[{"added": {}}]	11	2
99	2024-02-05 20:36:19.520091+06	88	PushNotification object (88)	1	[{"added": {}}]	11	2
100	2024-02-05 20:38:13.174907+06	89	PushNotification object (89)	1	[{"added": {}}]	11	2
101	2024-02-05 20:38:29.153283+06	90	PushNotification object (90)	1	[{"added": {}}]	11	2
102	2024-02-05 20:38:42.90544+06	91	PushNotification object (91)	1	[{"added": {}}]	11	2
103	2024-02-05 20:38:48.990734+06	92	PushNotification object (92)	1	[{"added": {}}]	11	2
104	2024-02-05 20:38:56.972809+06	93	PushNotification object (93)	1	[{"added": {}}]	11	2
105	2024-02-05 20:39:19.649451+06	94	PushNotification object (94)	1	[{"added": {}}]	11	2
106	2024-02-05 20:39:37.65373+06	95	PushNotification object (95)	1	[{"added": {}}]	11	2
107	2024-02-05 20:40:02.187518+06	96	PushNotification object (96)	1	[{"added": {}}]	11	2
108	2024-02-05 20:40:52.053758+06	97	PushNotification object (97)	1	[{"added": {}}]	11	2
109	2024-02-05 20:41:00.32864+06	98	PushNotification object (98)	1	[{"added": {}}]	11	2
110	2024-02-05 20:41:06.021079+06	99	PushNotification object (99)	1	[{"added": {}}]	11	2
111	2024-02-05 20:41:11.429831+06	100	PushNotification object (100)	1	[{"added": {}}]	11	2
112	2024-02-05 20:41:25.252324+06	101	PushNotification object (101)	1	[{"added": {}}]	11	2
113	2024-02-06 20:57:42.564482+06	102	PushNotification object (102)	1	[{"added": {}}]	11	2
114	2024-02-06 20:58:23.071147+06	103	PushNotification object (103)	1	[{"added": {}}]	11	2
115	2024-02-06 20:58:48.546063+06	104	PushNotification object (104)	1	[{"added": {}}]	11	2
116	2024-02-06 20:59:01.261862+06	105	PushNotification object (105)	1	[{"added": {}}]	11	2
117	2024-02-06 20:59:19.460762+06	106	PushNotification object (106)	1	[{"added": {}}]	11	2
118	2024-02-06 21:00:21.352559+06	107	PushNotification object (107)	1	[{"added": {}}]	11	2
119	2024-02-06 21:05:10.537864+06	108	PushNotification object (108)	1	[{"added": {}}]	11	2
120	2024-02-06 21:06:05.336956+06	109	PushNotification object (109)	1	[{"added": {}}]	11	2
121	2024-02-06 21:26:41.6195+06	110	PushNotification object (110)	1	[{"added": {}}]	11	2
122	2024-02-06 21:27:32.908262+06	111	PushNotification object (111)	1	[{"added": {}}]	11	2
123	2024-02-06 21:28:41.052615+06	112	PushNotification object (112)	1	[{"added": {}}]	11	2
124	2024-02-06 21:29:38.883934+06	113	PushNotification object (113)	1	[{"added": {}}]	11	2
125	2024-02-06 21:30:37.646232+06	114	PushNotification object (114)	1	[{"added": {}}]	11	2
126	2024-02-06 21:31:35.639952+06	115	PushNotification object (115)	1	[{"added": {}}]	11	2
127	2024-02-06 21:35:54.612136+06	116	PushNotification object (116)	1	[{"added": {}}]	11	2
128	2024-02-06 21:36:28.666465+06	117	PushNotification object (117)	1	[{"added": {}}]	11	2
129	2024-02-06 21:37:45.251688+06	118	PushNotification object (118)	1	[{"added": {}}]	11	2
130	2024-02-06 21:38:22.390441+06	119	PushNotification object (119)	1	[{"added": {}}]	11	2
131	2024-02-06 21:38:49.562692+06	120	PushNotification object (120)	1	[{"added": {}}]	11	2
132	2024-02-06 21:39:10.891082+06	121	PushNotification object (121)	1	[{"added": {}}]	11	2
133	2024-02-06 21:46:27.795001+06	122	PushNotification object (122)	1	[{"added": {}}]	11	2
134	2024-02-06 22:15:11.660219+06	123	PushNotification object (123)	1	[{"added": {}}]	11	2
135	2024-02-06 22:16:00.907193+06	124	PushNotification object (124)	1	[{"added": {}}]	11	2
136	2024-02-06 22:16:22.001128+06	125	PushNotification object (125)	1	[{"added": {}}]	11	2
137	2024-02-06 22:34:36.74854+06	126	PushNotification object (126)	1	[{"added": {}}]	11	2
138	2024-02-07 02:57:25.287225+06	127	PushNotification object (127)	1	[{"added": {}}]	11	2
139	2024-02-07 02:57:58.460298+06	128	PushNotification object (128)	1	[{"added": {}}]	11	2
140	2024-02-07 02:58:28.861196+06	129	PushNotification object (129)	1	[{"added": {}}]	11	2
141	2024-02-07 02:58:39.597399+06	130	PushNotification object (130)	1	[{"added": {}}]	11	2
142	2024-02-07 02:59:04.140458+06	131	PushNotification object (131)	1	[{"added": {}}]	11	2
143	2024-02-07 03:00:21.936137+06	132	PushNotification object (132)	1	[{"added": {}}]	11	2
144	2024-02-07 03:01:19.448857+06	133	PushNotification object (133)	1	[{"added": {}}]	11	2
145	2024-02-07 03:02:56.958974+06	134	PushNotification object (134)	1	[{"added": {}}]	11	2
146	2024-02-07 03:03:11.164687+06	135	PushNotification object (135)	1	[{"added": {}}]	11	2
147	2024-02-07 03:03:22.085568+06	136	PushNotification object (136)	1	[{"added": {}}]	11	2
148	2024-02-07 03:04:00.074047+06	137	PushNotification object (137)	1	[{"added": {}}]	11	2
149	2024-02-07 03:04:20.643028+06	138	PushNotification object (138)	1	[{"added": {}}]	11	2
150	2024-02-07 03:07:29.880491+06	139	PushNotification object (139)	1	[{"added": {}}]	11	2
151	2024-02-07 03:07:44.513946+06	140	PushNotification object (140)	1	[{"added": {}}]	11	2
152	2024-02-07 03:12:00.213767+06	141	PushNotification object (141)	1	[{"added": {}}]	11	2
153	2024-02-07 03:17:06.143534+06	142	PushNotification object (142)	1	[{"added": {}}]	11	2
154	2024-02-07 03:17:33.843172+06	143	PushNotification object (143)	1	[{"added": {}}]	11	2
155	2024-02-07 03:20:54.978863+06	144	PushNotification object (144)	1	[{"added": {}}]	11	2
156	2024-02-07 03:21:19.826042+06	145	PushNotification object (145)	1	[{"added": {}}]	11	2
157	2024-02-07 03:21:42.646884+06	146	PushNotification object (146)	1	[{"added": {}}]	11	2
158	2024-02-07 03:25:18.850659+06	147	PushNotification object (147)	1	[{"added": {}}]	11	2
159	2024-02-07 03:32:35.027247+06	148	PushNotification object (148)	1	[{"added": {}}]	11	2
160	2024-02-07 03:33:05.290442+06	149	PushNotification object (149)	1	[{"added": {}}]	11	2
161	2024-02-07 03:49:30.316919+06	150	PushNotification object (150)	1	[{"added": {}}]	11	2
162	2024-02-07 03:50:55.60745+06	151	PushNotification object (151)	1	[{"added": {}}]	11	2
163	2024-02-07 03:51:19.053478+06	152	PushNotification object (152)	1	[{"added": {}}]	11	2
164	2024-02-07 21:05:58.702465+06	153	PushNotification object (153)	1	[{"added": {}}]	11	2
165	2024-02-07 21:13:28.906779+06	154	PushNotification object (154)	1	[{"added": {}}]	11	2
166	2024-02-07 22:09:25.354855+06	155	PushNotification object (155)	1	[{"added": {}}]	11	2
167	2024-02-09 01:59:20.814386+06	156	PushNotification object (156)	1	[{"added": {}}]	11	2
168	2024-02-09 02:25:49.779635+06	157	PushNotification object (157)	1	[{"added": {}}]	11	2
169	2024-02-09 03:08:52.357263+06	158	PushNotification object (158)	1	[{"added": {}}]	11	2
170	2024-02-09 03:09:00.429572+06	159	PushNotification object (159)	1	[{"added": {}}]	11	2
171	2024-02-09 04:36:32.344716+06	160	PushNotification object (160)	1	[{"added": {}}]	11	2
172	2024-02-09 04:36:55.093098+06	161	PushNotification object (161)	1	[{"added": {}}]	11	2
173	2024-02-09 04:37:15.894034+06	162	PushNotification object (162)	1	[{"added": {}}]	11	2
174	2024-02-09 05:03:26.720865+06	163	PushNotification object (163)	1	[{"added": {}}]	11	2
175	2024-02-09 05:03:39.406314+06	164	PushNotification object (164)	1	[{"added": {}}]	11	2
176	2024-02-09 05:21:59.018064+06	165	PushNotification object (165)	1	[{"added": {}}]	11	2
177	2024-02-09 05:24:37.747602+06	166	PushNotification object (166)	1	[{"added": {}}]	11	2
178	2024-02-09 05:25:05.524736+06	167	PushNotification object (167)	1	[{"added": {}}]	11	2
179	2024-02-09 05:29:37.377756+06	168	PushNotification object (168)	1	[{"added": {}}]	11	2
180	2024-02-09 05:33:47.988104+06	169	PushNotification object (169)	1	[{"added": {}}]	11	2
181	2024-02-09 05:44:30.384054+06	170	PushNotification object (170)	1	[{"added": {}}]	11	2
182	2024-02-09 05:51:12.989877+06	171	PushNotification object (171)	1	[{"added": {}}]	11	2
183	2024-02-09 05:51:34.00213+06	172	PushNotification object (172)	1	[{"added": {}}]	11	2
184	2024-02-09 05:57:30.473189+06	173	PushNotification object (173)	1	[{"added": {}}]	11	2
185	2024-02-09 06:05:25.943754+06	174	PushNotification object (174)	1	[{"added": {}}]	11	2
186	2024-02-09 06:06:24.109535+06	175	PushNotification object (175)	1	[{"added": {}}]	11	2
187	2024-02-09 06:06:34.564892+06	176	PushNotification object (176)	1	[{"added": {}}]	11	2
188	2024-02-09 06:06:43.52636+06	177	PushNotification object (177)	1	[{"added": {}}]	11	2
189	2024-02-09 06:11:25.884746+06	178	PushNotification object (178)	1	[{"added": {}}]	11	2
190	2024-02-09 06:12:09.10464+06	179	PushNotification object (179)	1	[{"added": {}}]	11	2
191	2024-02-09 06:24:28.070943+06	180	PushNotification object (180)	1	[{"added": {}}]	11	2
192	2024-02-09 06:26:38.362778+06	181	PushNotification object (181)	1	[{"added": {}}]	11	2
193	2024-02-09 06:27:12.764059+06	182	PushNotification object (182)	1	[{"added": {}}]	11	2
194	2024-02-09 06:44:05.415313+06	183	PushNotification object (183)	1	[{"added": {}}]	11	2
195	2024-02-09 06:45:14.883999+06	184	PushNotification object (184)	1	[{"added": {}}]	11	2
196	2024-02-09 06:45:38.585175+06	185	PushNotification object (185)	1	[{"added": {}}]	11	2
197	2024-02-09 06:46:01.7154+06	186	PushNotification object (186)	1	[{"added": {}}]	11	2
198	2024-02-09 06:47:00.880506+06	187	PushNotification object (187)	1	[{"added": {}}]	11	2
199	2024-02-09 06:48:32.059345+06	188	PushNotification object (188)	1	[{"added": {}}]	11	2
200	2024-02-09 06:52:13.931323+06	189	PushNotification object (189)	1	[{"added": {}}]	11	2
201	2024-02-09 06:52:24.060767+06	190	PushNotification object (190)	1	[{"added": {}}]	11	2
202	2024-02-09 06:52:33.640345+06	191	PushNotification object (191)	1	[{"added": {}}]	11	2
203	2024-02-09 08:38:58.69126+06	192	PushNotification object (192)	1	[{"added": {}}]	11	2
204	2024-02-09 18:33:15.105868+06	193	PushNotification object (193)	1	[{"added": {}}]	11	2
205	2024-03-05 12:34:49.264295+06	59	English is powerful language	1	[{"added": {}}]	14	2
206	2024-03-05 12:35:55.05091+06	59	English is powerful language	2	[]	14	2
\.


--
-- Data for Name: django_content_type; Type: TABLE DATA; Schema: public; Owner: postgres
--

COPY public.django_content_type (id, app_label, model) FROM stdin;
1	admin	logentry
2	auth	permission
3	auth	group
4	contenttypes	contenttype
5	sessions	session
6	financial	financial
7	users	individualmodel
8	token_blacklist	blacklistedtoken
9	token_blacklist	outstandingtoken
10	users	appointmentmodel
11	users	pushnotification
12	fcm_django	fcmdevice
13	users	devicetoken
14	articles	article
\.


--
-- Data for Name: django_migrations; Type: TABLE DATA; Schema: public; Owner: postgres
--

COPY public.django_migrations (id, app, name, applied) FROM stdin;
1	contenttypes	0001_initial	2023-12-17 02:45:34.246147+06
2	contenttypes	0002_remove_content_type_name	2023-12-17 02:45:34.273883+06
3	auth	0001_initial	2023-12-17 02:45:34.41179+06
4	auth	0002_alter_permission_name_max_length	2023-12-17 02:45:34.419827+06
5	auth	0003_alter_user_email_max_length	2023-12-17 02:45:34.426931+06
6	auth	0004_alter_user_username_opts	2023-12-17 02:45:34.43333+06
7	auth	0005_alter_user_last_login_null	2023-12-17 02:45:34.439361+06
8	auth	0006_require_contenttypes_0002	2023-12-17 02:45:34.442331+06
9	auth	0007_alter_validators_add_error_messages	2023-12-17 02:45:34.448707+06
10	auth	0008_alter_user_username_max_length	2023-12-17 02:45:34.454329+06
11	auth	0009_alter_user_last_name_max_length	2023-12-17 02:45:34.459261+06
12	auth	0010_alter_group_name_max_length	2023-12-17 02:45:34.471221+06
13	auth	0011_update_proxy_permissions	2023-12-17 02:45:34.477262+06
14	auth	0012_alter_user_first_name_max_length	2023-12-17 02:45:34.485641+06
15	users	0001_initial	2023-12-17 02:45:34.558878+06
16	admin	0001_initial	2023-12-17 02:45:34.58988+06
17	admin	0002_logentry_remove_auto_add	2023-12-17 02:45:34.598913+06
18	admin	0003_logentry_add_action_flag_choices	2023-12-17 02:45:34.616875+06
19	financial	0001_initial	2023-12-17 02:45:34.629894+06
20	sessions	0001_initial	2023-12-17 02:45:34.650888+06
21	users	0002_individualmodel_is_staff	2023-12-17 02:50:40.604423+06
22	users	0003_alter_individualmodel_is_superuser_and_more	2023-12-17 02:54:52.975201+06
23	users	0004_alter_individualmodel_is_superuser	2023-12-17 21:18:26.843881+06
24	token_blacklist	0001_initial	2023-12-17 23:40:33.853172+06
25	token_blacklist	0002_outstandingtoken_jti_hex	2023-12-17 23:40:33.864646+06
26	token_blacklist	0003_auto_20171017_2007	2023-12-17 23:40:33.880421+06
27	token_blacklist	0004_auto_20171017_2013	2023-12-17 23:40:33.89742+06
28	token_blacklist	0005_remove_outstandingtoken_jti	2023-12-17 23:40:33.944989+06
29	token_blacklist	0006_auto_20171017_2113	2023-12-17 23:40:33.957988+06
30	token_blacklist	0007_auto_20171017_2214	2023-12-17 23:40:34.049688+06
31	token_blacklist	0008_migrate_to_bigautofield	2023-12-17 23:40:34.132228+06
32	token_blacklist	0010_fix_migrate_to_bigautofield	2023-12-17 23:40:34.154018+06
33	token_blacklist	0011_linearizes_history	2023-12-17 23:40:34.156977+06
34	token_blacklist	0012_alter_outstandingtoken_user	2023-12-17 23:40:34.166149+06
35	users	0005_appointmentmodel	2023-12-18 04:35:31.517229+06
36	users	0006_rename_notes_appointmentmodel_summary_and_more	2024-01-04 22:39:50.870488+06
37	users	0007_remove_appointmentmodel_appointment_date_and_more	2024-01-08 21:57:19.919075+06
38	users	0008_remove_appointmentmodel_appointment_time	2024-01-08 22:25:53.27968+06
39	fcm_django	0001_initial	2024-02-02 20:15:55.656914+06
40	fcm_django	0002_auto_20160808_1645	2024-02-02 20:15:55.692103+06
41	fcm_django	0003_auto_20170313_1314	2024-02-02 20:15:55.70811+06
42	fcm_django	0004_auto_20181128_1642	2024-02-02 20:15:55.718067+06
43	fcm_django	0005_auto_20170808_1145	2024-02-02 20:15:55.732067+06
44	fcm_django	0006_auto_20210802_1140	2024-02-02 20:15:55.747066+06
45	fcm_django	0007_auto_20211001_1440	2024-02-02 20:15:55.786068+06
46	fcm_django	0008_auto_20211224_1205	2024-02-02 20:15:55.900297+06
47	fcm_django	0009_alter_fcmdevice_user	2024-02-02 20:15:55.916524+06
48	fcm_django	0010_unique_registration_id	2024-02-02 20:15:55.938046+06
49	fcm_django	0011_fcmdevice_fcm_django_registration_id_user_id_idx	2024-02-02 20:15:55.950238+06
50	users	0009_pushnotification	2024-02-02 20:15:55.962032+06
51	users	0010_devicetoken	2024-02-02 23:18:21.848642+06
52	articles	0001_initial	2024-02-22 01:10:11.514596+06
53	articles	0002_article_create_date_article_modified_date	2024-02-22 01:28:30.880293+06
54	articles	0003_article_content_en_article_content_kk_and_more	2024-03-05 12:29:57.394442+06
55	articles	0004_populate_title_en	2024-03-05 13:11:04.980645+06
56	articles	0005_populate_content_en	2024-03-05 13:15:38.340254+06
\.


--
-- Data for Name: django_session; Type: TABLE DATA; Schema: public; Owner: postgres
--

COPY public.django_session (session_key, session_data, expire_date) FROM stdin;
lqo85xnmo5fj8bcktnr21yw4382d0xfp	.eJxVjMsOwiAQRf-FtSEMZXi4dO83kAEmUjWQlHZl_Hdt0oVu7znnvkSkba1xG7zEuYiz0OL0uyXKD247KHdqty5zb-syJ7kr8qBDXnvh5-Vw_w4qjfqtUwZD4NCjmhzDhC75YLwFG1AV0OSRCxCCAjDA2oSAzrFT7LUtOoj3B6PVNfk:1rFbk1:fEbWXoZ7Oz_tWAHAFxqW0MvMh1XjimvlpSYsdJCk6jY	2024-01-02 21:10:41.260115+06
xceiwwgygg5s8i52vdz1z2wpkfnxv56o	.eJxVjMsOwiAQRf-FtSEMZXi4dO83kAEmUjWQlHZl_Hdt0oVu7znnvkSkba1xG7zEuYiz0OL0uyXKD247KHdqty5zb-syJ7kr8qBDXnvh5-Vw_w4qjfqtUwZD4NCjmhzDhC75YLwFG1AV0OSRCxCCAjDA2oSAzrFT7LUtOoj3B6PVNfk:1rVuQ7:L2OTFM6G9XyFa-eUl3Zzb9jNSucNlM_8mlTNnbtadpA	2024-02-16 20:21:31.119839+06
vwq2ssgwwew8noes0ey9ir98bv87kb8p	.eJxVjMsOwiAQRf-FtSEMZXi4dO83kAEmUjWQlHZl_Hdt0oVu7znnvkSkba1xG7zEuYiz0OL0uyXKD247KHdqty5zb-syJ7kr8qBDXnvh5-Vw_w4qjfqtUwZD4NCjmhzDhC75YLwFG1AV0OSRCxCCAjDA2oSAzrFT7LUtOoj3B6PVNfk:1rWM2p:0LysRd_t97Th_RVj9AJC5452BwxOOoUTaDHxczpPU9k	2024-02-18 01:51:19.481049+06
4gcuabm791gun5wrd2ke0eanv9flp5gn	.eJxVjMsOwiAQRf-FtSEMZXi4dO83kAEmUjWQlHZl_Hdt0oVu7znnvkSkba1xG7zEuYiz0OL0uyXKD247KHdqty5zb-syJ7kr8qBDXnvh5-Vw_w4qjfqtUwZD4NCjmhzDhC75YLwFG1AV0OSRCxCCAjDA2oSAzrFT7LUtOoj3B6PVNfk:1rdBPf:E0nAjDpawQcr5hp2wJyq4ojvxfDW18z-s1KIpWRNG1E	2024-03-07 21:55:07.805059+06
lo9555wcrxfjzklfz2d9o0swfwobbgeg	.eJxVjMsOwiAQRf-FtSEMZXi4dO83kAEmUjWQlHZl_Hdt0oVu7znnvkSkba1xG7zEuYiz0OL0uyXKD247KHdqty5zb-syJ7kr8qBDXnvh5-Vw_w4qjfqtUwZD4NCjmhzDhC75YLwFG1AV0OSRCxCCAjDA2oSAzrFT7LUtOoj3B6PVNfk:1rgdWA:zvZq0PTvsWCri6giWPvgPjT82vyWISzHR6IRp_rUGi8	2024-03-17 10:32:06.94824+06
\.


--
-- Data for Name: fcm_django_fcmdevice; Type: TABLE DATA; Schema: public; Owner: postgres
--

COPY public.fcm_django_fcmdevice (id, name, active, date_created, device_id, registration_id, type, user_id) FROM stdin;
7	\N	f	2024-02-09 00:10:03.948308+06	\N	ctgpwqumT7esYQuMM3qYC9:APA91bFnVTler_CDHbfXB5Djm9YzM8MXw2PnNYGgHL9PWQR_-OYTvSdCI_rXQzEhLaUCa87Hz8p4nkmO4zdup2rtNHhsK4aZ_Jbo4dhR3muGLYNmfFGkPGnlqoVeO1dQXvlOJ4DL5Oae	android	\N
18	\N	t	2024-02-10 22:35:03.558673+06	\N	f1br3276QcW3UzdOgc57Ap:APA91bGzQcCeUotYKKZQfc0PMvVZYNvAtX-p17TI2TQ2DAMKtCHGoqA7J0eqqKgal-3wMG_S7yXC1MYb-D6XKq3DZfHUXLKHqXMwxrqs-GrIGQMcge_UkgS6fpiQ24bBxwzObyK5Md-k	android	\N
15	\N	t	2024-02-09 08:38:19.605615+06	\N	c0AGpP6wTV6sqHDqoWVzvr:APA91bFSbnYD5aoKDvZ8imbjmlfUpPtoXoq-s9MsRPIz3NNn4dzWngNh4gYA0Eicgu4jh48uVa_8LVPLpl4bX8z28pXxA0H-y4VYeGECRt5pfrPHW57E4LYXQJORQ4Wbrb_GHQ6Y-S4W	android	\N
14	\N	f	2024-02-09 06:43:30.371749+06	\N	eqWgNT3pTPWylpJfx3D0T4:APA91bGlEoohPtZltbU0aaRfjC7PxofCYs0s62NnMtI2UFyzJ5lk52w0iOgATSQ-ZkYzzzUcl1RMSzyEbd5iQfT_vJGzD2GScHji54Z2ClJf8QOKB-LDf_vYbTsg64ZswVkIL-bsL3tH	android	\N
16	\N	t	2024-02-10 21:58:13.359386+06	\N	enHh4CODS76TXpEAzlA7Aa:APA91bE7X3PqN1p83Eiy_vfeOuGmKgKgbtyrPxKKXzRQipBMmmahEqUWfrYeSVtKEZ4hZ849mvmbXPncG8wMavtsn60adNN4X7CQkdqYhRc81yr-g0t7zJtOWRZKduvxr1_rbSewKbaE	android	\N
8	\N	f	2024-02-09 03:01:42.419977+06	\N	f4LfxW5GT3-Dq3DAlnjrQt:APA91bFPnM3Ufhq_bdkQW50MScJQx1rc52XDbHrnHOEdKQ2fTN_QOkE4g_okEuwxF0U9PYSU-bXHHRwgNnWq5FpleD5iifSvz7JyWY2KVDLJ_DcbpwA70bTMX1TYkgeUrA2oMv1qXxvD	android	\N
6	\N	f	2024-02-04 21:36:08.625518+06	\N	f4SfmiR_Q1mBDL9F-nOere:APA91bFPWYfK-wbpY0RStnmcfbKyJWjU0e5PaAtJN3oFmwj3Hc2cS16BwhV6D3fXl8YCuCW2zzKYZMD6_o9vT83cAuTfe-zIr5kQUDf2MOna1mR1yUr2B99dNxz3PT4XXWHkS7NiiZC8	android	\N
9	\N	f	2024-02-09 04:14:15.783629+06	\N	dULYPb9ZQv2lhTDTiKy3Bo:APA91bEpVpAkny8R5wpakFHxhkmmvEqaVqpVI8EXT3WAwaQA6I0SNqHidAZcqOnKZeO87Px_vUV10Csa8aIWOIe7AiRC-U-7MwPuN3l15ZPinDXzKcbUDsReF40SRzOPp1B2uC77VVa2	android	\N
17	\N	t	2024-02-10 22:15:31.758319+06	\N	cfU6Y7FATOmgBF3uc7VtFn:APA91bGbJEAq63oE34ESLe02t6YXjtqGi0Bp9RTHq7ryB8qw0z9ToJV9gP3HD0ELxlDPJxcoosWlBrlu-kfulktMa3i1IaxBc065Qld1AO7GyxhltCqOXymtxrZJw20iPCHxULqGyx4k	android	\N
10	\N	f	2024-02-09 05:20:08.051675+06	\N	eDsMu63QRtKP3bFzl8YkTr:APA91bG7_K68Ht0lB3CV3t0LzF9MX6uaGmDoPnLxFaqWrjBT6FUYs73oFsJ8uadB4nFf6-YyuUbRMZyBkpXIcPKGNTevJE7s9BCkmB9dLAwm4ks8WhxxMZbGQwtbGCoLxSw9cLWYtgVx	android	\N
11	\N	f	2024-02-09 05:29:11.146103+06	\N	fvNDd9YPTJCsYrlOcnmue5:APA91bEo6fPXW1dYHcoHrdEqHxrA3yKpPwsCor_1KrU5nis-ZsGFfTq8MeqSnJ5dJ6uHGBQAzq2f0-kwtbttGqf043xk1YkP04SliwLr4Q9VIrTMDkjTx416PDF7jyi_tbw-_XPc-vtf	android	\N
12	\N	f	2024-02-09 05:33:22.14993+06	\N	ft3UUabfRJCDyWpmOn1XnF:APA91bE8b6Ol0-EBtazuTcjB6P2O5fA0MmTSEN-KaqTus6BK069ttMURcYD4mvcFhDB8EGffAa66Q8cd983Li_fyCeUbr4VuccdZmZnumol5mx6-9Pk1P-a7It-iNctJs6gxI8Vt3rMG	android	\N
13	\N	f	2024-02-09 05:48:41.615057+06	\N	dZEkKQv1QdSflkG8z_dwdS:APA91bGLD5zuVmjiRGK9ZkyEFZelBGEOLcbJmvaxh2vFTZN9krmv24houbYCSpsfdzfxjBXykruOz61u-22kQ74o4CH8UfJWzexSubyy8bpj8o931ZCsq0_QSzJ8p5bqu7PM68IerhKE	android	\N
19	\N	t	2024-03-03 03:40:07.426855+06	\N	dReSW78qQHuB5ZRaRzJMsb:APA91bHsWDqjuKjxpKsji80AOhUQ5qeYMnz-7D5FblaueApwvrBB9z4MLjIfi1HxQ72b6GbejNU6E99z5ZTdOhxBOyNkCQ6WPk-3mLtyOCQSnGT_qWNLjSWusSLMNGn9oLsKpLDoKcO5	android	\N
\.


--
-- Data for Name: financial_financial; Type: TABLE DATA; Schema: public; Owner: postgres
--

COPY public.financial_financial (id, "predsedatelSovetaDirektorov", predsedatel_pravleniya, sovet_direktorov, chleny_pravleniya, glavnyy_buhgalter, bin, address, phone, fax, email, bank_vtorogo_urovnya, kastodian, bankovskie_holdingi) FROM stdin;
\.


--
-- Data for Name: token_blacklist_blacklistedtoken; Type: TABLE DATA; Schema: public; Owner: postgres
--

COPY public.token_blacklist_blacklistedtoken (id, blacklisted_at, token_id) FROM stdin;
1	2023-12-17 23:46:32.113437+06	1
2	2023-12-17 23:47:56.487337+06	2
3	2023-12-18 02:18:16.131504+06	4
4	2023-12-18 02:25:49.687905+06	6
5	2023-12-18 04:45:08.5584+06	7
6	2023-12-27 07:45:32.711208+06	50
7	2023-12-27 20:53:23.881625+06	51
8	2023-12-27 21:31:50.528378+06	52
9	2023-12-27 22:27:57.164821+06	54
10	2023-12-28 22:50:49.84163+06	86
11	2023-12-28 22:52:57.907976+06	87
12	2023-12-28 23:29:54.584109+06	89
13	2023-12-28 23:45:42.905804+06	91
14	2023-12-28 23:45:49.986054+06	90
15	2023-12-29 00:01:44.146088+06	92
16	2023-12-29 00:04:27.678544+06	93
17	2023-12-29 00:05:10.573194+06	94
18	2023-12-29 02:16:48.260503+06	95
19	2023-12-29 02:30:15.129657+06	96
20	2023-12-29 02:42:06.809665+06	97
21	2023-12-29 02:48:04.07938+06	98
22	2023-12-29 03:16:24.93671+06	99
23	2023-12-29 03:36:33.042583+06	100
24	2023-12-29 03:36:33.290462+06	101
25	2023-12-29 04:00:23.271624+06	102
26	2023-12-29 04:39:45.465206+06	105
27	2023-12-29 05:24:48.614486+06	108
28	2023-12-29 05:44:51.211349+06	110
29	2023-12-29 05:45:42.670146+06	112
30	2023-12-29 05:45:58.894875+06	113
31	2023-12-29 05:52:09.39403+06	114
32	2023-12-29 06:19:44.028737+06	116
33	2023-12-29 06:46:38.614111+06	118
34	2023-12-29 06:46:38.906773+06	119
35	2023-12-29 06:53:53.685128+06	120
36	2023-12-29 06:58:23.004591+06	121
37	2023-12-29 17:50:38.541912+06	122
38	2023-12-29 21:29:47.288778+06	123
39	2024-01-02 00:18:53.794734+06	133
40	2024-01-04 22:59:52.69228+06	141
41	2024-01-06 03:34:01.457956+06	157
42	2024-01-08 23:09:22.925831+06	162
43	2024-01-08 23:50:22.99359+06	163
44	2024-01-09 00:19:23.504739+06	164
45	2024-01-09 01:47:32.972783+06	167
46	2024-01-09 03:52:29.678741+06	169
47	2024-01-09 04:19:25.325258+06	170
48	2024-01-09 04:56:31.426174+06	171
49	2024-01-09 05:22:40.833997+06	172
51	2024-01-09 05:57:08.867653+06	173
52	2024-01-10 02:14:39.013866+06	177
53	2024-01-10 09:40:33.215448+06	178
54	2024-01-11 01:44:37.426737+06	180
55	2024-01-11 02:10:05.260132+06	181
56	2024-01-11 04:48:29.4047+06	183
57	2024-01-11 05:17:38.103194+06	184
58	2024-01-16 13:49:14.855787+06	187
59	2024-01-19 12:36:14.533876+06	199
60	2024-01-19 13:21:47.445592+06	200
61	2024-01-21 19:44:40.67024+06	204
62	2024-01-21 20:19:07.358363+06	205
63	2024-01-21 20:27:17.257275+06	206
64	2024-01-21 20:34:06.424149+06	207
65	2024-01-21 20:49:30.11568+06	208
66	2024-01-21 21:14:34.036233+06	209
67	2024-01-21 21:53:31.680257+06	212
68	2024-01-22 17:21:53.881311+06	215
69	2024-01-22 17:31:03.652939+06	216
70	2024-01-25 16:50:22.915381+06	218
71	2024-01-25 19:26:11.419296+06	220
72	2024-02-07 04:04:08.859572+06	225
73	2024-02-07 04:18:52.188615+06	226
74	2024-02-08 02:54:42.601528+06	230
75	2024-02-08 03:15:29.282426+06	231
76	2024-02-08 03:15:31.652601+06	232
77	2024-02-08 03:20:36.919841+06	234
78	2024-02-08 03:24:55.222542+06	235
79	2024-02-08 03:29:00.499831+06	236
80	2024-02-08 03:38:00.628524+06	237
81	2024-02-08 03:41:42.950018+06	238
82	2024-02-08 03:41:45.268537+06	239
83	2024-02-08 03:56:19.666733+06	240
84	2024-02-08 03:56:22.18831+06	241
85	2024-02-08 04:24:27.585015+06	243
86	2024-02-08 04:24:29.870411+06	244
87	2024-02-08 04:26:44.581996+06	245
88	2024-02-08 04:26:46.882554+06	246
89	2024-02-08 22:40:04.319724+06	247
90	2024-02-08 22:49:27.654766+06	248
91	2024-02-08 22:49:29.963494+06	249
92	2024-02-08 23:05:22.505673+06	250
93	2024-02-08 23:05:24.838775+06	251
94	2024-02-08 23:07:06.294447+06	252
95	2024-02-08 23:07:08.616717+06	253
96	2024-02-08 23:42:28.841965+06	256
97	2024-02-08 23:42:31.183559+06	257
98	2024-02-09 01:58:42.283731+06	259
99	2024-02-09 01:59:59.484039+06	260
100	2024-02-09 02:02:23.282719+06	261
101	2024-02-09 02:02:26.365808+06	262
102	2024-02-09 02:03:44.018032+06	263
103	2024-02-09 02:12:10.593112+06	267
104	2024-02-09 02:33:52.813889+06	269
105	2024-02-09 02:35:05.05097+06	270
106	2024-02-09 02:35:07.286568+06	271
107	2024-02-09 02:57:36.582625+06	272
108	2024-02-09 02:57:38.879343+06	273
109	2024-02-09 03:05:27.301246+06	276
110	2024-02-09 03:05:29.582139+06	277
111	2024-02-09 03:06:32.21731+06	278
112	2024-02-09 03:07:02.861042+06	279
113	2024-02-09 03:08:27.492726+06	280
114	2024-02-09 03:08:29.794639+06	281
115	2024-02-09 03:09:05.706913+06	282
116	2024-02-09 03:10:21.827897+06	283
118	2024-02-09 03:12:26.440432+06	284
119	2024-02-09 03:12:57.129974+06	285
120	2024-02-09 03:12:59.428304+06	286
121	2024-02-09 03:17:56.788022+06	288
122	2024-02-09 03:44:32.275594+06	289
123	2024-02-09 05:20:22.503397+06	290
124	2024-02-09 05:29:31.028722+06	291
125	2024-02-09 05:33:40.017905+06	292
126	2024-02-09 05:50:54.865376+06	293
128	2024-02-09 08:38:38.408984+06	294
129	2024-02-11 23:31:03.109249+06	295
130	2024-02-14 01:29:44.415937+06	297
131	2024-02-14 01:30:44.533091+06	298
132	2024-02-14 01:30:46.950585+06	299
133	2024-02-14 01:31:21.400694+06	300
134	2024-02-23 20:11:45.388307+06	334
135	2024-02-28 04:45:42.188337+06	341
136	2024-03-05 03:42:48.419275+06	344
137	2024-03-05 04:03:58.996526+06	345
138	2024-03-05 04:13:21.394122+06	346
139	2024-03-05 04:20:11.743839+06	347
140	2024-03-05 04:28:59.181115+06	348
141	2024-03-05 04:45:29.077495+06	349
142	2024-03-05 04:51:35.212788+06	350
143	2024-03-05 05:03:44.794185+06	351
144	2024-03-05 05:09:39.060299+06	352
145	2024-03-05 05:22:41.600119+06	353
146	2024-03-05 05:27:57.168889+06	354
147	2024-03-05 05:33:04.977843+06	355
148	2024-03-05 05:38:59.048251+06	356
149	2024-03-05 05:50:48.488525+06	357
150	2024-03-05 05:50:56.733507+06	358
151	2024-03-05 05:58:37.575777+06	359
152	2024-03-05 07:50:35.926847+06	360
153	2024-03-05 08:00:16.702329+06	361
154	2024-03-05 08:11:06.24104+06	362
155	2024-03-05 08:17:06.400416+06	363
156	2024-03-05 08:23:57.953419+06	364
157	2024-03-05 08:36:28.95917+06	365
158	2024-03-05 08:51:41.922459+06	366
159	2024-03-05 09:02:13.16006+06	367
160	2024-03-05 09:07:44.591978+06	368
161	2024-03-05 09:24:30.974114+06	369
162	2024-03-05 09:35:42.797991+06	370
163	2024-03-05 09:40:56.699053+06	371
164	2024-03-05 09:47:25.559352+06	372
165	2024-03-05 09:55:16.123584+06	373
166	2024-03-05 10:02:05.847274+06	374
167	2024-03-05 10:07:53.451647+06	375
168	2024-03-05 10:15:47.432284+06	376
169	2024-03-05 11:08:58.641384+06	377
170	2024-03-05 13:28:50.842034+06	378
171	2024-03-09 09:17:54.489726+06	380
172	2024-03-09 09:44:36.623952+06	381
\.


--
-- Data for Name: token_blacklist_outstandingtoken; Type: TABLE DATA; Schema: public; Owner: postgres
--

COPY public.token_blacklist_outstandingtoken (id, token, created_at, expires_at, user_id, jti) FROM stdin;
1	eyJhbGciOiJIUzI1NiIsInR5cCI6IkpXVCJ9.eyJ0b2tlbl90eXBlIjoicmVmcmVzaCIsImV4cCI6MTcwNDA0NDQ0NSwiaWF0IjoxNzAyODM0ODQ1LCJqdGkiOiI3MTc3MGRiMTIwMDU0ZWNmYmVlMzI2NTBjNTk1ZWU5OSIsInVzZXJfaWQiOjl9.rtTpwWGL25C3INY3GEtx7bbJN0tqg5HEuxk9riA7QXU	2023-12-17 23:40:45.204689+06	2023-12-31 23:40:45+06	9	71770db120054ecfbee32650c595ee99
2	eyJhbGciOiJIUzI1NiIsInR5cCI6IkpXVCJ9.eyJ0b2tlbl90eXBlIjoicmVmcmVzaCIsImV4cCI6MTcwNDA0NDg1NywiaWF0IjoxNzAyODM1MjU3LCJqdGkiOiJiODRjYTQyMWJiMGM0MjY2YTI2NjdhZThhZTdjZTNkMSIsInVzZXJfaWQiOjl9.uANSrJ5_s5YwR_BD7QRhw6JyE0Y638gjL5davBk0X60	2023-12-17 23:47:37.563346+06	2023-12-31 23:47:37+06	9	b84ca421bb0c4266a2667ae8ae7ce3d1
3	eyJhbGciOiJIUzI1NiIsInR5cCI6IkpXVCJ9.eyJ0b2tlbl90eXBlIjoicmVmcmVzaCIsImV4cCI6MTcwNDA1MzUzNCwiaWF0IjoxNzAyODQzOTM0LCJqdGkiOiI4YmFhYTMxZWNjYzE0ZDZjOTk5M2E4NjU0M2JkNmIxOSIsInVzZXJfaWQiOjl9.fLYLXPrCBJxJJgwX1T1zgdQSVyVMlNEBYWGiZKb_7zw	2023-12-18 02:12:14.034097+06	2024-01-01 02:12:14+06	9	8baaa31eccc14d6c9993a86543bd6b19
4	eyJhbGciOiJIUzI1NiIsInR5cCI6IkpXVCJ9.eyJ0b2tlbl90eXBlIjoicmVmcmVzaCIsImV4cCI6MTcwNDA1Mzg3NSwiaWF0IjoxNzAyODQ0Mjc1LCJqdGkiOiI4YzM1OTg5ZTBhMTU0MzdmODc1ZDgyMWI3YzE0YjQzZSIsInVzZXJfaWQiOjl9.7Is0h0t8n164wrNXS8veVH1AiMGDOJkYBAt681Xv9G0	2023-12-18 02:17:55.351024+06	2024-01-01 02:17:55+06	9	8c35989e0a15437f875d821b7c14b43e
5	eyJhbGciOiJIUzI1NiIsInR5cCI6IkpXVCJ9.eyJ0b2tlbl90eXBlIjoicmVmcmVzaCIsImV4cCI6MTcwNDA1MzkxMSwiaWF0IjoxNzAyODQ0MzExLCJqdGkiOiJlNjdlZTM1YTNiYmE0NGQ5YjMwNTEwM2FmMmE1MDNhMyIsInVzZXJfaWQiOjl9.BJlN43zrUvZyAZH9Z_yIw4b51ucbfx4tUGpS4n8pSnU	2023-12-18 02:18:31.43051+06	2024-01-01 02:18:31+06	9	e67ee35a3bba44d9b305103af2a503a3
6	eyJhbGciOiJIUzI1NiIsInR5cCI6IkpXVCJ9.eyJ0b2tlbl90eXBlIjoicmVmcmVzaCIsImV4cCI6MTcwNDA1NDMwNSwiaWF0IjoxNzAyODQ0NzA1LCJqdGkiOiJjYjIwOTFkMGYzNDI0YTRhOWVhOWE2YmUzNDU3NTE0MiIsInVzZXJfaWQiOjl9.hbphQq45KTsNPanSf4M23yz95nuPr5BfAerNzv2RNI4	2023-12-18 02:25:05.790822+06	2024-01-01 02:25:05+06	9	cb2091d0f3424a4a9ea9a6be34575142
7	eyJhbGciOiJIUzI1NiIsInR5cCI6IkpXVCJ9.eyJ0b2tlbl90eXBlIjoicmVmcmVzaCIsImV4cCI6MTcwNDA2MjMxOSwiaWF0IjoxNzAyODUyNzE5LCJqdGkiOiJmYWNiOWQ1NTVlNzM0MGEyYWFiMjg4OTE4NDVhMDdlNCIsInVzZXJfaWQiOjExfQ.eVrxlM_XgL7KpPD4MZI22Hfd8UHJNqz7X-nZFcJ96mE	2023-12-18 04:38:39.02198+06	2024-01-01 04:38:39+06	11	facb9d555e7340a2aab28891845a07e4
8	eyJhbGciOiJIUzI1NiIsInR5cCI6IkpXVCJ9.eyJ0b2tlbl90eXBlIjoicmVmcmVzaCIsImV4cCI6MTcwNDA2MzE1NCwiaWF0IjoxNzAyODUzNTU0LCJqdGkiOiJjMzI0MDE5ZWU4M2E0YmQ3OWI0ZWM1NmY2ODYzN2EzNSIsInVzZXJfaWQiOjExfQ.pScLMnj_c4vvPW1QEIKnC0pmHKvTkQY09EGWNfUaBMI	2023-12-18 04:52:34.269762+06	2024-01-01 04:52:34+06	11	c324019ee83a4bd79b4ec56f68637a35
9	eyJhbGciOiJIUzI1NiIsInR5cCI6IkpXVCJ9.eyJ0b2tlbl90eXBlIjoicmVmcmVzaCIsImV4cCI6MTcwNDA2MzQ2MywiaWF0IjoxNzAyODUzODYzLCJqdGkiOiI2OTkwMDQxMWM3ZDg0YjJiYWIxOWIzYmJlYTQyZTA3OSIsInVzZXJfaWQiOjExfQ.lqb9r6S0CGLrESBMilsCl0UtRHbmR5H6Kx2v6bu9VeI	2023-12-18 04:57:43.359625+06	2024-01-01 04:57:43+06	11	69900411c7d84b2bab19b3bbea42e079
10	eyJhbGciOiJIUzI1NiIsInR5cCI6IkpXVCJ9.eyJ0b2tlbl90eXBlIjoicmVmcmVzaCIsImV4cCI6MTcwNDA2Mzc4NCwiaWF0IjoxNzAyODU0MTg0LCJqdGkiOiJmMzUxMDI5MDM1Mjc0YjZmODhiMmUxN2Y1NWJlMjg4MyIsInVzZXJfaWQiOjExfQ.yPtHiBLewbfx04mj2mdX7LqyND17sjtk0GR0YAIFg6g	2023-12-18 05:03:04.409387+06	2024-01-01 05:03:04+06	11	f351029035274b6f88b2e17f55be2883
11	eyJhbGciOiJIUzI1NiIsInR5cCI6IkpXVCJ9.eyJ0b2tlbl90eXBlIjoicmVmcmVzaCIsImV4cCI6MTcwNDA2NDQ5MywiaWF0IjoxNzAyODU0ODkzLCJqdGkiOiJkODJkMTA1OTA4MDM0ODQ2ODhlNDNiNWJkMGE2MTI1YyIsInVzZXJfaWQiOjExfQ.3bFRDTQDAvFxxzt49DhDCMbgwhGHZkQastsCAvqP0i4	2023-12-18 05:14:53.71108+06	2024-01-01 05:14:53+06	11	d82d10590803484688e43b5bd0a6125c
12	eyJhbGciOiJIUzI1NiIsInR5cCI6IkpXVCJ9.eyJ0b2tlbl90eXBlIjoicmVmcmVzaCIsImV4cCI6MTcwNDA2NDgwMiwiaWF0IjoxNzAyODU1MjAyLCJqdGkiOiJiNWVhMmRmZDQzMmM0OWMxODliMzkyMjEzY2VjNGE2ZiIsInVzZXJfaWQiOjExfQ.Q21KwWkNmbOWWtaWoUsNHjzYHN49WWhUI2E1D3DhuU0	2023-12-18 05:20:02.047094+06	2024-01-01 05:20:02+06	11	b5ea2dfd432c49c189b392213cec4a6f
13	eyJhbGciOiJIUzI1NiIsInR5cCI6IkpXVCJ9.eyJ0b2tlbl90eXBlIjoicmVmcmVzaCIsImV4cCI6MTcwNDA2NTU1MCwiaWF0IjoxNzAyODU1OTUwLCJqdGkiOiJiMDQzNmM0NWE3NWI0YjNiOWFhN2FkNGRiMTMzMGQ1OCIsInVzZXJfaWQiOjExfQ.lyRzR5NEVbtC2jjMOt-VbRcwmbXffFIJPCfP8xpNsdo	2023-12-18 05:32:30.643507+06	2024-01-01 05:32:30+06	11	b0436c45a75b4b3b9aa7ad4db1330d58
14	eyJhbGciOiJIUzI1NiIsInR5cCI6IkpXVCJ9.eyJ0b2tlbl90eXBlIjoicmVmcmVzaCIsImV4cCI6MTcwNDA2NTk3MiwiaWF0IjoxNzAyODU2MzcyLCJqdGkiOiI0NTI0N2RhMzIzZDI0NGU0OWE1NzAzYzg3ZmZjOWYxNCIsInVzZXJfaWQiOjExfQ.-Hp-NPvNtEv8651VrS3a7oX6QR7T7XkqNk8urPyRCSk	2023-12-18 05:39:32.947478+06	2024-01-01 05:39:32+06	11	45247da323d244e49a5703c87ffc9f14
15	eyJhbGciOiJIUzI1NiIsInR5cCI6IkpXVCJ9.eyJ0b2tlbl90eXBlIjoicmVmcmVzaCIsImV4cCI6MTcwNDA2NjM0MywiaWF0IjoxNzAyODU2NzQzLCJqdGkiOiI3YjM1OWY2YThmOWE0MzdjOGMyNWI2NTI3MGEwNDAyZSIsInVzZXJfaWQiOjExfQ.x-PFEJpFK10--XRtWHddh-eUSAvTaCIz8xeDyCSbBgg	2023-12-18 05:45:43.352432+06	2024-01-01 05:45:43+06	11	7b359f6a8f9a437c8c25b65270a0402e
16	eyJhbGciOiJIUzI1NiIsInR5cCI6IkpXVCJ9.eyJ0b2tlbl90eXBlIjoicmVmcmVzaCIsImV4cCI6MTcwNDA2NjM0OCwiaWF0IjoxNzAyODU2NzQ4LCJqdGkiOiJjODAyZGM3MjM5ZjY0NTNmOTg2ZmExODA5MmNlNjE5NCIsInVzZXJfaWQiOjExfQ.fcnDNEXxhPqiYcso6XGsiWJ44-r5Cf7_2eiUBJg8I-I	2023-12-18 05:45:48.162934+06	2024-01-01 05:45:48+06	11	c802dc7239f6453f986fa18092ce6194
17	eyJhbGciOiJIUzI1NiIsInR5cCI6IkpXVCJ9.eyJ0b2tlbl90eXBlIjoicmVmcmVzaCIsImV4cCI6MTcwNDA2NzQ1MywiaWF0IjoxNzAyODU3ODUzLCJqdGkiOiIyNjY1NDAxYzhkYzg0MTZjYWM0YmU4OGZlZjE3NzIzYyIsInVzZXJfaWQiOjExfQ.aWDKN5SARC893RRTFbuzTfDoh1MmefZiGto_dKiZaYk	2023-12-18 06:04:13.17783+06	2024-01-01 06:04:13+06	11	2665401c8dc8416cac4be88fef17723c
18	eyJhbGciOiJIUzI1NiIsInR5cCI6IkpXVCJ9.eyJ0b2tlbl90eXBlIjoicmVmcmVzaCIsImV4cCI6MTcwNDA2NzgyOCwiaWF0IjoxNzAyODU4MjI4LCJqdGkiOiIzNDgzYmJkZGExOTI0ZGFhYjNiY2VkNjc0YWI0YzliMyIsInVzZXJfaWQiOjExfQ.8dDp6XMolWNcWMpXHzCBAumkI972P1cutHljgKa0-iU	2023-12-18 06:10:28.316743+06	2024-01-01 06:10:28+06	11	3483bbdda1924daab3bced674ab4c9b3
19	eyJhbGciOiJIUzI1NiIsInR5cCI6IkpXVCJ9.eyJ0b2tlbl90eXBlIjoicmVmcmVzaCIsImV4cCI6MTcwNDA2ODEzOCwiaWF0IjoxNzAyODU4NTM4LCJqdGkiOiJiZDIwOWI5NGRmOGI0YzU0YmUwYWE2Yzk4Mjc4MjVhZCIsInVzZXJfaWQiOjExfQ.xv15IQnZcAyYs1dE-e6rp1Ux8hPx-LNNiihbxUpAPOk	2023-12-18 06:15:38.996721+06	2024-01-01 06:15:38+06	11	bd209b94df8b4c54be0aa6c9827825ad
20	eyJhbGciOiJIUzI1NiIsInR5cCI6IkpXVCJ9.eyJ0b2tlbl90eXBlIjoicmVmcmVzaCIsImV4cCI6MTcwNDA2ODQ2MiwiaWF0IjoxNzAyODU4ODYyLCJqdGkiOiI3N2Y0ZGMwOGM5OGI0Y2I0OGEwNjNmMjc3NTY1ZmY1NiIsInVzZXJfaWQiOjExfQ.uxc1gGIE2BLfDcy7_VgJwCTZhZB89DsiKjNGw1UTqSY	2023-12-18 06:21:02.356402+06	2024-01-01 06:21:02+06	11	77f4dc08c98b4cb48a063f277565ff56
21	eyJhbGciOiJIUzI1NiIsInR5cCI6IkpXVCJ9.eyJ0b2tlbl90eXBlIjoicmVmcmVzaCIsImV4cCI6MTcwNDA2ODkwOCwiaWF0IjoxNzAyODU5MzA4LCJqdGkiOiIyMjM1MzMzYjIxN2E0ZmM4ODk2ZDljOGIxNjFmY2UzNCIsInVzZXJfaWQiOjExfQ.g63jdOUtNyW1lDhyLLU5X2r3nkoNqTlK0Rg9ValAtr0	2023-12-18 06:28:28.504917+06	2024-01-01 06:28:28+06	11	2235333b217a4fc8896d9c8b161fce34
22	eyJhbGciOiJIUzI1NiIsInR5cCI6IkpXVCJ9.eyJ0b2tlbl90eXBlIjoicmVmcmVzaCIsImV4cCI6MTcwNDA2OTMwOCwiaWF0IjoxNzAyODU5NzA4LCJqdGkiOiI2MjQ4MzZlN2YwYzU0NTBiOTA0YzdlMjNiMjE0MjA0MyIsInVzZXJfaWQiOjExfQ.MiBT3SkvktZcxo4WYbAQRUJUBxt4qaWw6hzCm52UH5A	2023-12-18 06:35:08.859616+06	2024-01-01 06:35:08+06	11	624836e7f0c5450b904c7e23b2142043
23	eyJhbGciOiJIUzI1NiIsInR5cCI6IkpXVCJ9.eyJ0b2tlbl90eXBlIjoicmVmcmVzaCIsImV4cCI6MTcwNDA3MDAyOSwiaWF0IjoxNzAyODYwNDI5LCJqdGkiOiI1N2U1Mjk0M2NhMDk0MmYxOWQ1MzgxNjk1ZGRiYTNkYyIsInVzZXJfaWQiOjExfQ.gEwP5acDhoB8pJkv8hOdZnU3yfMNnFeEJEBa4kRZAU8	2023-12-18 06:47:09.270073+06	2024-01-01 06:47:09+06	11	57e52943ca0942f19d5381695ddba3dc
24	eyJhbGciOiJIUzI1NiIsInR5cCI6IkpXVCJ9.eyJ0b2tlbl90eXBlIjoicmVmcmVzaCIsImV4cCI6MTcwNDA3MDQwMywiaWF0IjoxNzAyODYwODAzLCJqdGkiOiJjZjZjZmZhM2Q0MjU0MTU1OTQyMWZlMDAwZDM5OGNkMyIsInVzZXJfaWQiOjExfQ.CYcoHTsehGy_KW1Fo5FlWweDr9GTIgWYD5-tBlh66tw	2023-12-18 06:53:23.73871+06	2024-01-01 06:53:23+06	11	cf6cffa3d42541559421fe000d398cd3
25	eyJhbGciOiJIUzI1NiIsInR5cCI6IkpXVCJ9.eyJ0b2tlbl90eXBlIjoicmVmcmVzaCIsImV4cCI6MTcwNDA3MDk2MCwiaWF0IjoxNzAyODYxMzYwLCJqdGkiOiJhMGYxODRmODY3NmU0ZjgwYWMyMWE1ZDU0Njg4Yzc3ZSIsInVzZXJfaWQiOjExfQ.vJNFxeHq-fT9i0GIDXsZK8L0-UTIiYOMVAnINr4AcSA	2023-12-18 07:02:40.445493+06	2024-01-01 07:02:40+06	11	a0f184f8676e4f80ac21a5d54688c77e
26	eyJhbGciOiJIUzI1NiIsInR5cCI6IkpXVCJ9.eyJ0b2tlbl90eXBlIjoicmVmcmVzaCIsImV4cCI6MTcwNDA3MTI3NywiaWF0IjoxNzAyODYxNjc3LCJqdGkiOiI0YTEzMWExNmZjYjI0YTBlYWE3Yzg4MTAwYmZiMDY2ZSIsInVzZXJfaWQiOjExfQ.e8UWfMaMZccasGwAmVNWrVCZwg01PU9F2cV9LoPKh7w	2023-12-18 07:07:57.522167+06	2024-01-01 07:07:57+06	11	4a131a16fcb24a0eaa7c88100bfb066e
27	eyJhbGciOiJIUzI1NiIsInR5cCI6IkpXVCJ9.eyJ0b2tlbl90eXBlIjoicmVmcmVzaCIsImV4cCI6MTcwNDA3MTY4MiwiaWF0IjoxNzAyODYyMDgyLCJqdGkiOiI1NDgwMWM0ZjEwNzM0YWY3OTI2YTcyOTFlYjk1N2IxYiIsInVzZXJfaWQiOjExfQ.PVK3PzAhPY_FR9GF5J1dFLtYBe6bSBZ8kW5FzI48VYo	2023-12-18 07:14:42.709328+06	2024-01-01 07:14:42+06	11	54801c4f10734af7926a7291eb957b1b
28	eyJhbGciOiJIUzI1NiIsInR5cCI6IkpXVCJ9.eyJ0b2tlbl90eXBlIjoicmVmcmVzaCIsImV4cCI6MTcwNDA3MjAyNCwiaWF0IjoxNzAyODYyNDI0LCJqdGkiOiI0M2MxYWM4MTY4YmM0YmI2YTMzMTUwOWY0MzBhZDk5OCIsInVzZXJfaWQiOjExfQ.x-3yJWe288NguGCbeEru_ijzCKIPG1M6jjcZLeTlMwU	2023-12-18 07:20:24.023961+06	2024-01-01 07:20:24+06	11	43c1ac8168bc4bb6a331509f430ad998
29	eyJhbGciOiJIUzI1NiIsInR5cCI6IkpXVCJ9.eyJ0b2tlbl90eXBlIjoicmVmcmVzaCIsImV4cCI6MTcwNDA3MjM2OCwiaWF0IjoxNzAyODYyNzY4LCJqdGkiOiI2MjljNDZhNTNlMjc0NWI4YjdiZTNhMjMyODQ5MzdjNSIsInVzZXJfaWQiOjExfQ.9V9XsvROywIxOi1dsQ-N7C23NefcOU6y5lW5grHq3-c	2023-12-18 07:26:08.139795+06	2024-01-01 07:26:08+06	11	629c46a53e2745b8b7be3a23284937c5
30	eyJhbGciOiJIUzI1NiIsInR5cCI6IkpXVCJ9.eyJ0b2tlbl90eXBlIjoicmVmcmVzaCIsImV4cCI6MTcwNDA3Mjc5MywiaWF0IjoxNzAyODYzMTkzLCJqdGkiOiI3ZjFhMTM0Y2JhYjc0OGYyODY3MDNmZDBiMjBlZjZiYyIsInVzZXJfaWQiOjExfQ.Bpfbrkan447g1roUHQkGBHicnr1rOIwrA13lJ05V_oU	2023-12-18 07:33:13.86167+06	2024-01-01 07:33:13+06	11	7f1a134cbab748f286703fd0b20ef6bc
31	eyJhbGciOiJIUzI1NiIsInR5cCI6IkpXVCJ9.eyJ0b2tlbl90eXBlIjoicmVmcmVzaCIsImV4cCI6MTcwNDExNjUxMiwiaWF0IjoxNzAyOTA2OTEyLCJqdGkiOiI5ZmZjNTU2MWYyOGE0ZTM1ODhhZDNiMDRlOGY0ZWJiZSIsInVzZXJfaWQiOjExfQ.G8yDEkBQZ3bUjvn7u0IvLWKyrJOckPbxFXw3IfwFg-U	2023-12-18 19:41:52.65204+06	2024-01-01 19:41:52+06	11	9ffc5561f28a4e3588ad3b04e8f4ebbe
32	eyJhbGciOiJIUzI1NiIsInR5cCI6IkpXVCJ9.eyJ0b2tlbl90eXBlIjoicmVmcmVzaCIsImV4cCI6MTcwNDExNjk4MiwiaWF0IjoxNzAyOTA3MzgyLCJqdGkiOiI5OGUxNDQ1ZjQxYmI0NWQ5YWU2ZGUyZDYxMzZhZGMxNCIsInVzZXJfaWQiOjExfQ.XN2xJU0gMiYKPbsaxvR53H5_k7fH7lOIkJXk21ikpH4	2023-12-18 19:49:42.788084+06	2024-01-01 19:49:42+06	11	98e1445f41bb45d9ae6de2d6136adc14
33	eyJhbGciOiJIUzI1NiIsInR5cCI6IkpXVCJ9.eyJ0b2tlbl90eXBlIjoicmVmcmVzaCIsImV4cCI6MTcwMjk5NDE5OCwiaWF0IjoxNzAyOTA3Nzk4LCJqdGkiOiIzNjMwNDNiNjFiZTQ0N2UyYTRmNGQyN2JjZGJkMmE0MiIsInVzZXJfaWQiOjExfQ.rGjDJsk59P6HCfV2r_Dq2P5HZQesgl1OGwRo8sEZEo4	2023-12-18 19:56:38.031337+06	2023-12-19 19:56:38+06	11	363043b61be447e2a4f4d27bcdbd2a42
34	eyJhbGciOiJIUzI1NiIsInR5cCI6IkpXVCJ9.eyJ0b2tlbl90eXBlIjoicmVmcmVzaCIsImV4cCI6MTcwMzA4NDg0OCwiaWF0IjoxNzAyOTk4NDQ4LCJqdGkiOiI2ZjJkOGQyNDgxZmQ0N2Y2YTk4MmVkMTA0NTY5MThiMSIsInVzZXJfaWQiOjExfQ.67owNfz0u0tdbj0RnUU1wNq20mhPwWxPhLHOSL3NVpY	2023-12-19 21:07:28.039312+06	2023-12-20 21:07:28+06	11	6f2d8d2481fd47f6a982ed10456918b1
35	eyJhbGciOiJIUzI1NiIsInR5cCI6IkpXVCJ9.eyJ0b2tlbl90eXBlIjoicmVmcmVzaCIsImV4cCI6MTcwMzA4OTEyMSwiaWF0IjoxNzAzMDAyNzIxLCJqdGkiOiJiZWI2ZmRkMGQ0ODc0ZjYyYmZlMzZmNDQyNjczMDA4MCIsInVzZXJfaWQiOjExfQ.O_AgqCRLnujt7aNXg82rF-R5q3Zmihq9v75ZkgtXD7s	2023-12-19 22:18:41.821334+06	2023-12-20 22:18:41+06	11	beb6fdd0d4874f62bfe36f4426730080
36	eyJhbGciOiJIUzI1NiIsInR5cCI6IkpXVCJ9.eyJ0b2tlbl90eXBlIjoicmVmcmVzaCIsImV4cCI6MTcwMzA5MDk0NiwiaWF0IjoxNzAzMDA0NTQ2LCJqdGkiOiJiMDljYThmY2E3M2M0MWFjODY3ZThhOWY4NThkZDE5OCIsInVzZXJfaWQiOjExfQ.j9H5spmUGndLeaOZMe98JA--NVyIbltNw-iH6RhPowI	2023-12-19 22:49:06.758325+06	2023-12-20 22:49:06+06	11	b09ca8fca73c41ac867e8a9f858dd198
37	eyJhbGciOiJIUzI1NiIsInR5cCI6IkpXVCJ9.eyJ0b2tlbl90eXBlIjoicmVmcmVzaCIsImV4cCI6MTcwMzY5NjkxMCwiaWF0IjoxNzAzNjEwNTEwLCJqdGkiOiIwMDZjMTE1NmI3Nzc0NTAxOTg1NmUzM2E1MGE5NTZlOSIsInVzZXJfaWQiOjExfQ.gutK_5OcEKU0kLuXSl-j-RP9Dtsacp5mWtq5JaVVpg4	2023-12-26 23:08:30.043096+06	2023-12-27 23:08:30+06	11	006c1156b77745019856e33a50a956e9
38	eyJhbGciOiJIUzI1NiIsInR5cCI6IkpXVCJ9.eyJ0b2tlbl90eXBlIjoicmVmcmVzaCIsImV4cCI6MTcwMzY5Njk5MSwiaWF0IjoxNzAzNjEwNTkxLCJqdGkiOiIxYWRhZTk5NzllN2I0MDM3ODk3YTY1MjM2MmY3MDI2YiIsInVzZXJfaWQiOjExfQ.EzeU_y3jE9Ikx49FepPV63GzALKdhYd3fITDO4TTvI0	2023-12-26 23:09:51.459259+06	2023-12-27 23:09:51+06	11	1adae9979e7b4037897a652362f7026b
39	eyJhbGciOiJIUzI1NiIsInR5cCI6IkpXVCJ9.eyJ0b2tlbl90eXBlIjoicmVmcmVzaCIsImV4cCI6MTcwMzY5NzM2NiwiaWF0IjoxNzAzNjEwOTY2LCJqdGkiOiJiNjFhNmYyNzE2YTk0MmYzYjMzOWE4MTAxZDY1NGRmYSIsInVzZXJfaWQiOjExfQ.6JoHm_9Wi9khTAuKzPjFARWf_g7J3Gzvi4r3svcek7I	2023-12-26 23:16:06.494894+06	2023-12-27 23:16:06+06	11	b61a6f2716a942f3b339a8101d654dfa
40	eyJhbGciOiJIUzI1NiIsInR5cCI6IkpXVCJ9.eyJ0b2tlbl90eXBlIjoicmVmcmVzaCIsImV4cCI6MTcwMzY5ODY0MiwiaWF0IjoxNzAzNjEyMjQyLCJqdGkiOiIyNzI3ZjlhM2YwZTg0Mjg3YjM1NjY5NmQ5ZTJkZmViNyIsInVzZXJfaWQiOjExfQ.1SFmebSgDVSzC9rcY0jLerFAf13t3HKInwGOpNJKDf8	2023-12-26 23:37:22.264039+06	2023-12-27 23:37:22+06	11	2727f9a3f0e84287b356696d9e2dfeb7
41	eyJhbGciOiJIUzI1NiIsInR5cCI6IkpXVCJ9.eyJ0b2tlbl90eXBlIjoicmVmcmVzaCIsImV4cCI6MTcwMzY5OTc5MSwiaWF0IjoxNzAzNjEzMzkxLCJqdGkiOiI3ZTkyODg2NzZjYjc0YjJlYjA3NzkyZWUxYjQ1ODczYSIsInVzZXJfaWQiOjExfQ.-CN-cGnp3VpvN3QUg11H-5SKTiB-a7VreyPhphh1KlQ	2023-12-26 23:56:31.253139+06	2023-12-27 23:56:31+06	11	7e9288676cb74b2eb07792ee1b45873a
42	eyJhbGciOiJIUzI1NiIsInR5cCI6IkpXVCJ9.eyJ0b2tlbl90eXBlIjoicmVmcmVzaCIsImV4cCI6MTcwMzY5OTk1NCwiaWF0IjoxNzAzNjEzNTU0LCJqdGkiOiJiMDFlYzVjNTUxOGY0Y2I4OTY2MDBlNTdjYTRjMDQyZiIsInVzZXJfaWQiOjExfQ.WpCFKuIY4cO5SAYGeg5Wm5qb2HGBUMOzcJdRly3uxNM	2023-12-26 23:59:14.764705+06	2023-12-27 23:59:14+06	11	b01ec5c5518f4cb896600e57ca4c042f
43	eyJhbGciOiJIUzI1NiIsInR5cCI6IkpXVCJ9.eyJ0b2tlbl90eXBlIjoicmVmcmVzaCIsImV4cCI6MTcwMzcwMDI5MywiaWF0IjoxNzAzNjEzODkzLCJqdGkiOiIxMDIwNmMzNGYzMjA0NDQ2ODY4YzkxMGRiOGU0ZGU5ZCIsInVzZXJfaWQiOjExfQ.OZOD6FD8aLq0PDfyicUd-r6GzYZCnj5dFNooeuEYGyE	2023-12-27 00:04:53.513386+06	2023-12-28 00:04:53+06	11	10206c34f3204446868c910db8e4de9d
44	eyJhbGciOiJIUzI1NiIsInR5cCI6IkpXVCJ9.eyJ0b2tlbl90eXBlIjoicmVmcmVzaCIsImV4cCI6MTcwMzcwMjA0OCwiaWF0IjoxNzAzNjE1NjQ4LCJqdGkiOiIzYTUzYTcyOGQ5YTk0ZWY5YWFlZDMzMmFhYWNlMmI0NiIsInVzZXJfaWQiOjExfQ.9cHuz-SoK_mVvJvdTSGJm1fs88WG7N63BW9uC6CbyaM	2023-12-27 00:34:08.989254+06	2023-12-28 00:34:08+06	11	3a53a728d9a94ef9aaed332aaace2b46
45	eyJhbGciOiJIUzI1NiIsInR5cCI6IkpXVCJ9.eyJ0b2tlbl90eXBlIjoicmVmcmVzaCIsImV4cCI6MTcwMzcwODY1MCwiaWF0IjoxNzAzNjIyMjUwLCJqdGkiOiJmNjI0Y2Q4YmViYTI0OGMzODZmMzZmM2JlZTJkYTQyMyIsInVzZXJfaWQiOjExfQ.1zWN8Q8DAcU9vfT04wwCVxHA8V7VwHRxa-fpX2JSML0	2023-12-27 02:24:10.864336+06	2023-12-28 02:24:10+06	11	f624cd8beba248c386f36f3bee2da423
46	eyJhbGciOiJIUzI1NiIsInR5cCI6IkpXVCJ9.eyJ0b2tlbl90eXBlIjoicmVmcmVzaCIsImV4cCI6MTcwMzcwODc2NSwiaWF0IjoxNzAzNjIyMzY1LCJqdGkiOiIxYTQwY2Y5Njk3YzI0ZWU4Yjk0YTljNjU5NjllODE4MSIsInVzZXJfaWQiOjExfQ.9EnbiHtk9DkyXFb8r6JnIdiumXGDML4DQITupPDDkVo	2023-12-27 02:26:05.521866+06	2023-12-28 02:26:05+06	11	1a40cf9697c24ee8b94a9c65969e8181
47	eyJhbGciOiJIUzI1NiIsInR5cCI6IkpXVCJ9.eyJ0b2tlbl90eXBlIjoicmVmcmVzaCIsImV4cCI6MTcwMzcwOTc5NSwiaWF0IjoxNzAzNjIzMzk1LCJqdGkiOiJmYWJiYTY5ZWJhOGY0MDQ4OTExYTRiNDAxOTk0ODZlZiIsInVzZXJfaWQiOjExfQ.sMOh8nGqq_DG7Fg3F8wv7_3ISfga5EAYCLPBqZbQTOQ	2023-12-27 02:43:15.765923+06	2023-12-28 02:43:15+06	11	fabba69eba8f4048911a4b40199486ef
48	eyJhbGciOiJIUzI1NiIsInR5cCI6IkpXVCJ9.eyJ0b2tlbl90eXBlIjoicmVmcmVzaCIsImV4cCI6MTcwMzcxMTI2NywiaWF0IjoxNzAzNjI0ODY3LCJqdGkiOiJlYTNlYzI0YmFmYzQ0YzYwOGZmNTMwMzlkMjMyMWJhYiIsInVzZXJfaWQiOjExfQ.Pcv0WKqR6I1ELS0Jc3Eufw5r--DM6leYRq7N525Rexk	2023-12-27 03:07:47.969006+06	2023-12-28 03:07:47+06	11	ea3ec24bafc44c608ff53039d2321bab
49	eyJhbGciOiJIUzI1NiIsInR5cCI6IkpXVCJ9.eyJ0b2tlbl90eXBlIjoicmVmcmVzaCIsImV4cCI6MTcwMzcyNzMwOCwiaWF0IjoxNzAzNjQwOTA4LCJqdGkiOiJiNWRkMGZlZWI1YjY0NWM4YTMzYzZmODE2YjE4NGMxOSIsInVzZXJfaWQiOjE5fQ.y8OhX0HapmPdvS7EX1b0CSvfE_RUO3XFgt5V4daDdr4	2023-12-27 07:35:08.680973+06	2023-12-28 07:35:08+06	19	b5dd0feeb5b645c8a33c6f816b184c19
50	eyJhbGciOiJIUzI1NiIsInR5cCI6IkpXVCJ9.eyJ0b2tlbl90eXBlIjoicmVmcmVzaCIsImV4cCI6MTcwMzcyNzkwNSwiaWF0IjoxNzAzNjQxNTA1LCJqdGkiOiJmYzVlMDE0YWY1NTE0OTM0OTk2YTZkNjFmYmFiNjBiZiIsInVzZXJfaWQiOjExfQ._bFeUz2DQKLi7NxULEtBUeTx4C_Sv2t3kZVCq75lL_A	2023-12-27 07:45:05.571622+06	2023-12-28 07:45:05+06	11	fc5e014af5514934996a6d61fbab60bf
51	eyJhbGciOiJIUzI1NiIsInR5cCI6IkpXVCJ9.eyJ0b2tlbl90eXBlIjoicmVmcmVzaCIsImV4cCI6MTcwMzc3NTE3OSwiaWF0IjoxNzAzNjg4Nzc5LCJqdGkiOiI3MzU0YjZkYzIwMjQ0NzRiYjEwNTRlZjVjYzNiMWU3OSIsInVzZXJfaWQiOjExfQ.tznCGesDVPdlS4KH757SygMu1cm1f3ZWbkm6Nt7yzRA	2023-12-27 20:52:59.748337+06	2023-12-28 20:52:59+06	11	7354b6dc2024474bb1054ef5cc3b1e79
52	eyJhbGciOiJIUzI1NiIsInR5cCI6IkpXVCJ9.eyJ0b2tlbl90eXBlIjoicmVmcmVzaCIsImV4cCI6MTcwMzc3NzQ4NSwiaWF0IjoxNzAzNjkxMDg1LCJqdGkiOiI0NWQ1OWIxMWYyYjk0MWM5YmVlOTc4MjVjNjdmYjM0MSIsInVzZXJfaWQiOjExfQ.6WO-alFbUIRgcUNdvEUA4JT7uzSzOAyKJCEMwUOZe80	2023-12-27 21:31:25.37489+06	2023-12-28 21:31:25+06	11	45d59b11f2b941c9bee97825c67fb341
53	eyJhbGciOiJIUzI1NiIsInR5cCI6IkpXVCJ9.eyJ0b2tlbl90eXBlIjoicmVmcmVzaCIsImV4cCI6MTcwMzc4MDE2MywiaWF0IjoxNzAzNjkzNzYzLCJqdGkiOiJmZDU1YWEwZDhlNmQ0OTg4YmNkZjYyZTYwOGE3YzUwOSIsInVzZXJfaWQiOjExfQ.SbPRyxkgYVqDtaDjX078pcPjFAZbn_mOYEQ8Oo_hxEc	2023-12-27 22:16:03.207418+06	2023-12-28 22:16:03+06	11	fd55aa0d8e6d4988bcdf62e608a7c509
54	eyJhbGciOiJIUzI1NiIsInR5cCI6IkpXVCJ9.eyJ0b2tlbl90eXBlIjoicmVmcmVzaCIsImV4cCI6MTcwMzc4MDczNSwiaWF0IjoxNzAzNjk0MzM1LCJqdGkiOiJhYmY5YjFiNDIwNGI0NjQyODM1YjM1N2Y3M2U2ZTQ2MyIsInVzZXJfaWQiOjExfQ.aO51W4Nc3bYhPO9ZLgQsKgU0rfUmtjBo_2og81lgW88	2023-12-27 22:25:35.534605+06	2023-12-28 22:25:35+06	11	abf9b1b4204b4642835b357f73e6e463
55	eyJhbGciOiJIUzI1NiIsInR5cCI6IkpXVCJ9.eyJ0b2tlbl90eXBlIjoicmVmcmVzaCIsImV4cCI6MTcwMzc4MTAwMSwiaWF0IjoxNzAzNjk0NjAxLCJqdGkiOiIwZWE4MTJmOTI3MTM0ODQxYWQ0ODBiNTVmNGE4NDZhYiIsInVzZXJfaWQiOjExfQ.Ks04HG6Hepgu49kG0Rp27QlP4qA97WZ7daRQzadGsaw	2023-12-27 22:30:01.879902+06	2023-12-28 22:30:01+06	11	0ea812f927134841ad480b55f4a846ab
56	eyJhbGciOiJIUzI1NiIsInR5cCI6IkpXVCJ9.eyJ0b2tlbl90eXBlIjoicmVmcmVzaCIsImV4cCI6MTcwMzc4MTA5MCwiaWF0IjoxNzAzNjk0NjkwLCJqdGkiOiJmYjYyMTI2OWFkYWY0OTY5OTMzNWJmZDFhYTBhNzk3MSIsInVzZXJfaWQiOjExfQ.fBdm_pAWZvdTW-vAh9MpPQ0RDbMa3EDpBL1vgpgXHQU	2023-12-27 22:31:30.387789+06	2023-12-28 22:31:30+06	11	fb621269adaf49699335bfd1aa0a7971
57	eyJhbGciOiJIUzI1NiIsInR5cCI6IkpXVCJ9.eyJ0b2tlbl90eXBlIjoicmVmcmVzaCIsImV4cCI6MTcwMzc4MTEzMiwiaWF0IjoxNzAzNjk0NzMyLCJqdGkiOiI0MDc0ZDIyNWEwZmY0YjQ1OTUxNmY1OWQ4ZTU4MzZlMyIsInVzZXJfaWQiOjExfQ.dCQydnrStLvf74u97cLnh_cN_qjCbkfE4CpwsQ2UvJU	2023-12-27 22:32:12.345953+06	2023-12-28 22:32:12+06	11	4074d225a0ff4b459516f59d8e5836e3
58	eyJhbGciOiJIUzI1NiIsInR5cCI6IkpXVCJ9.eyJ0b2tlbl90eXBlIjoicmVmcmVzaCIsImV4cCI6MTcwMzc4MTE3NiwiaWF0IjoxNzAzNjk0Nzc2LCJqdGkiOiI4MWViYzZhOTM3MTU0YzcwYjUxMTM4OGRmNDJhMTFiNyIsInVzZXJfaWQiOjExfQ.p4ICqUCBnbfrph1cMdJemrBBYf4erIg0vbmTrdFxsUc	2023-12-27 22:32:56.343795+06	2023-12-28 22:32:56+06	11	81ebc6a937154c70b511388df42a11b7
59	eyJhbGciOiJIUzI1NiIsInR5cCI6IkpXVCJ9.eyJ0b2tlbl90eXBlIjoicmVmcmVzaCIsImV4cCI6MTcwMzc4MTIxNSwiaWF0IjoxNzAzNjk0ODE1LCJqdGkiOiIxYzhjZTYxM2Q1NjI0YTdlODk1YmQ2NzA5ZDE5MzY3YiIsInVzZXJfaWQiOjExfQ.fsyw3UIrfLzRbUSbgLIaMXRmjsHW6YY6vcxs5wYnK4E	2023-12-27 22:33:35.861846+06	2023-12-28 22:33:35+06	11	1c8ce613d5624a7e895bd6709d19367b
60	eyJhbGciOiJIUzI1NiIsInR5cCI6IkpXVCJ9.eyJ0b2tlbl90eXBlIjoicmVmcmVzaCIsImV4cCI6MTcwMzc4MTM0MywiaWF0IjoxNzAzNjk0OTQzLCJqdGkiOiJkZjA0YzgyYmJkMzk0YTQzOTIxNjdkMTQ2NzcyY2VjMyIsInVzZXJfaWQiOjExfQ.6L5pd2Gf80D11whR1vR31n8-0LTzMZVFUtr1ot06ffk	2023-12-27 22:35:43.785179+06	2023-12-28 22:35:43+06	11	df04c82bbd394a4392167d146772cec3
61	eyJhbGciOiJIUzI1NiIsInR5cCI6IkpXVCJ9.eyJ0b2tlbl90eXBlIjoicmVmcmVzaCIsImV4cCI6MTcwMzc4MTM4MSwiaWF0IjoxNzAzNjk0OTgxLCJqdGkiOiJjMzYxZGRjNWQ5NzQ0MTRmOWE4Y2E5ZTdmMWIzNjE3YiIsInVzZXJfaWQiOjExfQ.SFVf32wnK-5ld-2ebkSlv71EiW0pxL5vhKW__fF4n58	2023-12-27 22:36:21.78952+06	2023-12-28 22:36:21+06	11	c361ddc5d974414f9a8ca9e7f1b3617b
62	eyJhbGciOiJIUzI1NiIsInR5cCI6IkpXVCJ9.eyJ0b2tlbl90eXBlIjoicmVmcmVzaCIsImV4cCI6MTcwMzc4MTQyOSwiaWF0IjoxNzAzNjk1MDI5LCJqdGkiOiI0ZDVlZGFiZWNlMzY0NzE2OGU3OGUyMDk5MzY5NWRlNCIsInVzZXJfaWQiOjExfQ.l-i8caZ1oQB-O1gZUm_JjrrXbUCJqMUdVpALHQVVSRU	2023-12-27 22:37:09.877015+06	2023-12-28 22:37:09+06	11	4d5edabece3647168e78e20993695de4
63	eyJhbGciOiJIUzI1NiIsInR5cCI6IkpXVCJ9.eyJ0b2tlbl90eXBlIjoicmVmcmVzaCIsImV4cCI6MTcwMzc4MTQ3NCwiaWF0IjoxNzAzNjk1MDc0LCJqdGkiOiI5MDkzNTBlMzc5NDQ0ZGM0OTU3MGNhNGNmZjhhNDljZiIsInVzZXJfaWQiOjExfQ.La_G0w9VfeyacFqJbByvF7fmh8AZZI8qauj3F0We6e4	2023-12-27 22:37:54.889918+06	2023-12-28 22:37:54+06	11	909350e379444dc49570ca4cff8a49cf
64	eyJhbGciOiJIUzI1NiIsInR5cCI6IkpXVCJ9.eyJ0b2tlbl90eXBlIjoicmVmcmVzaCIsImV4cCI6MTcwMzc4MTYyMiwiaWF0IjoxNzAzNjk1MjIyLCJqdGkiOiJkNDYwYzA1ZDg2NWI0MWI5OTIyMGU0MTEyOTE4YzM3YiIsInVzZXJfaWQiOjExfQ.w2zfR-MJEvlmSX8mdkjxMrYarygGVnaN5U_KT02GviM	2023-12-27 22:40:22.565293+06	2023-12-28 22:40:22+06	11	d460c05d865b41b99220e4112918c37b
65	eyJhbGciOiJIUzI1NiIsInR5cCI6IkpXVCJ9.eyJ0b2tlbl90eXBlIjoicmVmcmVzaCIsImV4cCI6MTcwMzc4MTY4NywiaWF0IjoxNzAzNjk1Mjg3LCJqdGkiOiIxODI2ZDA1NDgxYTQ0YjVjOGNkYWYwM2QwMTg5NGU2MiIsInVzZXJfaWQiOjExfQ.t46v3kwDrF-EauucEtlW2rRrgE1nZuzXokjnmn4yH-o	2023-12-27 22:41:27.388235+06	2023-12-28 22:41:27+06	11	1826d05481a44b5c8cdaf03d01894e62
66	eyJhbGciOiJIUzI1NiIsInR5cCI6IkpXVCJ9.eyJ0b2tlbl90eXBlIjoicmVmcmVzaCIsImV4cCI6MTcwMzc5MTYxOCwiaWF0IjoxNzAzNzA1MjE4LCJqdGkiOiIwOGYxMDY5ZGE5ZjQ0NmY2YWJhOWVjNjYzZGMzNWQ0ZCIsInVzZXJfaWQiOjExfQ.pF5TTNA9t6oz0hA2Ncz1rTFVRafKIGlL3QZiQ7h5o78	2023-12-28 01:26:58.591633+06	2023-12-29 01:26:58+06	11	08f1069da9f446f6aba9ec663dc35d4d
67	eyJhbGciOiJIUzI1NiIsInR5cCI6IkpXVCJ9.eyJ0b2tlbl90eXBlIjoicmVmcmVzaCIsImV4cCI6MTcwMzc5MTYzNCwiaWF0IjoxNzAzNzA1MjM0LCJqdGkiOiI4OTRhOWMyY2QxNDE0NjU2OTk5YjgzYmZiOWFkNDEwNyIsInVzZXJfaWQiOjExfQ.2-dMK8kSaz5LdTurS8PWM3pMZnq6xjqeTvttIreFk5g	2023-12-28 01:27:14.41667+06	2023-12-29 01:27:14+06	11	894a9c2cd1414656999b83bfb9ad4107
68	eyJhbGciOiJIUzI1NiIsInR5cCI6IkpXVCJ9.eyJ0b2tlbl90eXBlIjoicmVmcmVzaCIsImV4cCI6MTcwMzc5MTcxNCwiaWF0IjoxNzAzNzA1MzE0LCJqdGkiOiI2ZTdlNjlmNjM4OWE0NjdlYTE0ZTU5N2VmMzNlMGUwYSIsInVzZXJfaWQiOjExfQ.0bW0uwRI74-aWh3fsFp4HTcXtK__AbmwAk54N_UW4oI	2023-12-28 01:28:34.965191+06	2023-12-29 01:28:34+06	11	6e7e69f6389a467ea14e597ef33e0e0a
69	eyJhbGciOiJIUzI1NiIsInR5cCI6IkpXVCJ9.eyJ0b2tlbl90eXBlIjoicmVmcmVzaCIsImV4cCI6MTcwMzc5MTc4NCwiaWF0IjoxNzAzNzA1Mzg0LCJqdGkiOiJhMjBhNjU0YzNiMzE0NzllYmY2NGFkMDRiMDU3MmZmYiIsInVzZXJfaWQiOjExfQ.NuEiPPfOGK9svE3bfxI7jZ5zFjOT9nIco0CLRjzNyQA	2023-12-28 01:29:44.328002+06	2023-12-29 01:29:44+06	11	a20a654c3b31479ebf64ad04b0572ffb
70	eyJhbGciOiJIUzI1NiIsInR5cCI6IkpXVCJ9.eyJ0b2tlbl90eXBlIjoicmVmcmVzaCIsImV4cCI6MTcwMzc5MTc5OCwiaWF0IjoxNzAzNzA1Mzk4LCJqdGkiOiJlYWE0NTUxZWE0NDg0MTQyYTBhOGZiOGQxZjFhNzQ0ZiIsInVzZXJfaWQiOjExfQ.W6GDUZUGeegB_zVQgaPY0KrG9doT6uUNY7Y1W7UvL1k	2023-12-28 01:29:58.93402+06	2023-12-29 01:29:58+06	11	eaa4551ea4484142a0a8fb8d1f1a744f
71	eyJhbGciOiJIUzI1NiIsInR5cCI6IkpXVCJ9.eyJ0b2tlbl90eXBlIjoicmVmcmVzaCIsImV4cCI6MTcwMzc5MjE1NCwiaWF0IjoxNzAzNzA1NzU0LCJqdGkiOiJjNWJkZjM2ZjA1NjM0NmU5YWFiYjY4NjZjNDU2ZGVkZSIsInVzZXJfaWQiOjExfQ.AlenXkMaTs4IM0abg4AFxdQ_nJoqHycle7gRHc6Qfyo	2023-12-28 01:35:54.494916+06	2023-12-29 01:35:54+06	11	c5bdf36f056346e9aabb6866c456dede
72	eyJhbGciOiJIUzI1NiIsInR5cCI6IkpXVCJ9.eyJ0b2tlbl90eXBlIjoicmVmcmVzaCIsImV4cCI6MTcwMzc5MjE4MCwiaWF0IjoxNzAzNzA1NzgwLCJqdGkiOiJiYTQyOTA3NTYxMDI0ZTBmOGVkY2JmM2U5ZDlkYTA5MCIsInVzZXJfaWQiOjExfQ.TZ6LM5I0owQILiclCdOIEMH1itr4yEQKaJpMz8IAlUQ	2023-12-28 01:36:20.792189+06	2023-12-29 01:36:20+06	11	ba42907561024e0f8edcbf3e9d9da090
73	eyJhbGciOiJIUzI1NiIsInR5cCI6IkpXVCJ9.eyJ0b2tlbl90eXBlIjoicmVmcmVzaCIsImV4cCI6MTcwMzc5MjIwNCwiaWF0IjoxNzAzNzA1ODA0LCJqdGkiOiJiNTMwMzMyZmNhYTY0NjY0YWMyZmYyYzFjNzk2OGU1MCIsInVzZXJfaWQiOjExfQ.4EwBSwCBTk4wffK82-0m_zPCKNbga1_VwrRrxsZNtVc	2023-12-28 01:36:44.788035+06	2023-12-29 01:36:44+06	11	b530332fcaa64664ac2ff2c1c7968e50
74	eyJhbGciOiJIUzI1NiIsInR5cCI6IkpXVCJ9.eyJ0b2tlbl90eXBlIjoicmVmcmVzaCIsImV4cCI6MTcwMzc5MjIxOCwiaWF0IjoxNzAzNzA1ODE4LCJqdGkiOiJhMGVmNjRkNzEwMDI0NGRmOGFmMzc4ZWJjZmE2NzNlZCIsInVzZXJfaWQiOjExfQ.CtRr3Xrso91H7oWSA1QjC8vyDSO-3IWljBpB7RnNE7k	2023-12-28 01:36:58.853106+06	2023-12-29 01:36:58+06	11	a0ef64d7100244df8af378ebcfa673ed
75	eyJhbGciOiJIUzI1NiIsInR5cCI6IkpXVCJ9.eyJ0b2tlbl90eXBlIjoicmVmcmVzaCIsImV4cCI6MTcwMzc5MjM1MCwiaWF0IjoxNzAzNzA1OTUwLCJqdGkiOiI3NzI0ZjVlYmY3YTA0MGIxYjlkZmQ3NjJlOTlmMmVjMSIsInVzZXJfaWQiOjExfQ.4NbmPjf4YoqBu9E7lg8F4BzCmZV6OHENDG3olBfadNg	2023-12-28 01:39:10.299252+06	2023-12-29 01:39:10+06	11	7724f5ebf7a040b1b9dfd762e99f2ec1
76	eyJhbGciOiJIUzI1NiIsInR5cCI6IkpXVCJ9.eyJ0b2tlbl90eXBlIjoicmVmcmVzaCIsImV4cCI6MTcwMzc5MjM3NSwiaWF0IjoxNzAzNzA1OTc1LCJqdGkiOiJiZThjZDhhYWU5Yzg0OTA5YTM4YmNjMTAwYzBiNDk2ZiIsInVzZXJfaWQiOjExfQ.g9wi3_bVFSlZ7JBJ6VbjIOimgWOGu0msgLfES1ZDAkk	2023-12-28 01:39:35.158264+06	2023-12-29 01:39:35+06	11	be8cd8aae9c84909a38bcc100c0b496f
77	eyJhbGciOiJIUzI1NiIsInR5cCI6IkpXVCJ9.eyJ0b2tlbl90eXBlIjoicmVmcmVzaCIsImV4cCI6MTcwMzc5MjM4NywiaWF0IjoxNzAzNzA1OTg3LCJqdGkiOiIxNTBmN2MyYjI2M2M0NzhiYjBjMGQ3N2M2NDA1ZWI5MiIsInVzZXJfaWQiOjExfQ.XhQLwh7hi9_Ed6zYoJ1MNGcGVqp1naWHki5C-o5Jej8	2023-12-28 01:39:47.062412+06	2023-12-29 01:39:47+06	11	150f7c2b263c478bb0c0d77c6405eb92
78	eyJhbGciOiJIUzI1NiIsInR5cCI6IkpXVCJ9.eyJ0b2tlbl90eXBlIjoicmVmcmVzaCIsImV4cCI6MTcwMzc5MjQwMiwiaWF0IjoxNzAzNzA2MDAyLCJqdGkiOiJlNzU2ZTdmOGM3ZDY0YmUxODY1YTU3YTRmOTE4NTcwOSIsInVzZXJfaWQiOjExfQ.3XuobAuq-2bLgL4urQsb4uIMWCEqOsVYm3UXRTCnyM8	2023-12-28 01:40:02.066252+06	2023-12-29 01:40:02+06	11	e756e7f8c7d64be1865a57a4f9185709
79	eyJhbGciOiJIUzI1NiIsInR5cCI6IkpXVCJ9.eyJ0b2tlbl90eXBlIjoicmVmcmVzaCIsImV4cCI6MTcwMzc5MjQyMiwiaWF0IjoxNzAzNzA2MDIyLCJqdGkiOiI3OGNlNTdiNDdkZWM0YmQ4YjVhOTIwMTRmMGY4OTQ1NyIsInVzZXJfaWQiOjExfQ.9BJG6SAHluBtmZTcJXovxyRd0XvupTEzkOHULErG82g	2023-12-28 01:40:22.348583+06	2023-12-29 01:40:22+06	11	78ce57b47dec4bd8b5a92014f0f89457
80	eyJhbGciOiJIUzI1NiIsInR5cCI6IkpXVCJ9.eyJ0b2tlbl90eXBlIjoicmVmcmVzaCIsImV4cCI6MTcwMzc5MjQ2OSwiaWF0IjoxNzAzNzA2MDY5LCJqdGkiOiI2NjQ4Y2U1MjA4ZDE0NmExYWYzODJmZjAyNTljYjIzMyIsInVzZXJfaWQiOjExfQ.lHtigSjsMVQI98aMr7eaNOWpO9YFLnSAHVYqZs2BKvs	2023-12-28 01:41:09.989988+06	2023-12-29 01:41:09+06	11	6648ce5208d146a1af382ff0259cb233
81	eyJhbGciOiJIUzI1NiIsInR5cCI6IkpXVCJ9.eyJ0b2tlbl90eXBlIjoicmVmcmVzaCIsImV4cCI6MTcwMzc5MjU2OCwiaWF0IjoxNzAzNzA2MTY4LCJqdGkiOiJlMmRkODEzY2RkNWE0ODY0YmUwOTkzYTIxOTQ1NzFmNCIsInVzZXJfaWQiOjExfQ.f_NbO8J79BTOBAqbzsPJqheTIXGN38hquVRmcx4Q7p0	2023-12-28 01:42:48.975805+06	2023-12-29 01:42:48+06	11	e2dd813cdd5a4864be0993a2194571f4
82	eyJhbGciOiJIUzI1NiIsInR5cCI6IkpXVCJ9.eyJ0b2tlbl90eXBlIjoicmVmcmVzaCIsImV4cCI6MTcwMzc5MjYxNCwiaWF0IjoxNzAzNzA2MjE0LCJqdGkiOiI0ODUyNzdiMjliNWU0YWMyOGRmYTkwOWI0MjY5ZDYxNiIsInVzZXJfaWQiOjExfQ.oYP5ppOOBMx1E6VLpcRZgeHV7fdxBfaCFO79pd7Ha1k	2023-12-28 01:43:34.968076+06	2023-12-29 01:43:34+06	11	485277b29b5e4ac28dfa909b4269d616
83	eyJhbGciOiJIUzI1NiIsInR5cCI6IkpXVCJ9.eyJ0b2tlbl90eXBlIjoicmVmcmVzaCIsImV4cCI6MTcwMzc5MjY3MywiaWF0IjoxNzAzNzA2MjczLCJqdGkiOiJkNzQ5NjI0OGYxZjY0MzA5YjY5MmU1ZmM5OTgwZTEwZiIsInVzZXJfaWQiOjExfQ.WyAx7augGCyv-EOhTe8I3_K0mqMZgJDAnX0-OTf3sKU	2023-12-28 01:44:33.779829+06	2023-12-29 01:44:33+06	11	d7496248f1f64309b692e5fc9980e10f
84	eyJhbGciOiJIUzI1NiIsInR5cCI6IkpXVCJ9.eyJ0b2tlbl90eXBlIjoicmVmcmVzaCIsImV4cCI6MTcwMzc5MjcyMiwiaWF0IjoxNzAzNzA2MzIyLCJqdGkiOiIyMzY1OGRmODU4N2Q0ZTJlOWFjZjliZmFkYTc2OGVhNCIsInVzZXJfaWQiOjExfQ.mgvb7X8JBRzOAHCSTmeIKw3GDNAve9CGE3qGeGQvPbY	2023-12-28 01:45:22.725171+06	2023-12-29 01:45:22+06	11	23658df8587d4e2e9acf9bfada768ea4
85	eyJhbGciOiJIUzI1NiIsInR5cCI6IkpXVCJ9.eyJ0b2tlbl90eXBlIjoicmVmcmVzaCIsImV4cCI6MTcwMzgwMjk5OCwiaWF0IjoxNzAzNzE2NTk4LCJqdGkiOiI3NTgyMWMyZjU0YzQ0NDJiOTQ3MWU0YjQ2MDRlZGViZCIsInVzZXJfaWQiOjIxfQ.Y17jkYpNtHfhc-UwLlxTUri0Mfgx74AB3HjSo57jRUw	2023-12-28 04:36:38.424397+06	2023-12-29 04:36:38+06	21	75821c2f54c4442b9471e4b4604edebd
86	eyJhbGciOiJIUzI1NiIsInR5cCI6IkpXVCJ9.eyJ0b2tlbl90eXBlIjoicmVmcmVzaCIsImV4cCI6MTcwMzg2ODYzMywiaWF0IjoxNzAzNzgyMjMzLCJqdGkiOiI5ZTQyZWY2OTg0NGQ0YTQyYTNjNzRlOGE5NTI3OTNlZCIsInVzZXJfaWQiOjExfQ.p-V0VGyl8sEX4zwX2AoVQwZqflEFqH6XXbpCCra1y5g	2023-12-28 22:50:33.482558+06	2023-12-29 22:50:33+06	11	9e42ef69844d4a42a3c74e8a952793ed
87	eyJhbGciOiJIUzI1NiIsInR5cCI6IkpXVCJ9.eyJ0b2tlbl90eXBlIjoicmVmcmVzaCIsImV4cCI6MTcwMzg2ODc2NCwiaWF0IjoxNzAzNzgyMzY0LCJqdGkiOiJlODAxMWY4ZGU5YjM0MDFiODk3MGZlM2QxNmQ1YmI5MCIsInVzZXJfaWQiOjExfQ.FPI3bmJZaUxH3nuM9RnzsSU5gCM-dblINS8m3g58Zyw	2023-12-28 22:52:44.72395+06	2023-12-29 22:52:44+06	11	e8011f8de9b3401b8970fe3d16d5bb90
88	eyJhbGciOiJIUzI1NiIsInR5cCI6IkpXVCJ9.eyJ0b2tlbl90eXBlIjoicmVmcmVzaCIsImV4cCI6MTcwMzg2OTQ0NCwiaWF0IjoxNzAzNzgzMDQ0LCJqdGkiOiI0MmNiNzZlZDRmNTQ0MTAzYmE3YTQwYjQ3MGFmYWJiNyIsInVzZXJfaWQiOjIyfQ.2dz26xmyQb0N-xOh5esKpReQg5M2FeE1ZlLSQSoKRuI	2023-12-28 23:04:04.026414+06	2023-12-29 23:04:04+06	22	42cb76ed4f544103ba7a40b470afabb7
89	eyJhbGciOiJIUzI1NiIsInR5cCI6IkpXVCJ9.eyJ0b2tlbl90eXBlIjoicmVmcmVzaCIsImV4cCI6MTcwMzg3MDk4MSwiaWF0IjoxNzAzNzg0NTgxLCJqdGkiOiJhZmNlZjg0NmZjZTY0NWMyYjVlMzlmNTFjOTU2YmE3YSIsInVzZXJfaWQiOjIyfQ.95d4E6gp6feH591hCpiNtccvTwFSNbvDDyiZuoZ7Z1c	2023-12-28 23:29:41.094529+06	2023-12-29 23:29:41+06	22	afcef846fce645c2b5e39f51c956ba7a
90	eyJhbGciOiJIUzI1NiIsInR5cCI6IkpXVCJ9.eyJ0b2tlbl90eXBlIjoicmVmcmVzaCIsImV4cCI6MTcwMzg3MTY0NywiaWF0IjoxNzAzNzg1MjQ3LCJqdGkiOiIyNTQ1OWY5NTBhYTQ0YWFlODhhMGQ4MzAyYTk1NDI5MSIsInVzZXJfaWQiOjIzfQ.s86KVCuoaBlEUD2403d_hboLZy0qs-uaI0WjfezOmAM	2023-12-28 23:40:47.33562+06	2023-12-29 23:40:47+06	23	25459f950aa44aae88a0d8302a954291
91	eyJhbGciOiJIUzI1NiIsInR5cCI6IkpXVCJ9.eyJ0b2tlbl90eXBlIjoicmVmcmVzaCIsImV4cCI6MTcwMzg3MTkxNywiaWF0IjoxNzAzNzg1NTE3LCJqdGkiOiI0YzQyMDY4ZmM3NDE0NDc5OGIxNjQwYzdhZTdkODAwZiIsInVzZXJfaWQiOjIyfQ.W1LDEB6EzUCMXuH8V0cVBAEFKLVc_pUJKeFRJjaTJFg	2023-12-28 23:45:17.260606+06	2023-12-29 23:45:17+06	22	4c42068fc74144798b1640c7ae7d800f
92	eyJhbGciOiJIUzI1NiIsInR5cCI6IkpXVCJ9.eyJ0b2tlbl90eXBlIjoicmVmcmVzaCIsImV4cCI6MTcwMzg3Mjg5NSwiaWF0IjoxNzAzNzg2NDk1LCJqdGkiOiJkODVmM2U4M2I3ZTk0OTUwYjJmNWRkYTY5MWVkNTE0YyIsInVzZXJfaWQiOjIyfQ.UNRFLcnVg-QNiR_S9oLnn7GNvn2xdvjjr4QhPc6pQyU	2023-12-29 00:01:35.569926+06	2023-12-30 00:01:35+06	22	d85f3e83b7e94950b2f5dda691ed514c
93	eyJhbGciOiJIUzI1NiIsInR5cCI6IkpXVCJ9.eyJ0b2tlbl90eXBlIjoicmVmcmVzaCIsImV4cCI6MTcwMzg3Mjk3NSwiaWF0IjoxNzAzNzg2NTc1LCJqdGkiOiJkZGZlZjBhNDE5YmU0NjQyYjA3MTFmNmMyNGUwNWJmZSIsInVzZXJfaWQiOjIyfQ.07v7Y7ebkr7uX58Z4bGaGkWXpzSoeC02WflbeIBUNCg	2023-12-29 00:02:55.839843+06	2023-12-30 00:02:55+06	22	ddfef0a419be4642b0711f6c24e05bfe
94	eyJhbGciOiJIUzI1NiIsInR5cCI6IkpXVCJ9.eyJ0b2tlbl90eXBlIjoicmVmcmVzaCIsImV4cCI6MTcwMzg3MzA2NywiaWF0IjoxNzAzNzg2NjY3LCJqdGkiOiIzOTQwNDQzMTllZDQ0NDRiOWQxNGM5MjUxODJlMzg2ZiIsInVzZXJfaWQiOjIyfQ.shh1x-teZx09gIB1N-NSQO-JHjYA3W70jNyVo-JOrs0	\N	2023-12-30 00:04:27+06	\N	394044319ed4444b9d14c925182e386f
95	eyJhbGciOiJIUzI1NiIsInR5cCI6IkpXVCJ9.eyJ0b2tlbl90eXBlIjoicmVmcmVzaCIsImV4cCI6MTcwMzg4MDk5NCwiaWF0IjoxNzAzNzk0NTk0LCJqdGkiOiIxYTczNDdkZTAwODc0ZmIwYTJlOTE0ODgzYzI4Mzg3MiIsInVzZXJfaWQiOjI3fQ.oMgXXSmgrBcVLH8PUxtZMi1DfhHmYQzn_ROEuk7cknk	2023-12-29 02:16:34.675401+06	2023-12-30 02:16:34+06	27	1a7347de00874fb0a2e914883c283872
96	eyJhbGciOiJIUzI1NiIsInR5cCI6IkpXVCJ9.eyJ0b2tlbl90eXBlIjoicmVmcmVzaCIsImV4cCI6MTcwMzg4MTgwOSwiaWF0IjoxNzAzNzk1NDA5LCJqdGkiOiI4YzQ1NWE2YzNmNzM0ZWU2ODEyNDZiMTAzOWI1MzAxMiIsInVzZXJfaWQiOjI4fQ.OoOLFjOmXowWZ77fXUYKKvUR_dbsiV0WtsS-PwSFuRs	2023-12-29 02:30:09.737924+06	2023-12-30 02:30:09+06	28	8c455a6c3f734ee681246b1039b53012
97	eyJhbGciOiJIUzI1NiIsInR5cCI6IkpXVCJ9.eyJ0b2tlbl90eXBlIjoicmVmcmVzaCIsImV4cCI6MTcwMzg4MjUyMywiaWF0IjoxNzAzNzk2MTIzLCJqdGkiOiI4NTFkODQ5MjVlYjg0NjMxODk1Mjc5NDNiMGY1MjJhMSIsInVzZXJfaWQiOjI5fQ.UYhTAIzbYUwTEee42YEEWXMMAXWihZGXkL8nCrG0IJg	2023-12-29 02:42:03.285319+06	2023-12-30 02:42:03+06	29	851d84925eb8463189527943b0f522a1
98	eyJhbGciOiJIUzI1NiIsInR5cCI6IkpXVCJ9.eyJ0b2tlbl90eXBlIjoicmVmcmVzaCIsImV4cCI6MTcwMzg4Mjg4MCwiaWF0IjoxNzAzNzk2NDgwLCJqdGkiOiI2NjU2ZjViZDk3NGI0YzVhYmNiMjQyZjRkOWMzY2I2MSIsInVzZXJfaWQiOjMwfQ.7994AHKjCO1ERbJtqCsf5iLgNOWhL7UC62khrRKYOGA	2023-12-29 02:48:00.394366+06	2023-12-30 02:48:00+06	30	6656f5bd974b4c5abcb242f4d9c3cb61
99	eyJhbGciOiJIUzI1NiIsInR5cCI6IkpXVCJ9.eyJ0b2tlbl90eXBlIjoicmVmcmVzaCIsImV4cCI6MTcwMzg4NDU4MSwiaWF0IjoxNzAzNzk4MTgxLCJqdGkiOiJkOTcxMWExOGFiMGQ0NGI2YTE1ODZiNWI0OGIwNmE3ZiIsInVzZXJfaWQiOjMxfQ.Hy4f4wd9FWY40vqZEmzJ7RnVQ7BcObmi0HjJwYVhZ34	2023-12-29 03:16:21.863007+06	2023-12-30 03:16:21+06	31	d9711a18ab0d44b6a1586b5b48b06a7f
100	eyJhbGciOiJIUzI1NiIsInR5cCI6IkpXVCJ9.eyJ0b2tlbl90eXBlIjoicmVmcmVzaCIsImV4cCI6MTcwMzg4NTc4OSwiaWF0IjoxNzAzNzk5Mzg5LCJqdGkiOiI1MThmNTYyNGQ1ODE0ODZmOTgzZTY1NDFlMzc3NzkwMiIsInVzZXJfaWQiOjMyfQ.FKCN9Pm0ujgqklrQZqXs1qNZDUjjPUGKNnLP0OOByGY	2023-12-29 03:36:29.37837+06	2023-12-30 03:36:29+06	32	518f5624d581486f983e6541e3777902
101	eyJhbGciOiJIUzI1NiIsInR5cCI6IkpXVCJ9.eyJ0b2tlbl90eXBlIjoicmVmcmVzaCIsImV4cCI6MTcwMzg4NTc5MiwiaWF0IjoxNzAzNzk5MzkyLCJqdGkiOiIzNzczOTI4ZjFkMTY0MDI3OTk5ZTIzYmY0ZjRhZWVjYSIsInVzZXJfaWQiOjMyfQ.hix1wkRPqwRKRIMyAbmkYndHfeoG7njsFzsgOTeWzJU	\N	2023-12-30 03:36:32+06	\N	3773928f1d164027999e23bf4f4aeeca
102	eyJhbGciOiJIUzI1NiIsInR5cCI6IkpXVCJ9.eyJ0b2tlbl90eXBlIjoicmVmcmVzaCIsImV4cCI6MTcwMzg4NzIwNiwiaWF0IjoxNzAzODAwODA2LCJqdGkiOiI5NjY1OTA2YzQwNzI0NjU0Yjk4YjdiNzIyNjUxZjExNSIsInVzZXJfaWQiOjMzfQ.tCcUofbzpapLX1-so7gYcW5Ny5uNaBVg3pIoHgSUNHY	2023-12-29 04:00:06.426018+06	2023-12-30 04:00:06+06	33	9665906c40724654b98b7b722651f115
103	eyJhbGciOiJIUzI1NiIsInR5cCI6IkpXVCJ9.eyJ0b2tlbl90eXBlIjoicmVmcmVzaCIsImV4cCI6MTcwMzg4NzI5NiwiaWF0IjoxNzAzODAwODk2LCJqdGkiOiJjMjlkMzg5MWI4NzQ0NmQwYWU0ODcxMjYyYzM1NGQ1MyIsInVzZXJfaWQiOjI3fQ.u6iptSNqEnHSG547H-hc4Gr77ESu9GchuI_zc_7S7cc	2023-12-29 04:01:36.426203+06	2023-12-30 04:01:36+06	27	c29d3891b87446d0ae4871262c354d53
104	eyJhbGciOiJIUzI1NiIsInR5cCI6IkpXVCJ9.eyJ0b2tlbl90eXBlIjoicmVmcmVzaCIsImV4cCI6MTcwMzg4NzMyMywiaWF0IjoxNzAzODAwOTIzLCJqdGkiOiI4M2MxZjg2MmYwODI0MTY1OThkMmQwNGU1OWY3ZGIxYSIsInVzZXJfaWQiOjIyfQ.I7U017HzaosYsmXzBr_yz5ZA7SA7MG4b_0DqSp14Q6E	2023-12-29 04:02:03.075125+06	2023-12-30 04:02:03+06	22	83c1f862f082416598d2d04e59f7db1a
105	eyJhbGciOiJIUzI1NiIsInR5cCI6IkpXVCJ9.eyJ0b2tlbl90eXBlIjoicmVmcmVzaCIsImV4cCI6MTcwMzg4OTU3MSwiaWF0IjoxNzAzODAzMTcxLCJqdGkiOiIzNGU5NmJlNDk5MTY0NzI5ODQyNDkzY2RkZjA2ZmMxMiIsInVzZXJfaWQiOjIyfQ.xmB9kNIAgS0uyuJp3_C1XcRDWk1I9Y6QsL3IusBxmik	2023-12-29 04:39:31.536021+06	2023-12-30 04:39:31+06	22	34e96be499164729842493cddf06fc12
106	eyJhbGciOiJIUzI1NiIsInR5cCI6IkpXVCJ9.eyJ0b2tlbl90eXBlIjoicmVmcmVzaCIsImV4cCI6MTcwMzg5MDk5NiwiaWF0IjoxNzAzODA0NTk2LCJqdGkiOiJlNDMwMTgzN2JhZjQ0Zjc5ODY3OWI3ZDY4ZGY5OGQyOCIsInVzZXJfaWQiOjM0fQ.DmTwSrK9PnYEto7dWZh3riNnNadXZQyM518Np9f_lXk	2023-12-29 05:03:16.14499+06	2023-12-30 05:03:16+06	34	e4301837baf44f798679b7d68df98d28
107	eyJhbGciOiJIUzI1NiIsInR5cCI6IkpXVCJ9.eyJ0b2tlbl90eXBlIjoicmVmcmVzaCIsImV4cCI6MTcwMzg5MTAxMCwiaWF0IjoxNzAzODA0NjEwLCJqdGkiOiIxYmQ1ZWZmYzUzNmI0NWU0YjhlMTExNGUyNTY2MTVlOSIsInVzZXJfaWQiOjIyfQ.6v16Hgw6w4s16jEdhv8iY49fut1fAKxnQNEaa1SILFo	2023-12-29 05:03:30.270952+06	2023-12-30 05:03:30+06	22	1bd5effc536b45e4b8e1114e256615e9
108	eyJhbGciOiJIUzI1NiIsInR5cCI6IkpXVCJ9.eyJ0b2tlbl90eXBlIjoicmVmcmVzaCIsImV4cCI6MTcwMzg5MTc3MSwiaWF0IjoxNzAzODA1MzcxLCJqdGkiOiJiMjc3NmUyYmIxNzc0N2NiODg1YjE4Mzg3NWFkZWNkOCIsInVzZXJfaWQiOjM1fQ.fuwnC3vsv45MrsTEx27CwcfI8Fmqw6b7nYhHtpAZ2pQ	2023-12-29 05:16:11.017869+06	2023-12-30 05:16:11+06	35	b2776e2bb17747cb885b183875adecd8
109	eyJhbGciOiJIUzI1NiIsInR5cCI6IkpXVCJ9.eyJ0b2tlbl90eXBlIjoicmVmcmVzaCIsImV4cCI6MTcwMzg5MTc3OSwiaWF0IjoxNzAzODA1Mzc5LCJqdGkiOiI5OWFiYWQwMjMyNjA0YWQ5ODhjYjdhMTUyOWNjNGUwNyIsInVzZXJfaWQiOjIyfQ.oJHDAAC6fZn6V8Bz0H3usHFaaOgrAgBfWmwxtYLmMS0	2023-12-29 05:16:19.968632+06	2023-12-30 05:16:19+06	22	99abad0232604ad988cb7a1529cc4e07
110	eyJhbGciOiJIUzI1NiIsInR5cCI6IkpXVCJ9.eyJ0b2tlbl90eXBlIjoicmVmcmVzaCIsImV4cCI6MTcwMzg5MzM4NywiaWF0IjoxNzAzODA2OTg3LCJqdGkiOiIwODAyMTQ4OTQyNTE0OGY2OTMyMzg2OTkzYTE5MjJjYyIsInVzZXJfaWQiOjM2fQ.eebtq2idRwj-2yL7h8QzGPJ_IpnN_Szdh6yGfT4zUVU	2023-12-29 05:43:07.01932+06	2023-12-30 05:43:07+06	36	08021489425148f6932386993a1922cc
111	eyJhbGciOiJIUzI1NiIsInR5cCI6IkpXVCJ9.eyJ0b2tlbl90eXBlIjoicmVmcmVzaCIsImV4cCI6MTcwMzg5MzM5NiwiaWF0IjoxNzAzODA2OTk2LCJqdGkiOiJhMjJkMWRkYjRiYmY0NWQyYWZiYzZiNDY5YTQ0MTQ1NyIsInVzZXJfaWQiOjIyfQ.fRJfFU5RJNmPi62Ee1_uOyTouiL-9RzBFxTy5_HE5BA	2023-12-29 05:43:16.020555+06	2023-12-30 05:43:16+06	22	a22d1ddb4bbf45d2afbc6b469a441457
112	eyJhbGciOiJIUzI1NiIsInR5cCI6IkpXVCJ9.eyJ0b2tlbl90eXBlIjoicmVmcmVzaCIsImV4cCI6MTcwMzg5MzQ5MSwiaWF0IjoxNzAzODA3MDkxLCJqdGkiOiIxMGE5ZmQzYWFmZWM0NWJhYWZiYjBiNDY3ZDQwNDVkYSIsInVzZXJfaWQiOjM2fQ.c3ee0c6F1Rxfwj80Ph7sCxcZ4AbOvuJKi4kcLTb-CxA	\N	2023-12-30 05:44:51+06	\N	10a9fd3aafec45baafbb0b467d4045da
113	eyJhbGciOiJIUzI1NiIsInR5cCI6IkpXVCJ9.eyJ0b2tlbl90eXBlIjoicmVmcmVzaCIsImV4cCI6MTcwMzg5MzU0MiwiaWF0IjoxNzAzODA3MTQyLCJqdGkiOiJjN2VkN2UyZTI3NDc0MmZhOWY3OGZlZTc3NDJkZWQ3MyIsInVzZXJfaWQiOjM2fQ.7ZkeN6VR0snpj5JY9Wrg3zlwXkSNOuqhj-oUe5nbhCM	\N	2023-12-30 05:45:42+06	\N	c7ed7e2e274742fa9f78fee7742ded73
114	eyJhbGciOiJIUzI1NiIsInR5cCI6IkpXVCJ9.eyJ0b2tlbl90eXBlIjoicmVmcmVzaCIsImV4cCI6MTcwMzg5MzgxOSwiaWF0IjoxNzAzODA3NDE5LCJqdGkiOiI4MTZjZjZmZTFmNDQ0MDg5OTZiODE3YzJjNzdmM2M5MiIsInVzZXJfaWQiOjM2fQ.WmCroQjh79tsE_B4HvUuJzk3TarxpKIs_5ecLZc0KxU	2023-12-29 05:50:19.941257+06	2023-12-30 05:50:19+06	36	816cf6fe1f44408996b817c2c77f3c92
115	eyJhbGciOiJIUzI1NiIsInR5cCI6IkpXVCJ9.eyJ0b2tlbl90eXBlIjoicmVmcmVzaCIsImV4cCI6MTcwMzg5MzgzMSwiaWF0IjoxNzAzODA3NDMxLCJqdGkiOiI4YWI2MGI4ZmM0ODU0MTFjYmM2ZDc5MzlhZjMwNmFmYSIsInVzZXJfaWQiOjIyfQ.LfLWYuf7t6zLMTlVJiezxIRsLmJ3Ql4FDelWEhU7OLw	2023-12-29 05:50:31.757209+06	2023-12-30 05:50:31+06	22	8ab60b8fc485411cbc6d7939af306afa
116	eyJhbGciOiJIUzI1NiIsInR5cCI6IkpXVCJ9.eyJ0b2tlbl90eXBlIjoicmVmcmVzaCIsImV4cCI6MTcwMzg5NTAzMiwiaWF0IjoxNzAzODA4NjMyLCJqdGkiOiIxMDNjMDI3MzdmOTA0YTJhYjhiYzY4M2EyMWQyNjIxZiIsInVzZXJfaWQiOjM1fQ.M_tzHl9oSizDBEN-lyB68xXkwI4uHj1c4aSeowtxSHk	2023-12-29 06:10:32.925759+06	2023-12-30 06:10:32+06	35	103c02737f904a2ab8bc683a21d2621f
117	eyJhbGciOiJIUzI1NiIsInR5cCI6IkpXVCJ9.eyJ0b2tlbl90eXBlIjoicmVmcmVzaCIsImV4cCI6MTcwMzg5NTA0NCwiaWF0IjoxNzAzODA4NjQ0LCJqdGkiOiJlMDk1NjMzNGI5Zjc0ZjRlYTJlMzg3NjRlMzljNDBmMiIsInVzZXJfaWQiOjIyfQ.RS7CEjF4JkAOucE9OWpkXQRCoelLpu9p7tmk14r95es	2023-12-29 06:10:44.488072+06	2023-12-30 06:10:44+06	22	e0956334b9f74f4ea2e38764e39c40f2
118	eyJhbGciOiJIUzI1NiIsInR5cCI6IkpXVCJ9.eyJ0b2tlbl90eXBlIjoicmVmcmVzaCIsImV4cCI6MTcwMzg5NTU4MywiaWF0IjoxNzAzODA5MTgzLCJqdGkiOiI2N2Y4ODE1ZTEwMjA0NGU0OTY1ODU4OTc2Mjk1NTY3ZCIsInVzZXJfaWQiOjM1fQ.5D7B8LOvtnJB2RSS2dsy1c650zkOXSXLf7d6MooHBA8	\N	2023-12-30 06:19:43+06	\N	67f8815e102044e4965858976295567d
119	eyJhbGciOiJIUzI1NiIsInR5cCI6IkpXVCJ9.eyJ0b2tlbl90eXBlIjoicmVmcmVzaCIsImV4cCI6MTcwMzg5NzE5OCwiaWF0IjoxNzAzODEwNzk4LCJqdGkiOiIxMzkxOTFiMGM0YmQ0NzUwODY4ODAyNDA1ZWE4OTdhMCIsInVzZXJfaWQiOjM1fQ.oDOqjrOW7Jze0kuSmT5Yjrq1Hdq6Kfi2Tl4MKYcbRoM	\N	2023-12-30 06:46:38+06	\N	139191b0c4bd4750868802405ea897a0
120	eyJhbGciOiJIUzI1NiIsInR5cCI6IkpXVCJ9.eyJ0b2tlbl90eXBlIjoicmVmcmVzaCIsImV4cCI6MTcwMzg5NzYzMCwiaWF0IjoxNzAzODExMjMwLCJqdGkiOiIzMzE4ZjIwMzdiOWE0YmJhYmZmYmE3MDZjNTQ0MDU5ZSIsInVzZXJfaWQiOjEyfQ.vwhGLgaNGchPc9EvfqrvVN1BBOZhaiFrhoEOHAA8UX0	2023-12-29 06:53:50.001492+06	2023-12-30 06:53:50+06	12	3318f2037b9a4bbabffba706c544059e
121	eyJhbGciOiJIUzI1NiIsInR5cCI6IkpXVCJ9.eyJ0b2tlbl90eXBlIjoicmVmcmVzaCIsImV4cCI6MTcwMzg5Nzg5NywiaWF0IjoxNzAzODExNDk3LCJqdGkiOiIwNTg4NWM4NDNiNjc0MGI5OGNkN2MyODkyMzA5OTg2MyIsInVzZXJfaWQiOjEyfQ.rEvagO2pLNZVmpyZjjJhaoDJwFjue-EAFnr5S_PiL-U	2023-12-29 06:58:17.253917+06	2023-12-30 06:58:17+06	12	05885c843b6740b98cd7c28923099863
122	eyJhbGciOiJIUzI1NiIsInR5cCI6IkpXVCJ9.eyJ0b2tlbl90eXBlIjoicmVmcmVzaCIsImV4cCI6MTcwMzkzNzAzMCwiaWF0IjoxNzAzODUwNjMwLCJqdGkiOiI0OTkyYTc1MjU0OGU0ZjUzODU2YTdiMmFkMmU5OWMxOSIsInVzZXJfaWQiOjEyfQ.dXgR4CeeMljg-Hyx4Iiz__SfNTz1CcVpC5oJt1fxWuU	2023-12-29 17:50:30.813667+06	2023-12-30 17:50:30+06	12	4992a752548e4f53856a7b2ad2e99c19
123	eyJhbGciOiJIUzI1NiIsInR5cCI6IkpXVCJ9.eyJ0b2tlbl90eXBlIjoicmVmcmVzaCIsImV4cCI6MTcwMzk1MDE4NCwiaWF0IjoxNzAzODYzNzg0LCJqdGkiOiJlYWI2ZTkzYTE0Njc0MTU3ODllZGQ2MGU1NDFiYzI1OCIsInVzZXJfaWQiOjM3fQ.zxJztSDwslvIzRp1CGvCurSPaw-KZdcYxy7ILJg6zAQ	2023-12-29 21:29:44.738775+06	2023-12-30 21:29:44+06	37	eab6e93a1467415789edd60e541bc258
124	eyJhbGciOiJIUzI1NiIsInR5cCI6IkpXVCJ9.eyJ0b2tlbl90eXBlIjoicmVmcmVzaCIsImV4cCI6MTcwNDAzNjk2MywiaWF0IjoxNzAzOTUwNTYzLCJqdGkiOiIxYTE0MDY3MTZlOTM0ZGYwYTBiNjk3NmM0OTk4Yjg1NiIsInVzZXJfaWQiOjEyfQ.Tbk_An53xOwi0DAQBFodeRgbOUpCdBIvu7yy5MvH2ZA	2023-12-30 21:36:03.867775+06	2023-12-31 21:36:03+06	12	1a1406716e934df0a0b6976c4998b856
125	eyJhbGciOiJIUzI1NiIsInR5cCI6IkpXVCJ9.eyJ0b2tlbl90eXBlIjoicmVmcmVzaCIsImV4cCI6MTcwNDAzODA1NSwiaWF0IjoxNzAzOTUxNjU1LCJqdGkiOiJiZWNmMjg0ZTllNWU0ZTQ2OTE3ZGE5ZDZhN2YwN2FjOCIsInVzZXJfaWQiOjIyfQ.LQuEYO2RYERRTjcoqTP-62HEoVjw8jERRqFnWupSNR4	2023-12-30 21:54:15.006256+06	2023-12-31 21:54:15+06	22	becf284e9e5e4e46917da9d6a7f07ac8
126	eyJhbGciOiJIUzI1NiIsInR5cCI6IkpXVCJ9.eyJ0b2tlbl90eXBlIjoicmVmcmVzaCIsImV4cCI6MTcwNDAzODMxNSwiaWF0IjoxNzAzOTUxOTE1LCJqdGkiOiJhZjgzYTRhNjJkZWM0ZTYxYjAxZWQwOWFlNTAzYzcyMSIsInVzZXJfaWQiOjIyfQ.RTbZjF7Ht9sejEmc9xEuJDds7pwvH7EaUukbi37kxfQ	2023-12-30 21:58:35.904223+06	2023-12-31 21:58:35+06	22	af83a4a62dec4e61b01ed09ae503c721
127	eyJhbGciOiJIUzI1NiIsInR5cCI6IkpXVCJ9.eyJ0b2tlbl90eXBlIjoicmVmcmVzaCIsImV4cCI6MTcwNDAzODMxOCwiaWF0IjoxNzAzOTUxOTE4LCJqdGkiOiJiNjA5YzNhYmU4NWI0MGVmOGYyNjI0OWU0NzdhNjcyOSIsInVzZXJfaWQiOjIyfQ.ouhHltvqrQHfwhYhaUYS6gCsQuxmzuZ_Nm9h8OFooms	2023-12-30 21:58:38.973102+06	2023-12-31 21:58:38+06	22	b609c3abe85b40ef8f26249e477a6729
128	eyJhbGciOiJIUzI1NiIsInR5cCI6IkpXVCJ9.eyJ0b2tlbl90eXBlIjoicmVmcmVzaCIsImV4cCI6MTcwNDAzODMyNywiaWF0IjoxNzAzOTUxOTI3LCJqdGkiOiJhMTMzMjkwNzQyNTE0MTliOWFmYjBmYjY4ZDJmYmQxNCIsInVzZXJfaWQiOjIyfQ.TE1Nu3JytWNFoMgrRK6Wc46-6IQslEe6Fld4YAf9UQw	2023-12-30 21:58:47.409125+06	2023-12-31 21:58:47+06	22	a13329074251419b9afb0fb68d2fbd14
129	eyJhbGciOiJIUzI1NiIsInR5cCI6IkpXVCJ9.eyJ0b2tlbl90eXBlIjoicmVmcmVzaCIsImV4cCI6MTcwNDAzODM2NSwiaWF0IjoxNzAzOTUxOTY1LCJqdGkiOiI5ZmJhMjRhMWZhNmM0OWZlYTQ3YjE4YjE0N2QxZTI3YSIsInVzZXJfaWQiOjIyfQ.DoDJA1vfI0__8mYOp8vY_S-MQnvG8YxnKEhp-OTAKg8	2023-12-30 21:59:25.749205+06	2023-12-31 21:59:25+06	22	9fba24a1fa6c49fea47b18b147d1e27a
130	eyJhbGciOiJIUzI1NiIsInR5cCI6IkpXVCJ9.eyJ0b2tlbl90eXBlIjoicmVmcmVzaCIsImV4cCI6MTcwNDAzODM5MiwiaWF0IjoxNzAzOTUxOTkyLCJqdGkiOiI0MjcwNjM0N2MzYzg0YmNjOTdhNDQ3OTRhYzc4OWM0NCIsInVzZXJfaWQiOjIyfQ.8CpSbIlyxag-rEf_zpca8V0igTxClAev4f8Zyfu3aKE	2023-12-30 21:59:52.821402+06	2023-12-31 21:59:52+06	22	42706347c3c84bcc97a44794ac789c44
131	eyJhbGciOiJIUzI1NiIsInR5cCI6IkpXVCJ9.eyJ0b2tlbl90eXBlIjoicmVmcmVzaCIsImV4cCI6MTcwNDAzODY2MCwiaWF0IjoxNzAzOTUyMjYwLCJqdGkiOiIwYjc0MDlkZTUwMTE0ZjgwYjFkMmJmYzI2YzQwNzI4NyIsInVzZXJfaWQiOjIyfQ._tDH6sLAo7vuzliRCgMKNu-Az_q2fIogIeutBpFmgWs	2023-12-30 22:04:20.621756+06	2023-12-31 22:04:20+06	22	0b7409de50114f80b1d2bfc26c407287
132	eyJhbGciOiJIUzI1NiIsInR5cCI6IkpXVCJ9.eyJ0b2tlbl90eXBlIjoicmVmcmVzaCIsImV4cCI6MTcwNDAzODcxMiwiaWF0IjoxNzAzOTUyMzEyLCJqdGkiOiI4OGQyMDQyNGQ2YWI0ODVjODRjODM5ZTA0OTM0YjAzZSIsInVzZXJfaWQiOjIyfQ.ZLYE3ovlOi0k7PN1L0XbhZ5OBVCxO16IsGbPordlF_g	2023-12-30 22:05:12.454328+06	2023-12-31 22:05:12+06	22	88d20424d6ab485c84c839e04934b03e
133	eyJhbGciOiJIUzI1NiIsInR5cCI6IkpXVCJ9.eyJ0b2tlbl90eXBlIjoicmVmcmVzaCIsImV4cCI6MTcwNDEzMzE4OSwiaWF0IjoxNzA0MTMzMTI5LCJqdGkiOiIwYTE0YTY4ZDA0Y2U0NTdiOTZiZDEwZGJiNjMzNzNhYiIsInVzZXJfaWQiOjEyfQ.qbvahbNbKtoy37uTSoJqttU0Qs_IpKQFuQy6p-dEgdg	2024-01-02 00:18:49.018199+06	2024-01-02 00:19:49+06	12	0a14a68d04ce457b96bd10dbb63373ab
134	eyJhbGciOiJIUzI1NiIsInR5cCI6IkpXVCJ9.eyJ0b2tlbl90eXBlIjoicmVmcmVzaCIsImV4cCI6MTcwNDEzMzIwMywiaWF0IjoxNzA0MTMzMTQzLCJqdGkiOiJmNDdlZjEwYzlkMmY0ODVmODY1NTQ0YjdjYzQ0YTA1MSIsInVzZXJfaWQiOjEyfQ.bT8tGsXw_3L1XXePJAe5wEtfW9J9DNOxAwlYWf8X2_g	2024-01-02 00:19:03.318642+06	2024-01-02 00:20:03+06	12	f47ef10c9d2f485f865544b7cc44a051
135	eyJhbGciOiJIUzI1NiIsInR5cCI6IkpXVCJ9.eyJ0b2tlbl90eXBlIjoicmVmcmVzaCIsImV4cCI6MTcwNDIxMDY2NywiaWF0IjoxNzA0MjEwNjA3LCJqdGkiOiI3ZTY1ZDc5MjFiZjA0MDBhODMxYzM2M2RkODRlMGEzNiIsInVzZXJfaWQiOjEyfQ.51JQps8CZ3SvcM5qx2uYK4D6g-J-ZBe8B_-1QC5g6Ic	2024-01-02 21:50:07.557168+06	2024-01-02 21:51:07+06	12	7e65d7921bf0400a831c363dd84e0a36
136	eyJhbGciOiJIUzI1NiIsInR5cCI6IkpXVCJ9.eyJ0b2tlbl90eXBlIjoicmVmcmVzaCIsImV4cCI6MTcwNDIxNDMwNSwiaWF0IjoxNzA0MjE0MjQ1LCJqdGkiOiJlMjQzMWViNWU2MTM0ODMzYTgyZjZiYzYwNDA4ZThkYiIsInVzZXJfaWQiOjExfQ.btsPKoItahbVt_wu0ks8gHR_p5RbEE50oy8HSJ1CVJs	2024-01-02 22:50:45.737683+06	2024-01-02 22:51:45+06	11	e2431eb5e6134833a82f6bc60408e8db
137	eyJhbGciOiJIUzI1NiIsInR5cCI6IkpXVCJ9.eyJ0b2tlbl90eXBlIjoicmVmcmVzaCIsImV4cCI6MTcwNDIxNDUxOCwiaWF0IjoxNzA0MjE0NDU4LCJqdGkiOiI4Njc1OGY3OTcxNDQ0OTIxYjMzNmE3YzU3MGIwMjg3OCIsInVzZXJfaWQiOjExfQ.rFHQNng-b4nXGU05s3Ngwn2HK4JX3rlwux1tM75IqCM	2024-01-02 22:54:18.71452+06	2024-01-02 22:55:18+06	11	86758f7971444921b336a7c570b02878
138	eyJhbGciOiJIUzI1NiIsInR5cCI6IkpXVCJ9.eyJ0b2tlbl90eXBlIjoicmVmcmVzaCIsImV4cCI6MTcwNDIzMjIyMCwiaWF0IjoxNzA0MjMyMTYwLCJqdGkiOiI3NTM3ZDdhOGVkOTY0ZTMyYmJmZDQ3ZWI5YjAzNWE5MyIsInVzZXJfaWQiOjEyfQ.mqmFR1i6_wZZy-jZEcpvcjj-zHW8Up0tZsYyoG3GqYg	2024-01-03 03:49:20.275279+06	2024-01-03 03:50:20+06	12	7537d7a8ed964e32bbfd47eb9b035a93
139	eyJhbGciOiJIUzI1NiIsInR5cCI6IkpXVCJ9.eyJ0b2tlbl90eXBlIjoicmVmcmVzaCIsImV4cCI6MTcwNDM4NjYyNCwiaWF0IjoxNzA0Mzg2NTY0LCJqdGkiOiIwNDA5ZWU2MTY0ODg0ODkzOTMzNzZmZTVmZDU0ZjVmYiIsInVzZXJfaWQiOjEyfQ.E_l4SesnqJSrodTgh2EvaUhpcEJoLEeqjj9KISrrUJI	2024-01-04 22:42:44.971717+06	2024-01-04 22:43:44+06	12	0409ee616488489393376fe5fd54f5fb
140	eyJhbGciOiJIUzI1NiIsInR5cCI6IkpXVCJ9.eyJ0b2tlbl90eXBlIjoicmVmcmVzaCIsImV4cCI6MTcwNDM4NzQ2OCwiaWF0IjoxNzA0Mzg3NDA4LCJqdGkiOiI3MTdmMmFmYWI3MTk0ZDY0ODMzMzEzOTE2ODIxYTcyYiIsInVzZXJfaWQiOjExfQ.Lsk_YvxyDIQ2sMU7Syvswu02D2MMkLFEI0RVyaOFM1k	2024-01-04 22:56:48.91513+06	2024-01-04 22:57:48+06	11	717f2afab7194d64833313916821a72b
141	eyJhbGciOiJIUzI1NiIsInR5cCI6IkpXVCJ9.eyJ0b2tlbl90eXBlIjoicmVmcmVzaCIsImV4cCI6MTcwNDM4NzY0NSwiaWF0IjoxNzA0Mzg3NTg1LCJqdGkiOiI0NjcwODhkZWZjYTE0NDZlOTUwY2ZhZmQ2ZDU2ZjBmNiIsInVzZXJfaWQiOjExfQ.Q8eq2iBtlpJE5zS4YmwByEUa9L-0x7LgO8noD7pnecA	2024-01-04 22:59:45.319739+06	2024-01-04 23:00:45+06	11	467088defca1446e950cfafd6d56f0f6
142	eyJhbGciOiJIUzI1NiIsInR5cCI6IkpXVCJ9.eyJ0b2tlbl90eXBlIjoicmVmcmVzaCIsImV4cCI6MTcwNDM4Nzc1MywiaWF0IjoxNzA0Mzg3NjkzLCJqdGkiOiJmOWY5ZTNjYTkxZmI0MDdkYTgzZmY5NzEyZGIwOWQxMiIsInVzZXJfaWQiOjExfQ.zbhqPeT--RfRQ6Gh9dWrgXZcQbhhvgFsTZqW64QlN4U	2024-01-04 23:01:33.774681+06	2024-01-04 23:02:33+06	11	f9f9e3ca91fb407da83ff9712db09d12
143	eyJhbGciOiJIUzI1NiIsInR5cCI6IkpXVCJ9.eyJ0b2tlbl90eXBlIjoicmVmcmVzaCIsImV4cCI6MTcwNDM5MDYzNiwiaWF0IjoxNzA0MzkwNTc2LCJqdGkiOiIyODk3MWVhZTAyNmE0ZTk1YjM2NGU2NjFkODg5MmE5OSIsInVzZXJfaWQiOjExfQ.cK1y7FO7racVkB3L_tMX94V_eOs7D2xOvdQx8PgrNyQ	2024-01-04 23:49:36.619658+06	2024-01-04 23:50:36+06	11	28971eae026a4e95b364e661d8892a99
144	eyJhbGciOiJIUzI1NiIsInR5cCI6IkpXVCJ9.eyJ0b2tlbl90eXBlIjoicmVmcmVzaCIsImV4cCI6MTcwNDM5MDczNiwiaWF0IjoxNzA0MzkwNjc2LCJqdGkiOiJkYjdhZWVjNzAyZjU0NTc4OTE3YWI2MzI5ZDMxNWYxNCIsInVzZXJfaWQiOjExfQ.H4ZWCPNo9RapEuXq6X-3ESImAvDghX829y6ae-1kGpU	2024-01-04 23:51:16.081627+06	2024-01-04 23:52:16+06	11	db7aeec702f54578917ab6329d315f14
145	eyJhbGciOiJIUzI1NiIsInR5cCI6IkpXVCJ9.eyJ0b2tlbl90eXBlIjoicmVmcmVzaCIsImV4cCI6MTcwNDM5MDgyNywiaWF0IjoxNzA0MzkwNzY3LCJqdGkiOiJkMDdhYzYyODE4NTY0NTlkOWEzNzdkMDc5ZGIyYjllZCIsInVzZXJfaWQiOjExfQ.4pKEp_FkvwWtyP_2DzoCTsr3uScwerC5cheSS1GEtNc	2024-01-04 23:52:47.630305+06	2024-01-04 23:53:47+06	11	d07ac6281856459d9a377d079db2b9ed
146	eyJhbGciOiJIUzI1NiIsInR5cCI6IkpXVCJ9.eyJ0b2tlbl90eXBlIjoicmVmcmVzaCIsImV4cCI6MTcwNDQ3OTQzMiwiaWF0IjoxNzA0MzkzMDMyLCJqdGkiOiI1MmJmYzg0ZDhiNDE0YzEzODRlZTQ3MTA4OGQ3NzYxMyIsInVzZXJfaWQiOjEyfQ.B6mZATkjGtlsg78_hYYlvWDFaICJS8-JJeFM8_zzfbw	2024-01-05 00:30:32.052478+06	2024-01-06 00:30:32+06	12	52bfc84d8b414c1384ee471088d77613
147	eyJhbGciOiJIUzI1NiIsInR5cCI6IkpXVCJ9.eyJ0b2tlbl90eXBlIjoicmVmcmVzaCIsImV4cCI6MTcwNDM5Njc3NiwiaWF0IjoxNzA0MzkzMTc2LCJqdGkiOiIwOTZmMmQ2ZjNiNTU0MjAxYjNkZDZhNjE3YWNkMjI1NiIsInVzZXJfaWQiOjExfQ.RZ5sRhc79rfBQHpDJ6Ld7I8zmauuKSfI3Gh_WsEKhXo	2024-01-05 00:32:56.980537+06	2024-01-05 01:32:56+06	11	096f2d6f3b554201b3dd6a617acd2256
148	eyJhbGciOiJIUzI1NiIsInR5cCI6IkpXVCJ9.eyJ0b2tlbl90eXBlIjoicmVmcmVzaCIsImV4cCI6MTcwNDQ4MDkyMSwiaWF0IjoxNzA0NDc3MzIxLCJqdGkiOiIwMGI0ZWQ1YWNmMDU0YzcwYjA0Y2IwYTRmYjdhYTY0YyIsInVzZXJfaWQiOjExfQ.1yt81-AFSCQ3mIBEXQ8sO0k9xMzZigznA-BLUq4GMIo	2024-01-05 23:55:21.231406+06	2024-01-06 00:55:21+06	11	00b4ed5acf054c70b04cb0a4fb7aa64c
149	eyJhbGciOiJIUzI1NiIsInR5cCI6IkpXVCJ9.eyJ0b2tlbl90eXBlIjoicmVmcmVzaCIsImV4cCI6MTcwNDQ4MDk5NCwiaWF0IjoxNzA0NDc3Mzk0LCJqdGkiOiI5MTQ3NGFlYmU2ZjM0MjI3OWU1NTVmNjhhYTM2NGYzOCIsInVzZXJfaWQiOjEyfQ.z-EDHBZ_yuMGUI-l3hPBpw59cxHYtwKVgHVLlyBpm9I	2024-01-05 23:56:34.078315+06	2024-01-06 00:56:34+06	12	91474aebe6f342279e555f68aa364f38
150	eyJhbGciOiJIUzI1NiIsInR5cCI6IkpXVCJ9.eyJ0b2tlbl90eXBlIjoicmVmcmVzaCIsImV4cCI6MTcwNDQ4MTA4NiwiaWF0IjoxNzA0NDc3NDg2LCJqdGkiOiI3MWUxNTM5ZTg2Mjg0MWNhYTZmMzgwYTcwMTIwMDJhZSIsInVzZXJfaWQiOjEyfQ.uSWaSu-70aERc07_6oMSEzGA9qTgclrKtwNLlRBx0KU	2024-01-05 23:58:06.082111+06	2024-01-06 00:58:06+06	12	71e1539e862841caa6f380a7012002ae
151	eyJhbGciOiJIUzI1NiIsInR5cCI6IkpXVCJ9.eyJ0b2tlbl90eXBlIjoicmVmcmVzaCIsImV4cCI6MTcwNDQ4Mzc1NywiaWF0IjoxNzA0NDgwMTU3LCJqdGkiOiIyNjEwODhlNzkyMDE0ZWM3OTE0ZGUzYjI5NGFiYTM4OSIsInVzZXJfaWQiOjEyfQ.s_2nhVIlFkVcRDDBTDC5Mrik3JO9LbwMI9W4epVGmHk	2024-01-06 00:42:37.368314+06	2024-01-06 01:42:37+06	12	261088e792014ec7914de3b294aba389
152	eyJhbGciOiJIUzI1NiIsInR5cCI6IkpXVCJ9.eyJ0b2tlbl90eXBlIjoicmVmcmVzaCIsImV4cCI6MTcwNDQ4NDI1MSwiaWF0IjoxNzA0NDgwNjUxLCJqdGkiOiJjYTA2NzNjZmUzNWY0OTZlOWVjYzBhYzUzOTRjZjI3MiIsInVzZXJfaWQiOjEyfQ.PkmMhqjzRoBe4jGEAhQl4C-FOZYn_Hm-YxO7uKh59TA	2024-01-06 00:50:51.555774+06	2024-01-06 01:50:51+06	12	ca0673cfe35f496e9ecc0ac5394cf272
153	eyJhbGciOiJIUzI1NiIsInR5cCI6IkpXVCJ9.eyJ0b2tlbl90eXBlIjoicmVmcmVzaCIsImV4cCI6MTcwNDQ4NDQ2NywiaWF0IjoxNzA0NDgwODY3LCJqdGkiOiIxMDMxNWY0ZDc4OTg0ZDkyYWRiZDg4ZWJkNTQ2NWUzYSIsInVzZXJfaWQiOjEyfQ.PM8u2Orw7bKMFXfJL1r143dWcVAo23kEyCv5mkCLUtw	2024-01-06 00:54:27.134531+06	2024-01-06 01:54:27+06	12	10315f4d78984d92adbd88ebd5465e3a
154	eyJhbGciOiJIUzI1NiIsInR5cCI6IkpXVCJ9.eyJ0b2tlbl90eXBlIjoicmVmcmVzaCIsImV4cCI6MTcwNDQ4NTI4NSwiaWF0IjoxNzA0NDgxNjg1LCJqdGkiOiIzMDJlYjFhZDM3Y2E0NzZlODM0NjM3MzFmYmY5ZjgxMiIsInVzZXJfaWQiOjEyfQ.9JAKwpqUNd8ac3UcXZI1LX2ck-I2PmnX5lNC-7IIeEY	2024-01-06 01:08:05.514214+06	2024-01-06 02:08:05+06	12	302eb1ad37ca476e83463731fbf9f812
155	eyJhbGciOiJIUzI1NiIsInR5cCI6IkpXVCJ9.eyJ0b2tlbl90eXBlIjoicmVmcmVzaCIsImV4cCI6MTcwNDQ4OTkyMSwiaWF0IjoxNzA0NDg2MzIxLCJqdGkiOiI2ZWVkMzkyZGZlNDE0OWU5YjI4NmI3ZWNlMjc1YjlkOSIsInVzZXJfaWQiOjEyfQ.nAMb723QP3qzD3QVTtO_PmUVocLlvr6LMmqZRiDA3qk	2024-01-06 02:25:21.682951+06	2024-01-06 03:25:21+06	12	6eed392dfe4149e9b286b7ece275b9d9
156	eyJhbGciOiJIUzI1NiIsInR5cCI6IkpXVCJ9.eyJ0b2tlbl90eXBlIjoicmVmcmVzaCIsImV4cCI6MTcwNDQ5MDEzMywiaWF0IjoxNzA0NDg2NTMzLCJqdGkiOiIyYmI1M2VmMTM1N2E0Y2M1YTZjMzZjZjRhNTk4ZDIxMyIsInVzZXJfaWQiOjEyfQ.4CfjSg-nk5wb4g4c1gjw_tHxLPXtxsxhJYq6UrJWmlg	2024-01-06 02:28:53.358358+06	2024-01-06 03:28:53+06	12	2bb53ef1357a4cc5a6c36cf4a598d213
157	eyJhbGciOiJIUzI1NiIsInR5cCI6IkpXVCJ9.eyJ0b2tlbl90eXBlIjoicmVmcmVzaCIsImV4cCI6MTcwNDQ5MjQ5OSwiaWF0IjoxNzA0NDg4ODk5LCJqdGkiOiJiMjE1ODc4ZTc4NTM0YWQ1YTk0YzdmODViN2ViM2MxNyIsInVzZXJfaWQiOjEyfQ.55SNFu_jyeaKjo_95aqhZz3PJ55j8XQulKiIPQLPMcM	2024-01-06 03:08:19.079847+06	2024-01-06 04:08:19+06	12	b215878e78534ad5a94c7f85b7eb3c17
158	eyJhbGciOiJIUzI1NiIsInR5cCI6IkpXVCJ9.eyJ0b2tlbl90eXBlIjoicmVmcmVzaCIsImV4cCI6MTcwNDQ5NDM3MCwiaWF0IjoxNzA0NDkwNzcwLCJqdGkiOiIxODgwNTBhOTNiZjA0MzFlYWYzNWQ0OWI0YjY0ODE2ZiIsInVzZXJfaWQiOjEyfQ.rREMvXr7gitFqDqOvcehbQV1ktjeGNTrcG8cC4_QWqw	2024-01-06 03:39:30.497778+06	2024-01-06 04:39:30+06	12	188050a93bf0431eaf35d49b4b64816f
159	eyJhbGciOiJIUzI1NiIsInR5cCI6IkpXVCJ9.eyJ0b2tlbl90eXBlIjoicmVmcmVzaCIsImV4cCI6MTcwNDczMzA0NCwiaWF0IjoxNzA0NzI5NDQ0LCJqdGkiOiJlNGRlODkyOGVhZmM0YTBjOGRhZTVhNmNkY2YxMGUwMiIsInVzZXJfaWQiOjEyfQ.HFWb_OilwCz61IbLm-Kc0CDbAcRCQDjE-R_Q5VuFoYI	2024-01-08 21:57:24.755924+06	2024-01-08 22:57:24+06	12	e4de8928eafc4a0c8dae5a6cdcf10e02
160	eyJhbGciOiJIUzI1NiIsInR5cCI6IkpXVCJ9.eyJ0b2tlbl90eXBlIjoicmVmcmVzaCIsImV4cCI6MTcwNDczNDc2NSwiaWF0IjoxNzA0NzMxMTY1LCJqdGkiOiIzZDJjMjY5Y2E2MmY0ODMyOTY2M2QyYjAxZDg5NzlhNiIsInVzZXJfaWQiOjEyfQ.EPR_KsgD4MTUm7AeyDrYf5DebUbftXLUsCeeV8LrPZ4	2024-01-08 22:26:05.320683+06	2024-01-08 23:26:05+06	12	3d2c269ca62f48329663d2b01d8979a6
161	eyJhbGciOiJIUzI1NiIsInR5cCI6IkpXVCJ9.eyJ0b2tlbl90eXBlIjoicmVmcmVzaCIsImV4cCI6MTcwNDczNTE0MCwiaWF0IjoxNzA0NzMxNTQwLCJqdGkiOiI2ZjI0ODM2ZGFiYTc0MGViOTI4OTdhOTMxNjc3NTJiZCIsInVzZXJfaWQiOjEyfQ.qqRRasZTkDr4_t6eCpiBaYoh1DCPt5e_L42pKiqHLSY	2024-01-08 22:32:20.180324+06	2024-01-08 23:32:20+06	12	6f24836daba740eb92897a93167752bd
162	eyJhbGciOiJIUzI1NiIsInR5cCI6IkpXVCJ9.eyJ0b2tlbl90eXBlIjoicmVmcmVzaCIsImV4cCI6MTcwNDczNTc3MSwiaWF0IjoxNzA0NzMyMTcxLCJqdGkiOiJmNzQ5MDc5OTE5NTE0MTM4YWRlMTUwMWZlZDY1ZmEyZiIsInVzZXJfaWQiOjEyfQ.x4jNqlbJh1OtVwzRmNPimj8E_J10wMOiaKadojbN4rw	2024-01-08 22:42:51.409476+06	2024-01-08 23:42:51+06	12	f749079919514138ade1501fed65fa2f
163	eyJhbGciOiJIUzI1NiIsInR5cCI6IkpXVCJ9.eyJ0b2tlbl90eXBlIjoicmVmcmVzaCIsImV4cCI6MTcwNDczODAxMCwiaWF0IjoxNzA0NzM0NDEwLCJqdGkiOiI0YTgxNjIzZGQ5ZTc0NDkwYTE2ZTU5YTQ0OGM3ODM5OCIsInVzZXJfaWQiOjEyfQ.yN24a2Hdlp1Lgjkcnpxu39p7hjI2kvYVpRbyahW--Gw	2024-01-08 23:20:10.144261+06	2024-01-09 00:20:10+06	12	4a81623dd9e74490a16e59a448c78398
164	eyJhbGciOiJIUzI1NiIsInR5cCI6IkpXVCJ9.eyJ0b2tlbl90eXBlIjoicmVmcmVzaCIsImV4cCI6MTcwNDczOTg3MiwiaWF0IjoxNzA0NzM2MjcyLCJqdGkiOiJkY2EwNDZjM2QyZTc0ZWEzYjYyMTVmN2M5M2RmZWU0ZiIsInVzZXJfaWQiOjEyfQ.SK7rWjEXciwSLZhNUr0m_IDYu2GSlP2-t9vPauZvzBo	2024-01-08 23:51:12.502276+06	2024-01-09 00:51:12+06	12	dca046c3d2e74ea3b6215f7c93dfee4f
165	eyJhbGciOiJIUzI1NiIsInR5cCI6IkpXVCJ9.eyJ0b2tlbl90eXBlIjoicmVmcmVzaCIsImV4cCI6MTcwNDc0MTM3OCwiaWF0IjoxNzA0NzM3Nzc4LCJqdGkiOiIyZTQ5ZmQ2NWFhNWE0MGRhYTcxYTk4YjQ0YjkxNDVlYSIsInVzZXJfaWQiOjEyfQ.WzQyLvzFYcGgv7RjxnWVgWG3pFk31tUi7zmaJizMqHU	2024-01-09 00:16:18.270335+06	2024-01-09 01:16:18+06	12	2e49fd65aa5a40daa71a98b44b9145ea
166	eyJhbGciOiJIUzI1NiIsInR5cCI6IkpXVCJ9.eyJ0b2tlbl90eXBlIjoicmVmcmVzaCIsImV4cCI6MTcwNDc0MTU4MSwiaWF0IjoxNzA0NzM3OTgxLCJqdGkiOiJhZTkxYjc0ZTIwMDY0YzZjOTdmZWQwM2I1OTFhYzg0NiIsInVzZXJfaWQiOjEyfQ.KN2LHxlfWt9g_EmaTEkrtQ0ylxh_VFw-hIYH1NQVGnM	2024-01-09 00:19:41.707629+06	2024-01-09 01:19:41+06	12	ae91b74e20064c6c97fed03b591ac846
167	eyJhbGciOiJIUzI1NiIsInR5cCI6IkpXVCJ9.eyJ0b2tlbl90eXBlIjoicmVmcmVzaCIsImV4cCI6MTcwNDc0NTMzMywiaWF0IjoxNzA0NzQxNzMzLCJqdGkiOiI3MDFiZjZiNTVlZTY0NTE3OWRmNzNlYmY3MWFhNmRhYSIsInVzZXJfaWQiOjEyfQ.k6Gf07PiJ6_YhMcpOcgdnvCAmHxEBlDzssDJk3B0ARc	2024-01-09 01:22:13.198533+06	2024-01-09 02:22:13+06	12	701bf6b55ee645179df73ebf71aa6daa
168	eyJhbGciOiJIUzI1NiIsInR5cCI6IkpXVCJ9.eyJ0b2tlbl90eXBlIjoicmVmcmVzaCIsImV4cCI6MTcwNDc0Njg2NSwiaWF0IjoxNzA0NzQzMjY1LCJqdGkiOiIwYjk5NjcwM2JkNTY0NTA3OTFiMDE1NTkzNDFjYmM4NyIsInVzZXJfaWQiOjEyfQ.2ksYNz2uGVhMKTuJukmRc9k7OPdaJTXpDmiJYnhT7O8	2024-01-09 01:47:45.246658+06	2024-01-09 02:47:45+06	12	0b996703bd56450791b01559341cbc87
169	eyJhbGciOiJIUzI1NiIsInR5cCI6IkpXVCJ9.eyJ0b2tlbl90eXBlIjoicmVmcmVzaCIsImV4cCI6MTcwNDc1MjczNiwiaWF0IjoxNzA0NzQ5MTM2LCJqdGkiOiJlNDk3YjZlYjRmZjE0OWM2OGI5MjA2OTc0ZTZjNjc1NCIsInVzZXJfaWQiOjEyfQ.U-Fc8Lth-28mdnuwQE8p5RbWhUOOhc6Dz2pK45kU7bw	2024-01-09 03:25:36.754612+06	2024-01-09 04:25:36+06	12	e497b6eb4ff149c68b9206974e6c6754
170	eyJhbGciOiJIUzI1NiIsInR5cCI6IkpXVCJ9.eyJ0b2tlbl90eXBlIjoicmVmcmVzaCIsImV4cCI6MTcwNDc1NDM3MiwiaWF0IjoxNzA0NzUwNzcyLCJqdGkiOiJlYWVjMjA5MjAwNjk0MWNmYWIzYzYxNjk3ODM4YzE5YSIsInVzZXJfaWQiOjEyfQ.ObM6OnEO9KCEk0ywD7NXr9Hk05NslWmzuFcG0-0t1ag	2024-01-09 03:52:52.987647+06	2024-01-09 04:52:52+06	12	eaec2092006941cfab3c61697838c19a
171	eyJhbGciOiJIUzI1NiIsInR5cCI6IkpXVCJ9.eyJ0b2tlbl90eXBlIjoicmVmcmVzaCIsImV4cCI6MTcwNDc1NjAyOSwiaWF0IjoxNzA0NzUyNDI5LCJqdGkiOiIwM2U2YWE5Y2M0NTI0ZGU0OWViZjFiMGFkOTM0MDU1MSIsInVzZXJfaWQiOjEyfQ.AUSWOu4J03sZI9c1uSV8zZMeOVywEnS90yvP2qhEQac	2024-01-09 04:20:29.644503+06	2024-01-09 05:20:29+06	12	03e6aa9cc4524de49ebf1b0ad9340551
172	eyJhbGciOiJIUzI1NiIsInR5cCI6IkpXVCJ9.eyJ0b2tlbl90eXBlIjoicmVmcmVzaCIsImV4cCI6MTcwNDc1ODIwMiwiaWF0IjoxNzA0NzU0NjAyLCJqdGkiOiI4OGYwMmEwZjRjYTE0YjI5YmMyYmVhZTU4MTNlN2ZiZSIsInVzZXJfaWQiOjEyfQ.MtHhPH5MesT_qrRfCB-ORz-qBGK1MsP1iJasf1Ea5sc	2024-01-09 04:56:42.785591+06	2024-01-09 05:56:42+06	12	88f02a0f4ca14b29bc2beae5813e7fbe
173	eyJhbGciOiJIUzI1NiIsInR5cCI6IkpXVCJ9.eyJ0b2tlbl90eXBlIjoicmVmcmVzaCIsImV4cCI6MTcwNDc2MDI1NSwiaWF0IjoxNzA0NzU2NjU1LCJqdGkiOiI2MzVkMmQ1MmY2ZmQ0NTYwOGM3ZGRhNWJmNGRjMmNjOSIsInVzZXJfaWQiOjEyfQ.ABzA9KydP1iIO0biMKpOLK-u8k5ZW9lfd4JYKrlKFqQ	2024-01-09 05:30:55.207528+06	2024-01-09 06:30:55+06	12	635d2d52f6fd45608c7dda5bf4dc2cc9
174	eyJhbGciOiJIUzI1NiIsInR5cCI6IkpXVCJ9.eyJ0b2tlbl90eXBlIjoicmVmcmVzaCIsImV4cCI6MTcwNDc2MjIzNiwiaWF0IjoxNzA0NzU4NjM2LCJqdGkiOiI5YmJjNzIwODdmZDU0OGUwYTM4ODA3MTcwMjRkNjI4NiIsInVzZXJfaWQiOjEyfQ.WhufhTZqGp2CXVCUE0_eXyspkKrcbCSanV5_uKui0Ek	2024-01-09 06:03:56.878029+06	2024-01-09 07:03:56+06	12	9bbc72087fd548e0a3880717024d6286
175	eyJhbGciOiJIUzI1NiIsInR5cCI6IkpXVCJ9.eyJ0b2tlbl90eXBlIjoicmVmcmVzaCIsImV4cCI6MTcwNDgxNzcwNiwiaWF0IjoxNzA0ODE0MTA2LCJqdGkiOiJmZTVhNDQ5YmQwZmE0YzU1OGYzYmY4ZTAzMzgyODYwYiIsInVzZXJfaWQiOjEyfQ.7V4v8VKasYzCI3KKGxWfcb670bMP_pyIdfg8w3BH1iM	2024-01-09 21:28:26.362696+06	2024-01-09 22:28:26+06	12	fe5a449bd0fa4c558f3bf8e03382860b
176	eyJhbGciOiJIUzI1NiIsInR5cCI6IkpXVCJ9.eyJ0b2tlbl90eXBlIjoicmVmcmVzaCIsImV4cCI6MTcwNDgzMzQ0NCwiaWF0IjoxNzA0ODI5ODQ0LCJqdGkiOiI0MTBhZTNlYzJmY2U0ODVkOGU1MGVjYmRkOTE5ZGU3NCIsInVzZXJfaWQiOjEyfQ.AiFtEh7COw1CZ5NMw1uOzCN60FbhYAcfgmJAVrIXaDM	2024-01-10 01:50:44.169958+06	2024-01-10 02:50:44+06	12	410ae3ec2fce485d8e50ecbdd919de74
177	eyJhbGciOiJIUzI1NiIsInR5cCI6IkpXVCJ9.eyJ0b2tlbl90eXBlIjoicmVmcmVzaCIsImV4cCI6MTcwNDgzNDU3OSwiaWF0IjoxNzA0ODMwOTc5LCJqdGkiOiJiMTM1YTUwNmQwNGE0NWEwYjg5YjExNWM1ZWYyN2ZlYiIsInVzZXJfaWQiOjEyfQ.bh_xOB7bdjpd6SC3TV7eM6SpSImDhAazf1SCM3QCBE4	2024-01-10 02:09:39.08554+06	2024-01-10 03:09:39+06	12	b135a506d04a45a0b89b115c5ef27feb
178	eyJhbGciOiJIUzI1NiIsInR5cCI6IkpXVCJ9.eyJ0b2tlbl90eXBlIjoicmVmcmVzaCIsImV4cCI6MTcwNDg2MDA1MSwiaWF0IjoxNzA0ODU2NDUxLCJqdGkiOiJjNjYyMTVjYzZlNTM0YjkzOTlmMDJkZmFiOGFlMWJmMCIsInVzZXJfaWQiOjEyfQ.Y84zfy6RyNQDVMr0OA3tGhdeooruc6NpAEKqFE59AUk	2024-01-10 09:14:11.820797+06	2024-01-10 10:14:11+06	12	c66215cc6e534b9399f02dfab8ae1bf0
179	eyJhbGciOiJIUzI1NiIsInR5cCI6IkpXVCJ9.eyJ0b2tlbl90eXBlIjoicmVmcmVzaCIsImV4cCI6MTcwNDg2MTY0NSwiaWF0IjoxNzA0ODU4MDQ1LCJqdGkiOiI3Y2I0ZGFlYTFjMmQ0MGI0ODA4MDdhMGIxZjNjMjQ2ZiIsInVzZXJfaWQiOjEyfQ.jtI19Uk39xHz87JC7jJoj8_XplRkUUgvCptBkEBb0cE	2024-01-10 09:40:45.405881+06	2024-01-10 10:40:45+06	12	7cb4daea1c2d40b480807a0b1f3c246f
180	eyJhbGciOiJIUzI1NiIsInR5cCI6IkpXVCJ9.eyJ0b2tlbl90eXBlIjoicmVmcmVzaCIsImV4cCI6MTcwNDkxNzk3NiwiaWF0IjoxNzA0OTE0Mzc2LCJqdGkiOiI3MTUwOTBkZDQ5NmU0YWFhYjRkY2RhNjg2NmJmYzFlNyIsInVzZXJfaWQiOjEyfQ.k4Iv_E1QrPgrpcsrxJHZ0Rrbviu3eLL_Jio-0ATVLuM	2024-01-11 01:19:36.706588+06	2024-01-11 02:19:36+06	12	715090dd496e4aaab4dcda6866bfc1e7
181	eyJhbGciOiJIUzI1NiIsInR5cCI6IkpXVCJ9.eyJ0b2tlbl90eXBlIjoicmVmcmVzaCIsImV4cCI6MTcwNDkxOTQ4OCwiaWF0IjoxNzA0OTE1ODg4LCJqdGkiOiI3ZTQzMmYyNDE4OTA0ZTk0OGNjZmNiYzUxNzEyZWFjMCIsInVzZXJfaWQiOjEyfQ.Kkg_AVcefbpKTLISZ5Rl2sCWcBhgAy2sE7eCtX0tPJ4	2024-01-11 01:44:48.39435+06	2024-01-11 02:44:48+06	12	7e432f2418904e948ccfcbc51712eac0
182	eyJhbGciOiJIUzI1NiIsInR5cCI6IkpXVCJ9.eyJ0b2tlbl90eXBlIjoicmVmcmVzaCIsImV4cCI6MTcwNDkyMTA2MSwiaWF0IjoxNzA0OTE3NDYxLCJqdGkiOiIzZWEwMTBjNGNjNDY0YzFmYjlmMDJkYjdmMjQ2N2Q2ZSIsInVzZXJfaWQiOjEyfQ.JGILoA2wHuKMtUItvPci01uzayj4SQOFTS5d5WdWWgM	2024-01-11 02:11:01.679101+06	2024-01-11 03:11:01+06	12	3ea010c4cc464c1fb9f02db7f2467d6e
183	eyJhbGciOiJIUzI1NiIsInR5cCI6IkpXVCJ9.eyJ0b2tlbl90eXBlIjoicmVmcmVzaCIsImV4cCI6MTcwNDkyODk4MywiaWF0IjoxNzA0OTI1MzgzLCJqdGkiOiI4NTExMjZmODJjNTE0MTcxOTczYTk0MjNkMWIxZDBlYyIsInVzZXJfaWQiOjEyfQ.utRZrGcG9GSW_-Oo5qsvIs_keOhC4q9WwBAGulKEmc8	2024-01-11 04:23:03.690938+06	2024-01-11 05:23:03+06	12	851126f82c514171973a9423d1b1d0ec
184	eyJhbGciOiJIUzI1NiIsInR5cCI6IkpXVCJ9.eyJ0b2tlbl90eXBlIjoicmVmcmVzaCIsImV4cCI6MTcwNDkzMDUyNCwiaWF0IjoxNzA0OTI2OTI0LCJqdGkiOiI3YzJkNzcxMTZjZWI0OWI5OTE5ZDhmYjUzOGU2YTJmOSIsInVzZXJfaWQiOjM3fQ.MkpSmgl-evzX2nN6vOaXpdqgpEyoQR_jVR2GwxnV7d8	2024-01-11 04:48:44.551417+06	2024-01-11 05:48:44+06	37	7c2d77116ceb49b9919d8fb538e6a2f9
185	eyJhbGciOiJIUzI1NiIsInR5cCI6IkpXVCJ9.eyJ0b2tlbl90eXBlIjoicmVmcmVzaCIsImV4cCI6MTcwNDkzMjI5MCwiaWF0IjoxNzA0OTI4NjkwLCJqdGkiOiJiYjUzZThlMGY4MTQ0NTFhYTQ5NWFiOTdmOTM4MmVlNiIsInVzZXJfaWQiOjEyfQ.CTI-ekn05oS-IJ1aFpAkvOZh2AEIjr2-4KP8HiQzRnQ	2024-01-11 05:18:10.784942+06	2024-01-11 06:18:10+06	12	bb53e8e0f814451aa495ab97f9382ee6
186	eyJhbGciOiJIUzI1NiIsInR5cCI6IkpXVCJ9.eyJ0b2tlbl90eXBlIjoicmVmcmVzaCIsImV4cCI6MTcwNTM4Nzg1NSwiaWF0IjoxNzA1Mzg0MjU1LCJqdGkiOiI4MzA2OTljZmIxYzE0MzYwYWNhMTQ1ODk3YzQxYjJmNyIsInVzZXJfaWQiOjM3fQ.gw_b_GGHLGIFRa0cn9DlqlxyegcHMU8PLs0or2fyTJ0	2024-01-16 11:50:55.349408+06	2024-01-16 12:50:55+06	37	830699cfb1c14360aca145897c41b2f7
187	eyJhbGciOiJIUzI1NiIsInR5cCI6IkpXVCJ9.eyJ0b2tlbl90eXBlIjoicmVmcmVzaCIsImV4cCI6MTcwNTM5MzM1NCwiaWF0IjoxNzA1Mzg5NzU0LCJqdGkiOiJjZDQyMzczYWI3NmU0NjRkYjNhMjNiN2Q4MjE5MDliYyIsInVzZXJfaWQiOjEyfQ.9Eu9RJWcsDvo8Vbz3HUTnl91Nem-cEAef5qCk_B44dA	2024-01-16 13:22:34.68501+06	2024-01-16 14:22:34+06	12	cd42373ab76e464db3a23b7d821909bc
188	eyJhbGciOiJIUzI1NiIsInR5cCI6IkpXVCJ9.eyJ0b2tlbl90eXBlIjoicmVmcmVzaCIsImV4cCI6MTcwNTM5NTUxNywiaWF0IjoxNzA1MzkxOTE3LCJqdGkiOiI3Y2M2MmZmODM2YmU0MDEwYWVlZDlmZjI1YjQ2ODY0OCIsInVzZXJfaWQiOjEyfQ.E90I0kSQ0HX945z33JAVxyXTgWqV68_kaqjSdvYcH_A	2024-01-16 13:58:37.666085+06	2024-01-16 14:58:37+06	12	7cc62ff836be4010aeed9ff25b468648
189	eyJhbGciOiJIUzI1NiIsInR5cCI6IkpXVCJ9.eyJ0b2tlbl90eXBlIjoicmVmcmVzaCIsImV4cCI6MTcwNTM5NTU1MiwiaWF0IjoxNzA1MzkxOTUyLCJqdGkiOiJhYWE3MmI3Mjk3ZTU0NTJlOWM1YmYyOGI0MWIyMmQ0NCIsInVzZXJfaWQiOjEyfQ.2zrofLfX8aqwvJYltpg7g_ElUP2jn8A7z8VSRZdYv2U	2024-01-16 13:59:12.52632+06	2024-01-16 14:59:12+06	12	aaa72b7297e5452e9c5bf28b41b22d44
190	eyJhbGciOiJIUzI1NiIsInR5cCI6IkpXVCJ9.eyJ0b2tlbl90eXBlIjoicmVmcmVzaCIsImV4cCI6MTcwNTM5NTg4NiwiaWF0IjoxNzA1MzkyMjg2LCJqdGkiOiJhYTg1NDM5MjFhZDE0YmYyODg3NjIyMzBhOTg4YjQ2MCIsInVzZXJfaWQiOjEyfQ.2JB7iaMWRugf7cCQcDfHAmdD_R4ZPpeEUXSjU7KUwgs	2024-01-16 14:04:46.294637+06	2024-01-16 15:04:46+06	12	aa8543921ad14bf288762230a988b460
191	eyJhbGciOiJIUzI1NiIsInR5cCI6IkpXVCJ9.eyJ0b2tlbl90eXBlIjoicmVmcmVzaCIsImV4cCI6MTcwNTM5NTkxNSwiaWF0IjoxNzA1MzkyMzE1LCJqdGkiOiI5YjEyNDEyOThiZGM0MDI4YjQ1OTk0NTA4MTJhOGEzYSIsInVzZXJfaWQiOjEyfQ.PgYN-G7dtWJbUOPyOItHRlhTLsP9myFN6vMPlAzuxO0	2024-01-16 14:05:15.768966+06	2024-01-16 15:05:15+06	12	9b1241298bdc4028b4599450812a8a3a
192	eyJhbGciOiJIUzI1NiIsInR5cCI6IkpXVCJ9.eyJ0b2tlbl90eXBlIjoicmVmcmVzaCIsImV4cCI6MTcwNTM5NTkzMSwiaWF0IjoxNzA1MzkyMzMxLCJqdGkiOiJmNTgxNWQzMmM2ZjE0ZTk0ODY0ZDkwMTRkNzRhMjdhMiIsInVzZXJfaWQiOjEyfQ.6fY38nGcied55dWm95PHtR90HejJ9m0eMs3tWO_9XX4	2024-01-16 14:05:31.422297+06	2024-01-16 15:05:31+06	12	f5815d32c6f14e94864d9014d74a27a2
193	eyJhbGciOiJIUzI1NiIsInR5cCI6IkpXVCJ9.eyJ0b2tlbl90eXBlIjoicmVmcmVzaCIsImV4cCI6MTcwNTM5NTk2NSwiaWF0IjoxNzA1MzkyMzY1LCJqdGkiOiI5OWY2M2M4NmMzOWI0NzNmYjlhNGRhODgxOGJhZTA3MiIsInVzZXJfaWQiOjEyfQ.v5MX-5F8c9U4-dXMSNuWyIwTd5mTVcjXK_P7becLNrc	2024-01-16 14:06:05.053926+06	2024-01-16 15:06:05+06	12	99f63c86c39b473fb9a4da8818bae072
194	eyJhbGciOiJIUzI1NiIsInR5cCI6IkpXVCJ9.eyJ0b2tlbl90eXBlIjoicmVmcmVzaCIsImV4cCI6MTcwNTM5NjA3NCwiaWF0IjoxNzA1MzkyNDc0LCJqdGkiOiI2Njc4MDc0ZmU0N2E0OTI0YWMyM2UzMWE0NDAxNjc3OSIsInVzZXJfaWQiOjEyfQ.jIT44mgRzJRidG73zAzAn964jdKQeXsyd1AshhTtIlc	2024-01-16 14:07:54.476501+06	2024-01-16 15:07:54+06	12	6678074fe47a4924ac23e31a44016779
195	eyJhbGciOiJIUzI1NiIsInR5cCI6IkpXVCJ9.eyJ0b2tlbl90eXBlIjoicmVmcmVzaCIsImV4cCI6MTcwNTM5NjEwMSwiaWF0IjoxNzA1MzkyNTAxLCJqdGkiOiI0NTUyMzk4ZGM3OTY0NDE5YWJhMDY1NzM4YTUwOTE3MCIsInVzZXJfaWQiOjEyfQ.14G9VzK_WFyZoUbpdvJvk754s0_oDsg3wog2E6cqpNc	2024-01-16 14:08:21.265691+06	2024-01-16 15:08:21+06	12	4552398dc7964419aba065738a509170
196	eyJhbGciOiJIUzI1NiIsInR5cCI6IkpXVCJ9.eyJ0b2tlbl90eXBlIjoicmVmcmVzaCIsImV4cCI6MTcwNTM5NjExOSwiaWF0IjoxNzA1MzkyNTE5LCJqdGkiOiI3MjlkMTc1NmY3ZmI0YWUxYjU5MTJmNDhmZmZmYmU5ZCIsInVzZXJfaWQiOjEyfQ.HlGKdn8RH2CTwIRDxLIrkkU4uEmp5MvF0Z5Ua-Bd_Dg	2024-01-16 14:08:39.824751+06	2024-01-16 15:08:39+06	12	729d1756f7fb4ae1b5912f48ffffbe9d
197	eyJhbGciOiJIUzI1NiIsInR5cCI6IkpXVCJ9.eyJ0b2tlbl90eXBlIjoicmVmcmVzaCIsImV4cCI6MTcwNTM5NjM0OCwiaWF0IjoxNzA1MzkyNzQ4LCJqdGkiOiJhYmVlZmU5Mzk1OTI0YjE0OGE5MDkyM2Q1NGVlODc0NiIsInVzZXJfaWQiOjEyfQ.bzfxxBkUYY8HmHYL2bDfcJW7ENqG6xqG5q2CYycDHLY	2024-01-16 14:12:28.865281+06	2024-01-16 15:12:28+06	12	abeefe9395924b148a90923d54ee8746
198	eyJhbGciOiJIUzI1NiIsInR5cCI6IkpXVCJ9.eyJ0b2tlbl90eXBlIjoicmVmcmVzaCIsImV4cCI6MTcwNTQwNzQwOCwiaWF0IjoxNzA1NDAzODA4LCJqdGkiOiI3MTFkZjgwNzZlMzk0NDQ4YmUyN2Q0NzUxZTU4MDhiMiIsInVzZXJfaWQiOjM3fQ.kHXe4w5NCTMRuYttsTjvYtX19dbvJrKi0hV9t3b-aeo	2024-01-16 17:16:48.844082+06	2024-01-16 18:16:48+06	37	711df8076e394448be27d4751e5808b2
199	eyJhbGciOiJIUzI1NiIsInR5cCI6IkpXVCJ9.eyJ0b2tlbl90eXBlIjoicmVmcmVzaCIsImV4cCI6MTcwNTY0ODA4OCwiaWF0IjoxNzA1NjQ0NDg4LCJqdGkiOiJjYzViYzIyMjI4MDk0ZGY0YTMyZTIwYzA2OGZkNWZlYyIsInVzZXJfaWQiOjEyfQ.NNPBHrE6GlB8UyisGXL-i5hhJX6hniEO7GdLW0N53I8	2024-01-19 12:08:08.734333+06	2024-01-19 13:08:08+06	12	cc5bc22228094df4a32e20c068fd5fec
200	eyJhbGciOiJIUzI1NiIsInR5cCI6IkpXVCJ9.eyJ0b2tlbl90eXBlIjoicmVmcmVzaCIsImV4cCI6MTcwNTY1MDA0MywiaWF0IjoxNzA1NjQ2NDQzLCJqdGkiOiI5MThhZjhiYmZhMmQ0ODdlYjU2Zjk4MzI1MmExMDhiNCIsInVzZXJfaWQiOjEyfQ.KigAdHiGZWArd7qjPZgfge-4ElYfnT7MbdOnKQGHKDw	2024-01-19 12:40:43.926369+06	2024-01-19 13:40:43+06	12	918af8bbfa2d487eb56f983252a108b4
201	eyJhbGciOiJIUzI1NiIsInR5cCI6IkpXVCJ9.eyJ0b2tlbl90eXBlIjoicmVmcmVzaCIsImV4cCI6MTcwNTY1MjU2OSwiaWF0IjoxNzA1NjQ4OTY5LCJqdGkiOiI0NTE5ZThiYWZjMGM0NjMwYmJhYTY2OTg5ZGY5MTIwYiIsInVzZXJfaWQiOjM3fQ.6MqJTigW3wYPZAm_AK_MubYUEE1M9dw1H3AzHAv5kmk	2024-01-19 13:22:49.708244+06	2024-01-19 14:22:49+06	37	4519e8bafc0c4630bbaa66989df9120b
202	eyJhbGciOiJIUzI1NiIsInR5cCI6IkpXVCJ9.eyJ0b2tlbl90eXBlIjoicmVmcmVzaCIsImV4cCI6MTcwNTY1NDE3MSwiaWF0IjoxNzA1NjUwNTcxLCJqdGkiOiJmMjVhNzllOGFhOWU0MGZjOGQ3NTc2YWEzM2Q5ZjE5ZiIsInVzZXJfaWQiOjEyfQ.S2gq2gV27resRtJv44_Qq3BpufBkLC-9pYAIRu_TbsE	2024-01-19 13:49:31.900575+06	2024-01-19 14:49:31+06	12	f25a79e8aa9e40fc8d7576aa33d9f19f
203	eyJhbGciOiJIUzI1NiIsInR5cCI6IkpXVCJ9.eyJ0b2tlbl90eXBlIjoicmVmcmVzaCIsImV4cCI6MTcwNTc0MTg2MiwiaWF0IjoxNzA1NzM4MjYyLCJqdGkiOiIxOTBjY2VhNzZkOTQ0MWUzOWQwNTk5NWIxZDNmNWE0YyIsInVzZXJfaWQiOjEyfQ.bOqAGUWyQ7_i87JUxJgae-W_vx9l-uFBx18aNwYCXVk	2024-01-20 14:11:02.134572+06	2024-01-20 15:11:02+06	12	190ccea76d9441e39d05995b1d3f5a4c
204	eyJhbGciOiJIUzI1NiIsInR5cCI6IkpXVCJ9.eyJ0b2tlbl90eXBlIjoicmVmcmVzaCIsImV4cCI6MTcwNTg0NjI1NCwiaWF0IjoxNzA1ODQyNjU0LCJqdGkiOiIzMjQ4OTcwYzg2Yzk0ODAyOTVhYzVmODYyYWJhZTk3NyIsInVzZXJfaWQiOjEyfQ.qthj4MpNs7jr5aE4Oo5uIXbgoluEsI663fRdoPWu8aY	2024-01-21 19:10:54.89603+06	2024-01-21 20:10:54+06	12	3248970c86c9480295ac5f862abae977
205	eyJhbGciOiJIUzI1NiIsInR5cCI6IkpXVCJ9.eyJ0b2tlbl90eXBlIjoicmVmcmVzaCIsImV4cCI6MTcwNTg0ODgyNCwiaWF0IjoxNzA1ODQ1MjI0LCJqdGkiOiIzOGM2MGZlNDE5YmY0OGJjODNmMjZkMTVkY2M5YjBiMiIsInVzZXJfaWQiOjEyfQ.3aH8HGJUFXm_3nTIXZfmZ_QYxKV-W0NcTrnWCFLt344	2024-01-21 19:53:44.282838+06	2024-01-21 20:53:44+06	12	38c60fe419bf48bc83f26d15dcc9b0b2
206	eyJhbGciOiJIUzI1NiIsInR5cCI6IkpXVCJ9.eyJ0b2tlbl90eXBlIjoicmVmcmVzaCIsImV4cCI6MTcwNTg1MDUxOCwiaWF0IjoxNzA1ODQ2OTE4LCJqdGkiOiI5NDMwNzZiMWE1ZTA0MDQ1OGIxMzdjNGJkMWE0OWUyMSIsInVzZXJfaWQiOjEyfQ.ki_tn6XtqLNZ2cOERHjgmvKYpeSFutmE9qMNLR-zJSw	2024-01-21 20:21:58.855211+06	2024-01-21 21:21:58+06	12	943076b1a5e040458b137c4bd1a49e21
207	eyJhbGciOiJIUzI1NiIsInR5cCI6IkpXVCJ9.eyJ0b2tlbl90eXBlIjoicmVmcmVzaCIsImV4cCI6MTcwNTg1MDkzOSwiaWF0IjoxNzA1ODQ3MzM5LCJqdGkiOiI3Y2Y4OTJiOWIzNDg0OWZmOTdhNGFlNmFlZmI3N2ZiZiIsInVzZXJfaWQiOjEyfQ.iKENI2jokgtbB4O2NAweEepTKY0HHPC9ZmKPa5aaQCw	2024-01-21 20:28:59.574123+06	2024-01-21 21:28:59+06	12	7cf892b9b34849ff97a4ae6aefb77fbf
208	eyJhbGciOiJIUzI1NiIsInR5cCI6IkpXVCJ9.eyJ0b2tlbl90eXBlIjoicmVmcmVzaCIsImV4cCI6MTcwNTg1MTQ3NywiaWF0IjoxNzA1ODQ3ODc3LCJqdGkiOiIzODNlMzMyYzE4MzM0MGRhYmVkOWFmMTZmZTk0ZTJhMCIsInVzZXJfaWQiOjEyfQ.QbqbHrDDCbvoyvpvETTJFb9Cw6rmw6FYQynKDPauwbw	2024-01-21 20:37:57.006146+06	2024-01-21 21:37:57+06	12	383e332c183340dabed9af16fe94e2a0
209	eyJhbGciOiJIUzI1NiIsInR5cCI6IkpXVCJ9.eyJ0b2tlbl90eXBlIjoicmVmcmVzaCIsImV4cCI6MTcwNTg1MjUzOSwiaWF0IjoxNzA1ODQ4OTM5LCJqdGkiOiJjNTUwMWRhYTgxZTI0MzNiOGY4N2ZhNjU2ZGQwMDgxOSIsInVzZXJfaWQiOjEyfQ.EUwnUrQSZ6zOb5Tz_uMf5yDWYyt-K30gGXoqgLudtKw	2024-01-21 20:55:39.060402+06	2024-01-21 21:55:39+06	12	c5501daa81e2433b8f87fa656dd00819
210	eyJhbGciOiJIUzI1NiIsInR5cCI6IkpXVCJ9.eyJ0b2tlbl90eXBlIjoicmVmcmVzaCIsImV4cCI6MTcwNTg1MzgyMiwiaWF0IjoxNzA1ODUwMjIyLCJqdGkiOiIxYmQxNzE3MzZlNTA0OGEwOWM1OWU4ZGFhMDBmZTQ2OCIsInVzZXJfaWQiOjEyfQ.u0iaSXk83B8LPr5h7cwZ8k-dvNH6v7VO9ylWl83Xx4M	2024-01-21 21:17:02.943087+06	2024-01-21 22:17:02+06	12	1bd171736e5048a09c59e8daa00fe468
211	eyJhbGciOiJIUzI1NiIsInR5cCI6IkpXVCJ9.eyJ0b2tlbl90eXBlIjoicmVmcmVzaCIsImV4cCI6MTcwNTg1NDg4MCwiaWF0IjoxNzA1ODUxMjgwLCJqdGkiOiIyYWRiZWYwNDY2YjQ0MzNjYmQ1NDY0ZjAwZTIzZWU4OSIsInVzZXJfaWQiOjEyfQ.mIckoaqDWtAXQJwj9YyOfAU8pJOlkzCjXonYR-KOaM0	2024-01-21 21:34:40.993568+06	2024-01-21 22:34:40+06	12	2adbef0466b4433cbd5464f00e23ee89
212	eyJhbGciOiJIUzI1NiIsInR5cCI6IkpXVCJ9.eyJ0b2tlbl90eXBlIjoicmVmcmVzaCIsImV4cCI6MTcwNTg1NTU5NCwiaWF0IjoxNzA1ODUxOTk0LCJqdGkiOiJjYmQyZjEwY2Q4NTg0OWIwYjYwYzQxNDcwMTM1OWFjZiIsInVzZXJfaWQiOjEyfQ.T0EpNLIW3W74_rJ25A3--Rg9X5DBWF41qpikJ0FYUPA	2024-01-21 21:46:34.327364+06	2024-01-21 22:46:34+06	12	cbd2f10cd85849b0b60c414701359acf
213	eyJhbGciOiJIUzI1NiIsInR5cCI6IkpXVCJ9.eyJ0b2tlbl90eXBlIjoicmVmcmVzaCIsImV4cCI6MTcwNTg1Nzk2OCwiaWF0IjoxNzA1ODU0MzY4LCJqdGkiOiIxODFlZDZlYjhlMWE0YzMwYjUzOTZiM2VjNjE4YjkxNCIsInVzZXJfaWQiOjEyfQ.TMocrh2R3b6MzmbK59jyfo5jjmwO0gpmYLkqYtV89qg	2024-01-21 22:26:08.60633+06	2024-01-21 23:26:08+06	12	181ed6eb8e1a4c30b5396b3ec618b914
214	eyJhbGciOiJIUzI1NiIsInR5cCI6IkpXVCJ9.eyJ0b2tlbl90eXBlIjoicmVmcmVzaCIsImV4cCI6MTcwNTg1Nzk2OCwiaWF0IjoxNzA1ODU0MzY4LCJqdGkiOiI0ZGNmMDhhYTY0YTA0YTJmOWE0YTFiZTIxZmVkY2Y2NSIsInVzZXJfaWQiOjEyfQ.fWG1KYZkQemC2i129W0K1skRiI68Ym1UqwslprKsP-w	2024-01-21 22:26:08.487329+06	2024-01-21 23:26:08+06	12	4dcf08aa64a04a2f9a4a1be21fedcf65
215	eyJhbGciOiJIUzI1NiIsInR5cCI6IkpXVCJ9.eyJ0b2tlbl90eXBlIjoicmVmcmVzaCIsImV4cCI6MTcwNTkyNTY3NCwiaWF0IjoxNzA1OTIyMDc0LCJqdGkiOiJlOGFmNGYyMWQ4YTE0ZjY2OTVmYTQxODY3YWRiZGIwZCIsInVzZXJfaWQiOjEyfQ.HcqvzNrkfB1CdFijBFIb_YEC-4DeTcJ33KfDin7Ol_w	2024-01-22 17:14:34.315413+06	2024-01-22 18:14:34+06	12	e8af4f21d8a14f6695fa41867adbdb0d
216	eyJhbGciOiJIUzI1NiIsInR5cCI6IkpXVCJ9.eyJ0b2tlbl90eXBlIjoicmVmcmVzaCIsImV4cCI6MTcwNTkyNjE1NCwiaWF0IjoxNzA1OTIyNTU0LCJqdGkiOiJkNGVmNmJmOTY4YTY0YmRmOWEzNWVkM2Y0NGZkYmMyMiIsInVzZXJfaWQiOjEyfQ.9y8azanT-tJsAt4sRnTeJBflpLzt7BJHSN3srw7pakU	2024-01-22 17:22:34.479322+06	2024-01-22 18:22:34+06	12	d4ef6bf968a64bdf9a35ed3f44fdbc22
217	eyJhbGciOiJIUzI1NiIsInR5cCI6IkpXVCJ9.eyJ0b2tlbl90eXBlIjoicmVmcmVzaCIsImV4cCI6MTcwNTkyODQ4NywiaWF0IjoxNzA1OTI0ODg3LCJqdGkiOiI5ZDZjM2UxODU0YWI0NjUxYmQ3MzY0NDExYmVlYTAzMyIsInVzZXJfaWQiOjEyfQ.GJBgFYZAxAFFeYhYM21aq5U_XQK7KP5uOnimgA589-A	2024-01-22 18:01:27.513875+06	2024-01-22 19:01:27+06	12	9d6c3e1854ab4651bd7364411beea033
218	eyJhbGciOiJIUzI1NiIsInR5cCI6IkpXVCJ9.eyJ0b2tlbl90eXBlIjoicmVmcmVzaCIsImV4cCI6MTcwNjE4MzI2NiwiaWF0IjoxNzA2MTc5NjY2LCJqdGkiOiJmNThlMjM5MzViMTk0YzQwYmY2Y2FlYzQ2YmQ3ZDdlNSIsInVzZXJfaWQiOjEyfQ.4cP9xI3YhmIdG6whqEB3Ojsb10FG95uSD0digxRiO6c	2024-01-25 16:47:46.243951+06	2024-01-25 17:47:46+06	12	f58e23935b194c40bf6caec46bd7d7e5
219	eyJhbGciOiJIUzI1NiIsInR5cCI6IkpXVCJ9.eyJ0b2tlbl90eXBlIjoicmVmcmVzaCIsImV4cCI6MTcwNjE4MzQ4MSwiaWF0IjoxNzA2MTc5ODgxLCJqdGkiOiIyOTM0YWU1MzEwMmI0N2RjOTUwOGE3ODQxZTY3ZDM2OSIsInVzZXJfaWQiOjEyfQ.1gfaklQc_pLGHRCcE0jO2ECA-cHO7aFc7AERSAw_3Jo	2024-01-25 16:51:21.2352+06	2024-01-25 17:51:21+06	12	2934ae53102b47dc9508a7841e67d369
220	eyJhbGciOiJIUzI1NiIsInR5cCI6IkpXVCJ9.eyJ0b2tlbl90eXBlIjoicmVmcmVzaCIsImV4cCI6MTcwNjE5MjQwOCwiaWF0IjoxNzA2MTg4ODA4LCJqdGkiOiIzMjEyM2EzMDllNTI0ZWUyYTc3OTllYjg0ODY1NGNlOCIsInVzZXJfaWQiOjEyfQ.lTzvvkBFFJnnULLmtM9BRDbEJ6MMuQ2Dsgtv-lnXG_Q	2024-01-25 19:20:08.49638+06	2024-01-25 20:20:08+06	12	32123a309e524ee2a7799eb848654ce8
221	eyJhbGciOiJIUzI1NiIsInR5cCI6IkpXVCJ9.eyJ0b2tlbl90eXBlIjoicmVmcmVzaCIsImV4cCI6MTcwNzA2MjAxNCwiaWF0IjoxNzA3MDU4NDE0LCJqdGkiOiJkZGY3NjExMTNjMmI0Mjc1OTJhNmM1ZjRkNDg2MGE1NiIsInVzZXJfaWQiOjEyfQ.mNUni-jVWTffLvJ55FrsRvNNMxBxbLa4_kWpV17zJd0	2024-02-04 20:53:34.709318+06	2024-02-04 21:53:34+06	12	ddf761113c2b427592a6c5f4d4860a56
222	eyJhbGciOiJIUzI1NiIsInR5cCI6IkpXVCJ9.eyJ0b2tlbl90eXBlIjoicmVmcmVzaCIsImV4cCI6MTcwNzI2MDUyMCwiaWF0IjoxNzA3MjU2OTIwLCJqdGkiOiI2ODVhZjgxMDUwYjM0MTZmYjBiNjY5MWI2Y2NlY2JlZiIsInVzZXJfaWQiOjEyfQ.3gaMZ5qwcMVUj4CrqabUED6dE3DDHABA69V-giLbGH8	2024-02-07 04:02:00.742461+06	2024-02-07 05:02:00+06	12	685af81050b3416fb0b6691b6ccecbef
223	eyJhbGciOiJIUzI1NiIsInR5cCI6IkpXVCJ9.eyJ0b2tlbl90eXBlIjoicmVmcmVzaCIsImV4cCI6MTcwNzI2MDUzMCwiaWF0IjoxNzA3MjU2OTMwLCJqdGkiOiJiYmI0N2E2ZTQzNDg0NmZjOTkwYmQ5MWU2YjM1ODQzYiIsInVzZXJfaWQiOjEyfQ.llCKxJJvNutq97ec6sB3QdlU0dD8V4sStKP48LQve2s	2024-02-07 04:02:10.539432+06	2024-02-07 05:02:10+06	12	bbb47a6e434846fc990bd91e6b35843b
224	eyJhbGciOiJIUzI1NiIsInR5cCI6IkpXVCJ9.eyJ0b2tlbl90eXBlIjoicmVmcmVzaCIsImV4cCI6MTcwNzI2MDU0MiwiaWF0IjoxNzA3MjU2OTQyLCJqdGkiOiJkMzI3YmM2ZWUxY2U0YzA0YmI2NTQ4ZTAxMTM2YzgwYSIsInVzZXJfaWQiOjEyfQ.51TdcVnGqNY4n7NThoKCKv-amrO9sZtB8AgJkUJrjvE	2024-02-07 04:02:22.282843+06	2024-02-07 05:02:22+06	12	d327bc6ee1ce4c04bb6548e01136c80a
225	eyJhbGciOiJIUzI1NiIsInR5cCI6IkpXVCJ9.eyJ0b2tlbl90eXBlIjoicmVmcmVzaCIsImV4cCI6MTcwNzI2MDU1OSwiaWF0IjoxNzA3MjU2OTU5LCJqdGkiOiI1MGVlZTA5Nzk3OTg0OWVjYjkwZTRiNWQ2MWIwNjBkZCIsInVzZXJfaWQiOjEyfQ.VCMTT_6TEMihb5Eb0nevOVposdWvNXI6WV54SFwixSY	2024-02-07 04:02:39.450662+06	2024-02-07 05:02:39+06	12	50eee097979849ecb90e4b5d61b060dd
226	eyJhbGciOiJIUzI1NiIsInR5cCI6IkpXVCJ9.eyJ0b2tlbl90eXBlIjoicmVmcmVzaCIsImV4cCI6MTcwNzI2MTIxMCwiaWF0IjoxNzA3MjU3NjEwLCJqdGkiOiIzMzE3ZjNhYmQzNzA0NjI0YWIxOTczZjE3Y2NkMjczMyIsInVzZXJfaWQiOjEyfQ.TAKmQtQYsv5ScHoaPncxaDMuNf6yeJiMTGBU3GZAOoQ	2024-02-07 04:13:30.291248+06	2024-02-07 05:13:30+06	12	3317f3abd3704624ab1973f17ccd2733
227	eyJhbGciOiJIUzI1NiIsInR5cCI6IkpXVCJ9.eyJ0b2tlbl90eXBlIjoicmVmcmVzaCIsImV4cCI6MTcwNzMyMjQ4NywiaWF0IjoxNzA3MzE4ODg3LCJqdGkiOiJjNmEyNWNlNTM2ZTk0ZjJjODZmMDY3NTY3MTUzOThjYiIsInVzZXJfaWQiOjEyfQ.g56giguCfkQxrS2UweRKhaBZL6KfAxeuqdWh66JCkEU	2024-02-07 21:14:47.982937+06	2024-02-07 22:14:47+06	12	c6a25ce536e94f2c86f06756715398cb
228	eyJhbGciOiJIUzI1NiIsInR5cCI6IkpXVCJ9.eyJ0b2tlbl90eXBlIjoicmVmcmVzaCIsImV4cCI6MTcwNzMzNzQxOSwiaWF0IjoxNzA3MzM3MzU5LCJqdGkiOiJjMDA1MThjM2MyNzY0NTVlOGU5NTA5NDExY2E4NjE4NSIsInVzZXJfaWQiOjEyfQ.3LgrP5q8IcOgFlH5fWBlXx_Pn9-QlGiudOi4UQrKyS4	2024-02-08 02:22:39.213215+06	2024-02-08 02:23:39+06	12	c00518c3c276455e8e9509411ca86185
229	eyJhbGciOiJIUzI1NiIsInR5cCI6IkpXVCJ9.eyJ0b2tlbl90eXBlIjoicmVmcmVzaCIsImV4cCI6MTcwNzMzNzQ0MiwiaWF0IjoxNzA3MzM3MzgyLCJqdGkiOiJmNDQ2ODk4NzgzZjg0YjAyYmYxNDY1NjRhOWEwN2IwZCIsInVzZXJfaWQiOjEyfQ.DaViQUvxCV_ZKM_tox88Ea54d6gEOf51gx37NJuyXmE	2024-02-08 02:23:02.304935+06	2024-02-08 02:24:02+06	12	f446898783f84b02bf146564a9a07b0d
230	eyJhbGciOiJIUzI1NiIsInR5cCI6IkpXVCJ9.eyJ0b2tlbl90eXBlIjoicmVmcmVzaCIsImV4cCI6MTcwNzM0MjM2NCwiaWF0IjoxNzA3MzM4NzY0LCJqdGkiOiI3MzlhOTQ3ZGIzYTM0MDE1ODZlMWM5NjgxN2Y3ZGIwZCIsInVzZXJfaWQiOjEyfQ.ub9bz2NUxRB5DVzJpX6S1E8GJQnxlsn87Om6llCJgCU	2024-02-08 02:46:04.766211+06	2024-02-08 03:46:04+06	12	739a947db3a3401586e1c96817f7db0d
231	eyJhbGciOiJIUzI1NiIsInR5cCI6IkpXVCJ9.eyJ0b2tlbl90eXBlIjoicmVmcmVzaCIsImV4cCI6MTcwNzM0Mjg4MiwiaWF0IjoxNzA3MzM5MjgyLCJqdGkiOiJiMzVhMjBkODVlMGQ0ZDZlYWEyNjk3YzhmNTMwZDliNSIsInVzZXJfaWQiOjEyfQ.psUBbP0qfHLjRDPZjSKwifNl_TrvlbOa-dmpoc2rDJA	\N	2024-02-08 03:54:42+06	\N	b35a20d85e0d4d6eaa2697c8f530d9b5
232	eyJhbGciOiJIUzI1NiIsInR5cCI6IkpXVCJ9.eyJ0b2tlbl90eXBlIjoicmVmcmVzaCIsImV4cCI6MTcwNzM0NDEzMSwiaWF0IjoxNzA3MzQwNTMxLCJqdGkiOiJjMWRhZTk4ZTdhY2E0OGE1YThhNmZiMDhkYWU3MDkxMiJ9.keUpj415nw_h5vjKuyJ7bkcUYCGchsX1jRoWfEwVcwI	\N	2024-02-08 04:15:31+06	\N	c1dae98e7aca48a5a8a6fb08dae70912
233	eyJhbGciOiJIUzI1NiIsInR5cCI6IkpXVCJ9.eyJ0b2tlbl90eXBlIjoicmVmcmVzaCIsImV4cCI6MTcwNzM0NDMxNywiaWF0IjoxNzA3MzQwNzE3LCJqdGkiOiI2ZTA4NjkwODcwYTE0MDBjYTAyYWJlMmNiNzYyOWQwYyIsInVzZXJfaWQiOjEyfQ.2XyUcFDoFQ6rRLRYEXQ8vFYr66iVzPshYXcQACjsUEw	2024-02-08 03:18:37.384639+06	2024-02-08 04:18:37+06	12	6e08690870a1400ca02abe2cb7629d0c
234	eyJhbGciOiJIUzI1NiIsInR5cCI6IkpXVCJ9.eyJ0b2tlbl90eXBlIjoicmVmcmVzaCIsImV4cCI6MTcwNzM0NDM0NSwiaWF0IjoxNzA3MzQwNzQ1LCJqdGkiOiI2Njc2MDkxNjNjNjk0NWZhODA0NjNkMjc0OWYxMTE2MyIsInVzZXJfaWQiOjEyfQ.oP9Qy1opTlEA7IQSenlmOTOEkO7p5TQ3uwhaFtQGO0U	2024-02-08 03:19:05.949717+06	2024-02-08 04:19:05+06	12	667609163c6945fa80463d2749f11163
235	eyJhbGciOiJIUzI1NiIsInR5cCI6IkpXVCJ9.eyJ0b2tlbl90eXBlIjoicmVmcmVzaCIsImV4cCI6MTcwNzM0NDYwMywiaWF0IjoxNzA3MzQxMDAzLCJqdGkiOiIxZDA3MTcyYzdkYmM0YmExOTRlYTBjNDRmNmE3YzE2YSIsInVzZXJfaWQiOjEyfQ.IzEAUbnF18SDmhRrUFkk_15kN4dKa2UBJZigxmsGncs	2024-02-08 03:23:23.875538+06	2024-02-08 04:23:23+06	12	1d07172c7dbc4ba194ea0c44f6a7c16a
236	eyJhbGciOiJIUzI1NiIsInR5cCI6IkpXVCJ9.eyJ0b2tlbl90eXBlIjoicmVmcmVzaCIsImV4cCI6MTcwNzM0NDg3MiwiaWF0IjoxNzA3MzQxMjcyLCJqdGkiOiJiYWUxZGE5NjFhYzk0ODA4OWU1ZTMwOGJmOTU0NzZkNSIsInVzZXJfaWQiOjEyfQ.uTOG9EkTcQEKPSJNMZc9lPQoji33UCBc3qL7IbaAF1k	2024-02-08 03:27:52.108318+06	2024-02-08 04:27:52+06	12	bae1da961ac948089e5e308bf95476d5
237	eyJhbGciOiJIUzI1NiIsInR5cCI6IkpXVCJ9.eyJ0b2tlbl90eXBlIjoicmVmcmVzaCIsImV4cCI6MTcwNzM0NTMyOSwiaWF0IjoxNzA3MzQxNzI5LCJqdGkiOiJmNmExMmM2MDNmMzA0MTRlOWMyNTk5ZTdmYmQzNzMzOCIsInVzZXJfaWQiOjEyfQ.NI3afWbMvTbPUxIYl0vsDN1lVtKv0UtaXUJ10X9-AUU	2024-02-08 03:35:29.260931+06	2024-02-08 04:35:29+06	12	f6a12c603f30414e9c2599e7fbd37338
238	eyJhbGciOiJIUzI1NiIsInR5cCI6IkpXVCJ9.eyJ0b2tlbl90eXBlIjoicmVmcmVzaCIsImV4cCI6MTcwNzM0NTYxMiwiaWF0IjoxNzA3MzQyMDEyLCJqdGkiOiJjODQ1MWVjNzNlOWI0MDdhOGRhNzgyNjJhM2VmZjRjMSIsInVzZXJfaWQiOjEyfQ.bABCygWttcvVaOWKCQTs0Z_d_SnzipwcrjS6N4OirIk	2024-02-08 03:40:12.57547+06	2024-02-08 04:40:12+06	12	c8451ec73e9b407a8da78262a3eff4c1
239	eyJhbGciOiJIUzI1NiIsInR5cCI6IkpXVCJ9.eyJ0b2tlbl90eXBlIjoicmVmcmVzaCIsImV4cCI6MTcwNzM0NTcwMiwiaWF0IjoxNzA3MzQyMTAyLCJqdGkiOiI1YWM3NmQ3MmI5MmQ0OGFkODY2ZjI3MjRkZThjNzFhNSIsInVzZXJfaWQiOjEyfQ.YeD4W1uxTpN3EffeJCNHxUc0NxNKJMUEFRYt5cwQers	\N	2024-02-08 04:41:42+06	\N	5ac76d72b92d48ad866f2724de8c71a5
240	eyJhbGciOiJIUzI1NiIsInR5cCI6IkpXVCJ9.eyJ0b2tlbl90eXBlIjoicmVmcmVzaCIsImV4cCI6MTcwNzM0NjE0NiwiaWF0IjoxNzA3MzQyNTQ2LCJqdGkiOiJhODg2YmQ5OGNmZjU0YmE5ODMyYjAxYWIzYzkzMTgwYyIsInVzZXJfaWQiOjEyfQ.quK09BuG_aOLhaSBKSKArdWD3MrcLtQK_d8wl0QRI90	2024-02-08 03:49:06.90649+06	2024-02-08 04:49:06+06	12	a886bd98cff54ba9832b01ab3c93180c
241	eyJhbGciOiJIUzI1NiIsInR5cCI6IkpXVCJ9.eyJ0b2tlbl90eXBlIjoicmVmcmVzaCIsImV4cCI6MTcwNzM0NjU3OSwiaWF0IjoxNzA3MzQyOTc5LCJqdGkiOiI1ZTYzNTY2ODcxZjc0MDg2YjNhZmEyMTI5OTczNjUxZSIsInVzZXJfaWQiOjEyfQ.hijawtblomc_4BHeFSfBc0wUDZZoGJsbAYNzwwYnRbc	\N	2024-02-08 04:56:19+06	\N	5e63566871f74086b3afa2129973651e
242	eyJhbGciOiJIUzI1NiIsInR5cCI6IkpXVCJ9.eyJ0b2tlbl90eXBlIjoicmVmcmVzaCIsImV4cCI6MTcwNzM0Nzg4MiwiaWF0IjoxNzA3MzQ0MjgyLCJqdGkiOiI5NWIzZDc3NTg4MmU0MWVhOTlhOWM0MDcxMTkzNTE1ZCIsInVzZXJfaWQiOjEyfQ.SIuRh4N4J7A-tZtK-9MhvBQ9HUIjW1g8FGq8RBTC8w0	2024-02-08 04:18:02.981622+06	2024-02-08 05:18:02+06	12	95b3d775882e41ea99a9c4071193515d
243	eyJhbGciOiJIUzI1NiIsInR5cCI6IkpXVCJ9.eyJ0b2tlbl90eXBlIjoicmVmcmVzaCIsImV4cCI6MTcwNzM0Nzk0NiwiaWF0IjoxNzA3MzQ0MzQ2LCJqdGkiOiI5NjJhMzFhMjZiYWE0YjlmOWZiZTc5MTNmZTVkZmQzMSIsInVzZXJfaWQiOjEyfQ.sdXVHsNbkJAHCFs22Vd7aRSbfRtrwwmdNx48QWkOo6I	2024-02-08 04:19:06.762958+06	2024-02-08 05:19:06+06	12	962a31a26baa4b9f9fbe7913fe5dfd31
244	eyJhbGciOiJIUzI1NiIsInR5cCI6IkpXVCJ9.eyJ0b2tlbl90eXBlIjoicmVmcmVzaCIsImV4cCI6MTcwNzM0ODI2NywiaWF0IjoxNzA3MzQ0NjY3LCJqdGkiOiI4ZTk3MTVmNWYwNmI0YzllYWQzNDQ3ZjNhOWIwZGFiMiIsInVzZXJfaWQiOjEyfQ._nrIRqlLQa1lTo4B7QhNCwTgJcn8BsdQiSAoSR9Qy2Y	\N	2024-02-08 05:24:27+06	\N	8e9715f5f06b4c9ead3447f3a9b0dab2
245	eyJhbGciOiJIUzI1NiIsInR5cCI6IkpXVCJ9.eyJ0b2tlbl90eXBlIjoicmVmcmVzaCIsImV4cCI6MTcwNzM0ODMxNiwiaWF0IjoxNzA3MzQ0NzE2LCJqdGkiOiJiYTc5MDMyMmViYzk0MTg2ODc3ODQxMWNkODIxMGRjMyIsInVzZXJfaWQiOjEyfQ.Fb1_yi2F2bV5SIAAqL6Nd651EFRXpLdVlGNWbAPzV_w	2024-02-08 04:25:16.816364+06	2024-02-08 05:25:16+06	12	ba790322ebc941868778411cd8210dc3
246	eyJhbGciOiJIUzI1NiIsInR5cCI6IkpXVCJ9.eyJ0b2tlbl90eXBlIjoicmVmcmVzaCIsImV4cCI6MTcwNzM0ODQwNCwiaWF0IjoxNzA3MzQ0ODA0LCJqdGkiOiI1NmE1MDI3MmU2OWY0ZTQ3YTJhOGI4MmFiMjM0ZDI2MCIsInVzZXJfaWQiOjEyfQ.qoWOytIVDKKirICTrTJWu3iUj4He2PqUqSRHLOsQ2Rg	\N	2024-02-08 05:26:44+06	\N	56a50272e69f4e47a2a8b82ab234d260
247	eyJhbGciOiJIUzI1NiIsInR5cCI6IkpXVCJ9.eyJ0b2tlbl90eXBlIjoicmVmcmVzaCIsImV4cCI6MTcwNzQxMzk1MSwiaWF0IjoxNzA3NDEwMzUxLCJqdGkiOiI4NTEzZjRhZjNhODQ0YTg1OWM0YjEwZTU5ODQ4YTJjOSIsInVzZXJfaWQiOjEyfQ.ILDKngVbAk4d-cCxbO173LXAIfpzHIp7HSuplzo40nc	2024-02-08 22:39:11.064721+06	2024-02-08 23:39:11+06	12	8513f4af3a844a859c4b10e59848a2c9
248	eyJhbGciOiJIUzI1NiIsInR5cCI6IkpXVCJ9.eyJ0b2tlbl90eXBlIjoicmVmcmVzaCIsImV4cCI6MTcwNzQxNDI1NywiaWF0IjoxNzA3NDEwNjU3LCJqdGkiOiI3MGI2Mjg3ZGIwNDg0OTViYjE4ZGFkYzdkZTI4OWY2MSIsInVzZXJfaWQiOjEyfQ.6CeRsmnx23O3cEOIrFdNMQ68moUBhsI3nasxNBqCpQA	2024-02-08 22:44:17.024976+06	2024-02-08 23:44:17+06	12	70b6287db048495bb18dadc7de289f61
249	eyJhbGciOiJIUzI1NiIsInR5cCI6IkpXVCJ9.eyJ0b2tlbl90eXBlIjoicmVmcmVzaCIsImV4cCI6MTcwNzQxNDU2NywiaWF0IjoxNzA3NDEwOTY3LCJqdGkiOiIxMWFjYWFlNmRlNzk0ZDVmOTBjYjVkYTVlMzUyMzZhNSIsInVzZXJfaWQiOjEyfQ.WH8iX7Foe9vxv3jWieEeaj_urk1AcRcXnLQQQX2QE1o	\N	2024-02-08 23:49:27+06	\N	11acaae6de794d5f90cb5da5e35236a5
250	eyJhbGciOiJIUzI1NiIsInR5cCI6IkpXVCJ9.eyJ0b2tlbl90eXBlIjoicmVmcmVzaCIsImV4cCI6MTcwNzQxNDU5NywiaWF0IjoxNzA3NDEwOTk3LCJqdGkiOiIzMzI1ZThkMzBkZDA0N2U2YjkxZjNkZjZhNTE4MGRlNiIsInVzZXJfaWQiOjEyfQ.MyegsevUjSE4YisXmHneWwubx2ZOvlL1XoquCNnHpl0	2024-02-08 22:49:57.790628+06	2024-02-08 23:49:57+06	12	3325e8d30dd047e6b91f3df6a5180de6
251	eyJhbGciOiJIUzI1NiIsInR5cCI6IkpXVCJ9.eyJ0b2tlbl90eXBlIjoicmVmcmVzaCIsImV4cCI6MTcwNzQxNTUyMiwiaWF0IjoxNzA3NDExOTIyLCJqdGkiOiIxMjkxZDZmNDAyMDI0OTM2YTA1ODMxODYzNzlhZjZkMCIsInVzZXJfaWQiOjEyfQ.16iPf26nNweLZSgnOhgmugykGxwfbrndkbUOaZ79M38	\N	2024-02-09 00:05:22+06	\N	1291d6f402024936a0583186379af6d0
252	eyJhbGciOiJIUzI1NiIsInR5cCI6IkpXVCJ9.eyJ0b2tlbl90eXBlIjoicmVmcmVzaCIsImV4cCI6MTcwNzQxNTU0OSwiaWF0IjoxNzA3NDExOTQ5LCJqdGkiOiIwNGVmZDRmMjk2MTU0NmE5YTQ1NmRjMGRjN2MwZmVkNCIsInVzZXJfaWQiOjEyfQ.mFfUy2ZMMY0JLnk45OIHcDjl_4PhTLi_8KlKza2kOMQ	2024-02-08 23:05:49.603532+06	2024-02-09 00:05:49+06	12	04efd4f2961546a9a456dc0dc7c0fed4
253	eyJhbGciOiJIUzI1NiIsInR5cCI6IkpXVCJ9.eyJ0b2tlbl90eXBlIjoicmVmcmVzaCIsImV4cCI6MTcwNzQxNTYyNiwiaWF0IjoxNzA3NDEyMDI2LCJqdGkiOiI3YTczYTA3MTVjNjU0ZWU0YmE4NDU2MTVhOTI1N2ZmMCIsInVzZXJfaWQiOjEyfQ.k2hgSnm9Qa4g25agOEnWIeDNOq2lZ4X-7dikCBX7HBc	\N	2024-02-09 00:07:06+06	\N	7a73a0715c654ee4ba845615a9257ff0
254	eyJhbGciOiJIUzI1NiIsInR5cCI6IkpXVCJ9.eyJ0b2tlbl90eXBlIjoicmVmcmVzaCIsImV4cCI6MTcwNzQxNjc3NywiaWF0IjoxNzA3NDEzMTc3LCJqdGkiOiJkYzU2NzkzOTJlZDg0MzJlYmZiY2NmMGU4MTliZDZjMCIsInVzZXJfaWQiOjEyfQ.vAZeh_Q4guiuUAzAMaEqV3rJjFF2PZOBP6cjwy4d1oE	2024-02-08 23:26:17.583721+06	2024-02-09 00:26:17+06	12	dc5679392ed8432ebfbccf0e819bd6c0
255	eyJhbGciOiJIUzI1NiIsInR5cCI6IkpXVCJ9.eyJ0b2tlbl90eXBlIjoicmVmcmVzaCIsImV4cCI6MTcwNzQxNzAxNCwiaWF0IjoxNzA3NDEzNDE0LCJqdGkiOiJmYzFmYzMxOGI3OTE0NzgzYTExNzUzMWJmMmFjNWMxZSIsInVzZXJfaWQiOjEyfQ.IGRbGUgdRIgCySryRC3RC3yxWXoHLnWF51suktFXhFY	2024-02-08 23:30:14.78985+06	2024-02-09 00:30:14+06	12	fc1fc318b7914783a117531bf2ac5c1e
256	eyJhbGciOiJIUzI1NiIsInR5cCI6IkpXVCJ9.eyJ0b2tlbl90eXBlIjoicmVmcmVzaCIsImV4cCI6MTcwNzQxNzAxOCwiaWF0IjoxNzA3NDEzNDE4LCJqdGkiOiI5ZTA3NTBhNjU3Yjc0NmU2YWZhMjcwZmRlYWViYmYwZiIsInVzZXJfaWQiOjEyfQ.aK-nCJRMPjAQqVV-ewGQ4RDS6lmHAGllB6KTPgzC7Cg	2024-02-08 23:30:18.276851+06	2024-02-09 00:30:18+06	12	9e0750a657b746e6afa270fdeaebbf0f
257	eyJhbGciOiJIUzI1NiIsInR5cCI6IkpXVCJ9.eyJ0b2tlbl90eXBlIjoicmVmcmVzaCIsImV4cCI6MTcwNzQxNzc0OCwiaWF0IjoxNzA3NDE0MTQ4LCJqdGkiOiI2YjNmZGIwZTBlZWM0ODg3YTI3N2VlZWY1OTllMTkxNSIsInVzZXJfaWQiOjEyfQ._Ag8N-mzMl2OvRK46blHYxE-If0Y6DDp_-cwWV_EF9M	\N	2024-02-09 00:42:28+06	\N	6b3fdb0e0eec4887a277eeef599e1915
258	eyJhbGciOiJIUzI1NiIsInR5cCI6IkpXVCJ9.eyJ0b2tlbl90eXBlIjoicmVmcmVzaCIsImV4cCI6MTcwNzQxOTU4NywiaWF0IjoxNzA3NDE1OTg3LCJqdGkiOiJhZjJmMGJkMTNjOWE0YTk4YTRiNmYzMjYyZTNiYWMyZCIsInVzZXJfaWQiOjEyfQ.D5sXAYHJg_c1IkW9D2D12bode9AKaw5vzX2AlS83J3A	2024-02-09 00:13:07.714867+06	2024-02-09 01:13:07+06	12	af2f0bd13c9a4a98a4b6f3262e3bac2d
259	eyJhbGciOiJIUzI1NiIsInR5cCI6IkpXVCJ9.eyJ0b2tlbl90eXBlIjoicmVmcmVzaCIsImV4cCI6MTcwNzQyNTkxOCwiaWF0IjoxNzA3NDIyMzE4LCJqdGkiOiI2ZDBjMDBkNTlkYTE0ZjQzOTczOGEyOTZjODE4Yzg4NSIsInVzZXJfaWQiOjEyfQ.rAgaa8bSZfWUHxHKPsm-nGOoKfg8DKsBviR2iW7Ikco	2024-02-09 01:58:38.570806+06	2024-02-09 02:58:38+06	12	6d0c00d59da14f439738a296c818c885
260	eyJhbGciOiJIUzI1NiIsInR5cCI6IkpXVCJ9.eyJ0b2tlbl90eXBlIjoicmVmcmVzaCIsImV4cCI6MTcwNzQyNTkzMiwiaWF0IjoxNzA3NDIyMzMyLCJqdGkiOiIyMmIxYTE4ZmY5ZGU0MzI5ODcyNTI2NWUwZDUxZDc4MiIsInVzZXJfaWQiOjEyfQ.aW0VPShP5GfKQhrZtklkqA8Dy7edeVY5KAxlu9l0ZD0	2024-02-09 01:58:52.244093+06	2024-02-09 02:58:52+06	12	22b1a18ff9de43298725265e0d51d782
261	eyJhbGciOiJIUzI1NiIsInR5cCI6IkpXVCJ9.eyJ0b2tlbl90eXBlIjoicmVmcmVzaCIsImV4cCI6MTcwNzQyNjA3NywiaWF0IjoxNzA3NDIyNDc3LCJqdGkiOiIxZDA1Y2Y4M2Q1ODQ0ZDIxYTBjM2MxM2EyODkyOGY5NCIsInVzZXJfaWQiOjEyfQ.en9jRVeyCFe4RbwZip8WhYGlvSEv09wxxyIkdpIcvG0	2024-02-09 02:01:17.757497+06	2024-02-09 03:01:17+06	12	1d05cf83d5844d21a0c3c13a28928f94
262	eyJhbGciOiJIUzI1NiIsInR5cCI6IkpXVCJ9.eyJ0b2tlbl90eXBlIjoicmVmcmVzaCIsImV4cCI6MTcwNzQyNjE0MywiaWF0IjoxNzA3NDIyNTQzLCJqdGkiOiI4NmM4OWMyNmVkNGM0NDNkOTE2ZGIyMTg0YjA4MmY1NyIsInVzZXJfaWQiOjEyfQ.cW4kZ9Umv7JCGsjYGom5gP-dAGgvwaVc4vDYV7dNZs8	\N	2024-02-09 03:02:23+06	\N	86c89c26ed4c443d916db2184b082f57
263	eyJhbGciOiJIUzI1NiIsInR5cCI6IkpXVCJ9.eyJ0b2tlbl90eXBlIjoicmVmcmVzaCIsImV4cCI6MTcwNzQyNjE1MiwiaWF0IjoxNzA3NDIyNTUyLCJqdGkiOiI3MjEyZjdmYzYzNGQ0OTA0OTZmYjFiOWM3YzhmZmM3YyIsInVzZXJfaWQiOjEyfQ.CT2E6X6kTt0G8HbzdFiQAXWH9vNPt2TeAZktky7rAOc	2024-02-09 02:02:32.91583+06	2024-02-09 03:02:32+06	12	7212f7fc634d490496fb1b9c7c8ffc7c
264	eyJhbGciOiJIUzI1NiIsInR5cCI6IkpXVCJ9.eyJ0b2tlbl90eXBlIjoicmVmcmVzaCIsImV4cCI6MTcwNzQyNjY3OCwiaWF0IjoxNzA3NDIzMDc4LCJqdGkiOiIwZTMxMTg0OGRhOGU0MGY5YjE4NTQzMTgzNmVjOTk2YyIsInVzZXJfaWQiOjEyfQ.ZiHsHS0Zxd9IaKZLQrzFchieGUSYyDB4Lh8r25gYbUY	2024-02-09 02:11:18.022975+06	2024-02-09 03:11:18+06	12	0e311848da8e40f9b185431836ec996c
265	eyJhbGciOiJIUzI1NiIsInR5cCI6IkpXVCJ9.eyJ0b2tlbl90eXBlIjoicmVmcmVzaCIsImV4cCI6MTcwNzQyNjY3OSwiaWF0IjoxNzA3NDIzMDc5LCJqdGkiOiI0ODk5ZDNhMGVmYWI0MjI1YWRmOWVjMzkwODAxMDQ5YSIsInVzZXJfaWQiOjEyfQ.hVF_hYmR4vJgRxnXckkftAA3tEXln68wISDkqtJccyM	2024-02-09 02:11:19.470387+06	2024-02-09 03:11:19+06	12	4899d3a0efab4225adf9ec390801049a
266	eyJhbGciOiJIUzI1NiIsInR5cCI6IkpXVCJ9.eyJ0b2tlbl90eXBlIjoicmVmcmVzaCIsImV4cCI6MTcwNzQyNjY4NywiaWF0IjoxNzA3NDIzMDg3LCJqdGkiOiIxOWQ2YmYyZWVjNjg0OWM4ODM2YzNhN2I3MWViM2YxZSIsInVzZXJfaWQiOjEyfQ.3UhfyZBXISs2h1vxV-5Z_AWzplnN7D1EPu1nwaVcJTk	2024-02-09 02:11:27.954145+06	2024-02-09 03:11:27+06	12	19d6bf2eec6849c8836c3a7b71eb3f1e
267	eyJhbGciOiJIUzI1NiIsInR5cCI6IkpXVCJ9.eyJ0b2tlbl90eXBlIjoicmVmcmVzaCIsImV4cCI6MTcwNzQyNjY5MSwiaWF0IjoxNzA3NDIzMDkxLCJqdGkiOiI0ZDc1YjAyNzY0MmM0MjcwOTliZDA2ZTYwMjU0M2FmYiIsInVzZXJfaWQiOjEyfQ.Nd_Hf7B07vodVOjDbqqfDN5fUID_48n_exHh0cNecAQ	2024-02-09 02:11:31.093941+06	2024-02-09 03:11:31+06	12	4d75b027642c427099bd06e602543afb
268	eyJhbGciOiJIUzI1NiIsInR5cCI6IkpXVCJ9.eyJ0b2tlbl90eXBlIjoicmVmcmVzaCIsImV4cCI6MTcwNzQyNzMyNSwiaWF0IjoxNzA3NDIzNzI1LCJqdGkiOiI0YTBjOTlhOTVmYjM0ZjE5ODMwYjhmNDY2MDFjMzUzZSIsInVzZXJfaWQiOjEyfQ.6h7_BmH03mupC0X60sugNCdA_2TwaUGemvCVNk6Zg1w	2024-02-09 02:22:05.18342+06	2024-02-09 03:22:05+06	12	4a0c99a95fb34f19830b8f46601c353e
269	eyJhbGciOiJIUzI1NiIsInR5cCI6IkpXVCJ9.eyJ0b2tlbl90eXBlIjoicmVmcmVzaCIsImV4cCI6MTcwNzQyNzU2NCwiaWF0IjoxNzA3NDIzOTY0LCJqdGkiOiJjOWMxNGE2Njk5NTc0N2YzYjBkZDFhN2NmMTg3N2FhNyIsInVzZXJfaWQiOjEyfQ.MxzTH20YHi9tpan1SWwzsUAIOKSvbSqyr9ln42RfyN4	2024-02-09 02:26:04.487727+06	2024-02-09 03:26:04+06	12	c9c14a66995747f3b0dd1a7cf1877aa7
270	eyJhbGciOiJIUzI1NiIsInR5cCI6IkpXVCJ9.eyJ0b2tlbl90eXBlIjoicmVmcmVzaCIsImV4cCI6MTcwNzQyODAzMiwiaWF0IjoxNzA3NDI0NDMyLCJqdGkiOiJmZTllOTdkMWRlNjU0MDNmYjA1OWI0OWM2YTkzNmFjMiIsInVzZXJfaWQiOjEyfQ.UN7d2mBv0ogagdoozSwUoRamY2Dy6riAgOMjXeYyQDU	\N	2024-02-09 03:33:52+06	\N	fe9e97d1de65403fb059b49c6a936ac2
271	eyJhbGciOiJIUzI1NiIsInR5cCI6IkpXVCJ9.eyJ0b2tlbl90eXBlIjoicmVmcmVzaCIsImV4cCI6MTcwNzQyODEwNCwiaWF0IjoxNzA3NDI0NTA0LCJqdGkiOiI0YTdjNTVjMGQwZmY0YmI1OTJkNGYwODg1NWE2YjYxNSIsInVzZXJfaWQiOjEyfQ.6JtHskuhsm2IlmA_YvqZYS49GJONuSHS_FQh62N7Ni8	\N	2024-02-09 03:35:04+06	\N	4a7c55c0d0ff4bb592d4f08855a6b615
272	eyJhbGciOiJIUzI1NiIsInR5cCI6IkpXVCJ9.eyJ0b2tlbl90eXBlIjoicmVmcmVzaCIsImV4cCI6MTcwNzQyOTM1MCwiaWF0IjoxNzA3NDI1NzUwLCJqdGkiOiJlMjU2YjZlMjk1YTc0Y2IyYjczZjIxNjYzMDdjM2UwNiIsInVzZXJfaWQiOjEyfQ.Z2i2zeTPj3tB1OXOs5YURGAYM2Ex-TfgqgkiFGJtPsk	2024-02-09 02:55:50.372822+06	2024-02-09 03:55:50+06	12	e256b6e295a74cb2b73f2166307c3e06
273	eyJhbGciOiJIUzI1NiIsInR5cCI6IkpXVCJ9.eyJ0b2tlbl90eXBlIjoicmVmcmVzaCIsImV4cCI6MTcwNzQyOTQ1NiwiaWF0IjoxNzA3NDI1ODU2LCJqdGkiOiI1MmVlMjM4Nzc3ZWM0OTg4Yjc0MzUxYWQ4YzM2NGZkZSIsInVzZXJfaWQiOjEyfQ.h0lRQB0u6RJMXfFtWUoro4UCH-tsd2MBIIonfjNuXEI	\N	2024-02-09 03:57:36+06	\N	52ee238777ec4988b74351ad8c364fde
274	eyJhbGciOiJIUzI1NiIsInR5cCI6IkpXVCJ9.eyJ0b2tlbl90eXBlIjoicmVmcmVzaCIsImV4cCI6MTcwNzQyOTc2NiwiaWF0IjoxNzA3NDI2MTY2LCJqdGkiOiJiZDYzYTA0Njk1Nzg0MmMwYTk4YTAxZTM2YzIxNWJhNyIsInVzZXJfaWQiOjEyfQ.5ijIzbFmv0bWQww6HV9JSMR7mmwbbV3yfqJhBnQGImI	2024-02-09 03:02:46.609815+06	2024-02-09 04:02:46+06	12	bd63a046957842c0a98a01e36c215ba7
275	eyJhbGciOiJIUzI1NiIsInR5cCI6IkpXVCJ9.eyJ0b2tlbl90eXBlIjoicmVmcmVzaCIsImV4cCI6MTcwNzQyOTc3NSwiaWF0IjoxNzA3NDI2MTc1LCJqdGkiOiJiZmIwMzUwMGEzMjA0YjI3ODBkNmNkNTU5OGQ1NzIxNSIsInVzZXJfaWQiOjEyfQ.Ia7D-u53qKstgORf1NlkdmK8SxZxG0HRraInjgPwvzY	2024-02-09 03:02:55.65772+06	2024-02-09 04:02:55+06	12	bfb03500a3204b2780d6cd5598d57215
276	eyJhbGciOiJIUzI1NiIsInR5cCI6IkpXVCJ9.eyJ0b2tlbl90eXBlIjoicmVmcmVzaCIsImV4cCI6MTcwNzQyOTc4MSwiaWF0IjoxNzA3NDI2MTgxLCJqdGkiOiI1NWEzNTk3YWQwNGQ0NzE0OTI5YjEwZTU5YzNjZWFkNiIsInVzZXJfaWQiOjEyfQ.-yB7lUCRQmlm7-aioNU63iZeXUHePAsiozYDvcfMhBM	2024-02-09 03:03:01.789877+06	2024-02-09 04:03:01+06	12	55a3597ad04d4714929b10e59c3cead6
277	eyJhbGciOiJIUzI1NiIsInR5cCI6IkpXVCJ9.eyJ0b2tlbl90eXBlIjoicmVmcmVzaCIsImV4cCI6MTcwNzQyOTkyNywiaWF0IjoxNzA3NDI2MzI3LCJqdGkiOiIxNmFiMDYzYmY5OGU0ODM0ODUyYmQ5YTFjOTM0NmRjNyIsInVzZXJfaWQiOjEyfQ.Eu-evk2csYsvfeqfbkQqQnFAgPXXe5eaJj0egFpbKw8	\N	2024-02-09 04:05:27+06	\N	16ab063bf98e4834852bd9a1c9346dc7
278	eyJhbGciOiJIUzI1NiIsInR5cCI6IkpXVCJ9.eyJ0b2tlbl90eXBlIjoicmVmcmVzaCIsImV4cCI6MTcwNzQyOTk4NSwiaWF0IjoxNzA3NDI2Mzg1LCJqdGkiOiJmZDM2Y2RkYTAyZWI0ZGIzOGM2ODM4YTk1YmM1ZGNjYiIsInVzZXJfaWQiOjEyfQ.ZOKoigxixuXV4o_Pix2bfUO5e_cD7IdUGs1b4Phk3mo	2024-02-09 03:06:25.548474+06	2024-02-09 04:06:25+06	12	fd36cdda02eb4db38c6838a95bc5dccb
279	eyJhbGciOiJIUzI1NiIsInR5cCI6IkpXVCJ9.eyJ0b2tlbl90eXBlIjoicmVmcmVzaCIsImV4cCI6MTcwNzQzMDAxOCwiaWF0IjoxNzA3NDI2NDE4LCJqdGkiOiJjZTVkM2M0MzAzZDQ0MzE4YjJiODc5MDU0NzI4ODkxYiIsInVzZXJfaWQiOjEyfQ.GvJVDdZ_m5xZyVw1LO7tWrVmCUX--rWw1WScH4KBhWM	2024-02-09 03:06:58.339658+06	2024-02-09 04:06:58+06	12	ce5d3c4303d44318b2b879054728891b
280	eyJhbGciOiJIUzI1NiIsInR5cCI6IkpXVCJ9.eyJ0b2tlbl90eXBlIjoicmVmcmVzaCIsImV4cCI6MTcwNzQzMDAzNSwiaWF0IjoxNzA3NDI2NDM1LCJqdGkiOiI5NDRhZmQxZDRjNmM0MDIzYjVhNmY4NmFhZDQ0ZjhhYSIsInVzZXJfaWQiOjEyfQ.w_m8EoAE_-P-BbnyhfQRmfX8kSncJeY0s9bh4WFSR2g	2024-02-09 03:07:15.1934+06	2024-02-09 04:07:15+06	12	944afd1d4c6c4023b5a6f86aad44f8aa
281	eyJhbGciOiJIUzI1NiIsInR5cCI6IkpXVCJ9.eyJ0b2tlbl90eXBlIjoicmVmcmVzaCIsImV4cCI6MTcwNzQzMDEwNywiaWF0IjoxNzA3NDI2NTA3LCJqdGkiOiI2NWNlNzNkMzNkMjQ0ZjZjYmE4NWQzYzc5MzQyODdiZCIsInVzZXJfaWQiOjEyfQ.BbjD0KjVM4F1tRF7GD3reKoB2yr5dlkbOC2h70V5i8M	\N	2024-02-09 04:08:27+06	\N	65ce73d33d244f6cba85d3c7934287bd
282	eyJhbGciOiJIUzI1NiIsInR5cCI6IkpXVCJ9.eyJ0b2tlbl90eXBlIjoicmVmcmVzaCIsImV4cCI6MTcwNzQzMDExOSwiaWF0IjoxNzA3NDI2NTE5LCJqdGkiOiJmMTc2YTkzYjhmMGE0NDNkYTY2OGUyMzRiMGVlOGUyYiIsInVzZXJfaWQiOjEyfQ.G4JwwikdbN8EV25bHXdal-wEarWkJ-wK4POjVSSJtQg	2024-02-09 03:08:39.64432+06	2024-02-09 04:08:39+06	12	f176a93b8f0a443da668e234b0ee8e2b
283	eyJhbGciOiJIUzI1NiIsInR5cCI6IkpXVCJ9.eyJ0b2tlbl90eXBlIjoicmVmcmVzaCIsImV4cCI6MTcwNzQzMDE1NCwiaWF0IjoxNzA3NDI2NTU0LCJqdGkiOiJhYzAyN2FkYTIwYTE0ZDdiYjViYmI0OGFkZDQzZTcyYiIsInVzZXJfaWQiOjEyfQ.ZyAeRVYp3cDFL80V9kRKcwjID4DnH0Xq3oVCdZ37QJ4	2024-02-09 03:09:14.56458+06	2024-02-09 04:09:14+06	12	ac027ada20a14d7bb5bbb48add43e72b
284	eyJhbGciOiJIUzI1NiIsInR5cCI6IkpXVCJ9.eyJ0b2tlbl90eXBlIjoicmVmcmVzaCIsImV4cCI6MTcwNzQzMDI0MCwiaWF0IjoxNzA3NDI2NjQwLCJqdGkiOiJjYTA1MGFlYTc3YzY0ZTA5YTk2ZTRjMzUzZmIzN2I0MyIsInVzZXJfaWQiOjEyfQ.KNWsoJTIKcsVg-uAhPQWDvvMEvSDgijgyy7PbGYjV-M	2024-02-09 03:10:40.98319+06	2024-02-09 04:10:40+06	12	ca050aea77c64e09a96e4c353fb37b43
285	eyJhbGciOiJIUzI1NiIsInR5cCI6IkpXVCJ9.eyJ0b2tlbl90eXBlIjoicmVmcmVzaCIsImV4cCI6MTcwNzQzMDM0NiwiaWF0IjoxNzA3NDI2NzQ2LCJqdGkiOiJlYTE5M2Q3NDIzYzA0NTU1YTk4YTU5OTQxN2Q0ODFkYyIsInVzZXJfaWQiOjEyfQ.pGMbVCvGmlm8o6skD6fqBpnKDRRtww0xnsxVCgcK6bM	\N	2024-02-09 04:12:26+06	\N	ea193d7423c04555a98a599417d481dc
286	eyJhbGciOiJIUzI1NiIsInR5cCI6IkpXVCJ9.eyJ0b2tlbl90eXBlIjoicmVmcmVzaCIsImV4cCI6MTcwNzQzMDM3NywiaWF0IjoxNzA3NDI2Nzc3LCJqdGkiOiI2MDZiMDhiOWRmNTI0NTg2OGZmN2Y5N2QzMGEyMTYwZiIsInVzZXJfaWQiOjEyfQ.zLE0o8mTGoHXOVSzGmMDkZw5gFEn5i3Hj4rC2dxcZnA	\N	2024-02-09 04:12:57+06	\N	606b08b9df5245868ff7f97d30a2160f
287	eyJhbGciOiJIUzI1NiIsInR5cCI6IkpXVCJ9.eyJ0b2tlbl90eXBlIjoicmVmcmVzaCIsImV4cCI6MTcwNzQzMDYyMSwiaWF0IjoxNzA3NDI3MDIxLCJqdGkiOiI0Y2NiNmVhZDhhYjU0NWZiYWFkNTIwMTQ5MzgwZjViNiIsInVzZXJfaWQiOjEyfQ.bOadsJOdb280TRRRRb6Hru6CLp7ro4jS68kgb_YMq8g	2024-02-09 03:17:01.073575+06	2024-02-09 04:17:01+06	12	4ccb6ead8ab545fbaad520149380f5b6
288	eyJhbGciOiJIUzI1NiIsInR5cCI6IkpXVCJ9.eyJ0b2tlbl90eXBlIjoicmVmcmVzaCIsImV4cCI6MTcwNzQzMDYyNCwiaWF0IjoxNzA3NDI3MDI0LCJqdGkiOiI3MmU1M2ViZDYyMDM0YTZiYTRlOWQzYTU0ZDAyMjIwOCIsInVzZXJfaWQiOjEyfQ.nENJWtjNsOt2N7z0BdMydOzPna4Ji7U_lbGZg_KpsIo	2024-02-09 03:17:04.957031+06	2024-02-09 04:17:04+06	12	72e53ebd62034a6ba4e9d3a54d022208
289	eyJhbGciOiJIUzI1NiIsInR5cCI6IkpXVCJ9.eyJ0b2tlbl90eXBlIjoicmVmcmVzaCIsImV4cCI6MTcwNzQzMDY5MiwiaWF0IjoxNzA3NDI3MDkyLCJqdGkiOiI4NDQ0ZjVkZWI3ZjU0ZTg5YThiZDdmNGU4ZDY4ZmYyOCIsInVzZXJfaWQiOjEyfQ.OQnw6Sk0uiCFKPo1deGPOJ0qB7uSIkA7ciHMCYn5hcI	2024-02-09 03:18:12.92786+06	2024-02-09 04:18:12+06	12	8444f5deb7f54e89a8bd7f4e8d68ff28
290	eyJhbGciOiJIUzI1NiIsInR5cCI6IkpXVCJ9.eyJ0b2tlbl90eXBlIjoicmVmcmVzaCIsImV4cCI6MTcwNzQzODAxOCwiaWF0IjoxNzA3NDM0NDE4LCJqdGkiOiI0Y2ZkNGRjNzNiMjk0YmY2OTZkNTBlNmI5YmY1NWQyMSIsInVzZXJfaWQiOjEyfQ.CO4aylrISEOSA487YtvsSsRtNllILirUBgSjj-YtzWM	2024-02-09 05:20:18.17734+06	2024-02-09 06:20:18+06	12	4cfd4dc73b294bf696d50e6b9bf55d21
291	eyJhbGciOiJIUzI1NiIsInR5cCI6IkpXVCJ9.eyJ0b2tlbl90eXBlIjoicmVmcmVzaCIsImV4cCI6MTcwNzQzODU2NSwiaWF0IjoxNzA3NDM0OTY1LCJqdGkiOiI2NDQwODdmNDA5YWU0MmZhODI1YjIwZWM3ZGU2NmZhNyIsInVzZXJfaWQiOjEyfQ.5ClvsnwZv2ylruN6n7E0l-4MLd8F_wBbBtQnCTypm3I	2024-02-09 05:29:25.701273+06	2024-02-09 06:29:25+06	12	644087f409ae42fa825b20ec7de66fa7
292	eyJhbGciOiJIUzI1NiIsInR5cCI6IkpXVCJ9.eyJ0b2tlbl90eXBlIjoicmVmcmVzaCIsImV4cCI6MTcwNzQzODgxNiwiaWF0IjoxNzA3NDM1MjE2LCJqdGkiOiJmNjYxNDExZGRmMDU0ODQwYjNmNzZlYTAxNmVhYTBiOSIsInVzZXJfaWQiOjEyfQ.v_hxBB9Uoq1hp6sRUspdXI5hdXmz69zlJjoIspiLiWQ	2024-02-09 05:33:36.069359+06	2024-02-09 06:33:36+06	12	f661411ddf054840b3f76ea016eaa0b9
293	eyJhbGciOiJIUzI1NiIsInR5cCI6IkpXVCJ9.eyJ0b2tlbl90eXBlIjoicmVmcmVzaCIsImV4cCI6MTcwNzQzOTgyOSwiaWF0IjoxNzA3NDM2MjI5LCJqdGkiOiI2NTRmNWY2NzdhNTI0MzQ0YmU3N2NkM2Q0NzUwZTBhNyIsInVzZXJfaWQiOjEyfQ.wYm5hCRa6CalRSa8JM7d7wXE8EBhNAyfEtDmN3eZYaM	2024-02-09 05:50:29.551615+06	2024-02-09 06:50:29+06	12	654f5f677a524344be77cd3d4750e0a7
294	eyJhbGciOiJIUzI1NiIsInR5cCI6IkpXVCJ9.eyJ0b2tlbl90eXBlIjoicmVmcmVzaCIsImV4cCI6MTcwNzQ0OTkwOCwiaWF0IjoxNzA3NDQ2MzA4LCJqdGkiOiJhZWFlZmY4YmE0MTc0NjA5OTliM2I2MTkxYTk2OGMxNCIsInVzZXJfaWQiOjEyfQ.NPBApakyoBEbm0zi9VEKdhHZAifpQyOD6om17Mv-4tA	2024-02-09 08:38:28.762507+06	2024-02-09 09:38:28+06	12	aeaeff8ba417460999b3b6191a968c14
295	eyJhbGciOiJIUzI1NiIsInR5cCI6IkpXVCJ9.eyJ0b2tlbl90eXBlIjoicmVmcmVzaCIsImV4cCI6MTcwNzY3NjI1NiwiaWF0IjoxNzA3NjcyNjU2LCJqdGkiOiJhZTMyMzg5YWVkMWY0NTkzYjc5ZWMwNmQyYmNlYTdkMCIsInVzZXJfaWQiOjEyfQ.TSayo6heH5qW8exCAQwbINRBp3sFuBSgYOOA7OrYmoE	2024-02-11 23:30:56.338618+06	2024-02-12 00:30:56+06	12	ae32389aed1f4593b79ec06d2bcea7d0
296	eyJhbGciOiJIUzI1NiIsInR5cCI6IkpXVCJ9.eyJ0b2tlbl90eXBlIjoicmVmcmVzaCIsImV4cCI6MTcwNzg1NjA3MiwiaWF0IjoxNzA3ODUyNDcyLCJqdGkiOiJiNDU5MzViZWExMDI0YjhlOTg0MjQyZGZhZjFjODJiNSIsInVzZXJfaWQiOjEyfQ.5qkg0HbdwvN3v_qkUJM2XusbO30lsC05lkEP2IU8X38	2024-02-14 01:27:52.069286+06	2024-02-14 02:27:52+06	12	b45935bea1024b8e984242dfaf1c82b5
297	eyJhbGciOiJIUzI1NiIsInR5cCI6IkpXVCJ9.eyJ0b2tlbl90eXBlIjoicmVmcmVzaCIsImV4cCI6MTcwNzg1NjA4OCwiaWF0IjoxNzA3ODUyNDg4LCJqdGkiOiJjYjFkZmMxYjZkMGY0MDQyYmVkNzFkYjdmZjRmMTgwOCIsInVzZXJfaWQiOjEyfQ.umvcNg6aLvzxyOn74qDOQqHV1vKvTw88gTn9Szq3yUY	2024-02-14 01:28:08.675926+06	2024-02-14 02:28:08+06	12	cb1dfc1b6d0f4042bed71db7ff4f1808
298	eyJhbGciOiJIUzI1NiIsInR5cCI6IkpXVCJ9.eyJ0b2tlbl90eXBlIjoicmVmcmVzaCIsImV4cCI6MTcwNzg1NjE4NCwiaWF0IjoxNzA3ODUyNTg0LCJqdGkiOiJlYzExMWNmYjVkNjQ0NzYxOTUwODA0ZTNjZWUzOGJiNCIsInVzZXJfaWQiOjEyfQ.daeM0eJAVq2wsmb9NACutH8_6VeCMFM0-QuTZscW8PE	\N	2024-02-14 02:29:44+06	\N	ec111cfb5d644761950804e3cee38bb4
299	eyJhbGciOiJIUzI1NiIsInR5cCI6IkpXVCJ9.eyJ0b2tlbl90eXBlIjoicmVmcmVzaCIsImV4cCI6MTcwNzg1NjI0NCwiaWF0IjoxNzA3ODUyNjQ0LCJqdGkiOiI0YmY5NmQ4N2ZjMmU0YmU0YjAzZDM0ZTkzZTc5OTQ3OCIsInVzZXJfaWQiOjEyfQ.Hc7nUM2oVwT54xgIeJd7NE5CxZkV5EvUyjz7JzJHrgs	\N	2024-02-14 02:30:44+06	\N	4bf96d87fc2e4be4b03d34e93e799478
300	eyJhbGciOiJIUzI1NiIsInR5cCI6IkpXVCJ9.eyJ0b2tlbl90eXBlIjoicmVmcmVzaCIsImV4cCI6MTcwNzg1NjI3NywiaWF0IjoxNzA3ODUyNjc3LCJqdGkiOiIxYWJlZTc4NGRlNzU0OGM2YjNhYWMyMjc1ZWRiNDA3NSIsInVzZXJfaWQiOjEyfQ.gHNVHqUCCo9QSf7bMhoTO592gjsYrWvn93k3b5GEuAE	2024-02-14 01:31:17.041639+06	2024-02-14 02:31:17+06	12	1abee784de7548c6b3aac2275edb4075
301	eyJhbGciOiJIUzI1NiIsInR5cCI6IkpXVCJ9.eyJ0b2tlbl90eXBlIjoicmVmcmVzaCIsImV4cCI6MTcwNzg2NTUwNywiaWF0IjoxNzA3ODYxOTA3LCJqdGkiOiI4MjA3MmZjZjcwYzA0NGQ3YTBiZGE3NWNkNjRjMTAwNyIsInVzZXJfaWQiOjEyfQ.ODsxDwtbpta5LfSupu9CWmcAstxSj6xb2WE-qJgclNo	2024-02-14 04:05:07.689347+06	2024-02-14 05:05:07+06	12	82072fcf70c044d7a0bda75cd64c1007
302	eyJhbGciOiJIUzI1NiIsInR5cCI6IkpXVCJ9.eyJ0b2tlbl90eXBlIjoicmVmcmVzaCIsImV4cCI6MTcwODU0OTU1OCwiaWF0IjoxNzA4NTQ1OTU4LCJqdGkiOiI1NTNkYTkxNGYzYzc0ZDhjOGI0YjEyZTk0ZmJjY2RkMSIsInVzZXJfaWQiOjEyfQ.VyA1cdbvtzei-cSN8G-Lf2knuYKKPnJd0ax3l5kVcOw	2024-02-22 02:05:58.097256+06	2024-02-22 03:05:58+06	12	553da914f3c74d8c8b4b12e94fbccdd1
303	eyJhbGciOiJIUzI1NiIsInR5cCI6IkpXVCJ9.eyJ0b2tlbl90eXBlIjoicmVmcmVzaCIsImV4cCI6MTcwODU0OTY1OSwiaWF0IjoxNzA4NTQ2MDU5LCJqdGkiOiI3Y2UxN2M3NjMxZTM0ZTEwOGY1NWM5Y2Y1ZWZkMWQ1MyIsInVzZXJfaWQiOjEyfQ.0EL58JZUtpRYNeLW0o-nuR71h5X2IlveokCM2z6E5I0	2024-02-22 02:07:39.500577+06	2024-02-22 03:07:39+06	12	7ce17c7631e34e108f55c9cf5efd1d53
304	eyJhbGciOiJIUzI1NiIsInR5cCI6IkpXVCJ9.eyJ0b2tlbl90eXBlIjoicmVmcmVzaCIsImV4cCI6MTcwODU0OTg0MCwiaWF0IjoxNzA4NTQ2MjQwLCJqdGkiOiIyNzQxZmU1MDYyNzk0NjczYWU2NTMzZmNlYTc0NjAzMSIsInVzZXJfaWQiOjEyfQ.sms64hQujgv5mL--lcCMB3Av_e3M7Kda_cdyhcf3H_8	2024-02-22 02:10:40.897123+06	2024-02-22 03:10:40+06	12	2741fe5062794673ae6533fcea746031
305	eyJhbGciOiJIUzI1NiIsInR5cCI6IkpXVCJ9.eyJ0b2tlbl90eXBlIjoicmVmcmVzaCIsImV4cCI6MTcwODU0OTkxNSwiaWF0IjoxNzA4NTQ2MzE1LCJqdGkiOiI3YTgzZWZhOTExNTg0ODBmYTc4MjhjMTQ5MmVlNmExZSIsInVzZXJfaWQiOjEyfQ.sx9SPNgGpF9IAWtMA-xYiLvs_Y1Ci-gvr56mXwG9oAQ	2024-02-22 02:11:55.19225+06	2024-02-22 03:11:55+06	12	7a83efa91158480fa7828c1492ee6a1e
306	eyJhbGciOiJIUzI1NiIsInR5cCI6IkpXVCJ9.eyJ0b2tlbl90eXBlIjoicmVmcmVzaCIsImV4cCI6MTcwODU1MDA1NywiaWF0IjoxNzA4NTQ2NDU3LCJqdGkiOiI3NTg5NTYwMGI3ODA0ZGFiYmNkMGY2YjRiNWM0YTM5ZiIsInVzZXJfaWQiOjEyfQ.NKSfYZcc68dQ1bLeA8XyuZ7uDwXBw9WFLYOnLMN95vA	2024-02-22 02:14:17.688398+06	2024-02-22 03:14:17+06	12	75895600b7804dabbcd0f6b4b5c4a39f
307	eyJhbGciOiJIUzI1NiIsInR5cCI6IkpXVCJ9.eyJ0b2tlbl90eXBlIjoicmVmcmVzaCIsImV4cCI6MTcwODU1MDI4MywiaWF0IjoxNzA4NTQ2NjgzLCJqdGkiOiI5M2JlMzE3OTA3YWQ0ZDUzOTExZTkzODA1MzFkM2M3MiIsInVzZXJfaWQiOjEyfQ.dsS6zo5fPtqYD03eOiqjTzYwuXYOtH426Ba8G1AOCK4	2024-02-22 02:18:03.212895+06	2024-02-22 03:18:03+06	12	93be317907ad4d53911e9380531d3c72
308	eyJhbGciOiJIUzI1NiIsInR5cCI6IkpXVCJ9.eyJ0b2tlbl90eXBlIjoicmVmcmVzaCIsImV4cCI6MTcwODU1MTcwOSwiaWF0IjoxNzA4NTQ4MTA5LCJqdGkiOiIwNWRkOWIyYmFkYTU0OTBlYmM4OGZiYWE0MThiNjNkNCIsInVzZXJfaWQiOjEyfQ.B4Wsi0CzWfh-GVvathpi8WZAuhO_I8-IpwFFH8MDqT4	2024-02-22 02:41:49.234342+06	2024-02-22 03:41:49+06	12	05dd9b2bada5490ebc88fbaa418b63d4
309	eyJhbGciOiJIUzI1NiIsInR5cCI6IkpXVCJ9.eyJ0b2tlbl90eXBlIjoicmVmcmVzaCIsImV4cCI6MTcwODU1MjA4NiwiaWF0IjoxNzA4NTQ4NDg2LCJqdGkiOiI3NzZiZjg3Y2FjYjA0MzU1OTAzNWQwOGU4MGRmM2M1OSIsInVzZXJfaWQiOjEyfQ.NKQm0h_sS95MPAWGYNz2oM7mzTiGhrXaGRsGg2v308o	2024-02-22 02:48:06.60428+06	2024-02-22 03:48:06+06	12	776bf87cacb043559035d08e80df3c59
310	eyJhbGciOiJIUzI1NiIsInR5cCI6IkpXVCJ9.eyJ0b2tlbl90eXBlIjoicmVmcmVzaCIsImV4cCI6MTcwODU1MzgzMiwiaWF0IjoxNzA4NTUwMjMyLCJqdGkiOiIyOWNhZWYwNGQ4YTY0NzFhOTQ2ZGM0YzI5ODcxNDZhZSIsInVzZXJfaWQiOjEyfQ.K7vPxmOJkBpxig1YtkRBHji3jgZgOatIKz8DAnQL77E	2024-02-22 03:17:12.789331+06	2024-02-22 04:17:12+06	12	29caef04d8a6471a946dc4c2987146ae
311	eyJhbGciOiJIUzI1NiIsInR5cCI6IkpXVCJ9.eyJ0b2tlbl90eXBlIjoicmVmcmVzaCIsImV4cCI6MTcwODU1NDMxNiwiaWF0IjoxNzA4NTUwNzE2LCJqdGkiOiIxYzA2MGI2OWQwMzI0YzQ4YmJmNDUxNjRkODEyNDA0YiIsInVzZXJfaWQiOjEyfQ.qKD548UJXL0FXQoo_10PDLj-zPOvq9pHw8rtfUIHu8M	2024-02-22 03:25:16.970005+06	2024-02-22 04:25:16+06	12	1c060b69d0324c48bbf45164d812404b
312	eyJhbGciOiJIUzI1NiIsInR5cCI6IkpXVCJ9.eyJ0b2tlbl90eXBlIjoicmVmcmVzaCIsImV4cCI6MTcwODU1NDQxNCwiaWF0IjoxNzA4NTUwODE0LCJqdGkiOiJkNjc0M2Q4N2Y4NjY0OGE4YjBlYjE3YWYzOTFhMjU0ZCIsInVzZXJfaWQiOjEyfQ.lOE2rWFL4APRS8lzLuGi7yTvSo_K1gz5HpHUMD9jLI4	2024-02-22 03:26:54.676017+06	2024-02-22 04:26:54+06	12	d6743d87f86648a8b0eb17af391a254d
313	eyJhbGciOiJIUzI1NiIsInR5cCI6IkpXVCJ9.eyJ0b2tlbl90eXBlIjoicmVmcmVzaCIsImV4cCI6MTcwODU1NDg0NywiaWF0IjoxNzA4NTUxMjQ3LCJqdGkiOiI2ODgyNDExNGM1NWI0MTA5YjZkYjk1MjlhYTA1ZTJkZSIsInVzZXJfaWQiOjEyfQ.5XPGNzPCIkMxMEtIyzKKPb-4G7WWC1_syuzlydsQanM	2024-02-22 03:34:07.732095+06	2024-02-22 04:34:07+06	12	68824114c55b4109b6db9529aa05e2de
314	eyJhbGciOiJIUzI1NiIsInR5cCI6IkpXVCJ9.eyJ0b2tlbl90eXBlIjoicmVmcmVzaCIsImV4cCI6MTcwODU1NjEwMSwiaWF0IjoxNzA4NTUyNTAxLCJqdGkiOiI2ZTg1ODJkMzBmNzY0NjU0ODk0YzkwOTliYjU4N2FkMSIsInVzZXJfaWQiOjEyfQ.ETbKJacVhhngtI5uzsaYJHxveOOkIzbdZ4TR6beTd9s	2024-02-22 03:55:01.548739+06	2024-02-22 04:55:01+06	12	6e8582d30f764654894c9099bb587ad1
315	eyJhbGciOiJIUzI1NiIsInR5cCI6IkpXVCJ9.eyJ0b2tlbl90eXBlIjoicmVmcmVzaCIsImV4cCI6MTcwODU1NjMxMiwiaWF0IjoxNzA4NTUyNzEyLCJqdGkiOiI5M2I3N2RmMTlmM2Y0YmUyODI0MmNjOGZkMTgzYzQwMyIsInVzZXJfaWQiOjEyfQ.qhcAKVEOsP5Z2VtdLtysnKS4EdhnsasXt1JJOcpA4tw	2024-02-22 03:58:32.010249+06	2024-02-22 04:58:32+06	12	93b77df19f3f4be28242cc8fd183c403
316	eyJhbGciOiJIUzI1NiIsInR5cCI6IkpXVCJ9.eyJ0b2tlbl90eXBlIjoicmVmcmVzaCIsImV4cCI6MTcwODU1NjM4OCwiaWF0IjoxNzA4NTUyNzg4LCJqdGkiOiI0ZDJiMDUyYmU5YzE0ODYzOTU3MjE4Y2FiNmE5ZDU3ZiIsInVzZXJfaWQiOjEyfQ.51JgnycCGJnXO1XIWJ9aUr2a1izWc3stfILZ_7VtExs	2024-02-22 03:59:48.8534+06	2024-02-22 04:59:48+06	12	4d2b052be9c14863957218cab6a9d57f
317	eyJhbGciOiJIUzI1NiIsInR5cCI6IkpXVCJ9.eyJ0b2tlbl90eXBlIjoicmVmcmVzaCIsImV4cCI6MTcwODU1NzQ1MSwiaWF0IjoxNzA4NTUzODUxLCJqdGkiOiI1ZWU3NmRiMWY4NmQ0MmZiYjQzMzM2OTA3ZmNmYjBmNyIsInVzZXJfaWQiOjEyfQ.d02gu0muIoKYX-vnoSr9dduKUzjUCwwekFejc6n4dV8	2024-02-22 04:17:31.356409+06	2024-02-22 05:17:31+06	12	5ee76db1f86d42fbb43336907fcfb0f7
318	eyJhbGciOiJIUzI1NiIsInR5cCI6IkpXVCJ9.eyJ0b2tlbl90eXBlIjoicmVmcmVzaCIsImV4cCI6MTcwODU1ODAwNywiaWF0IjoxNzA4NTU0NDA3LCJqdGkiOiI0ZmMwODQ0MzYyOWI0MzExOWIwMTRiMDNjZDgzMjI0NiIsInVzZXJfaWQiOjEyfQ.TX90gmH2Tmh5oCiDwdZ2NtDM3tkcKN9IUTw4njWOp7Q	2024-02-22 04:26:47.338057+06	2024-02-22 05:26:47+06	12	4fc08443629b43119b014b03cd832246
319	eyJhbGciOiJIUzI1NiIsInR5cCI6IkpXVCJ9.eyJ0b2tlbl90eXBlIjoicmVmcmVzaCIsImV4cCI6MTcwODU1ODUxNywiaWF0IjoxNzA4NTU0OTE3LCJqdGkiOiI0YWQyY2NiZjQ1OTI0ODYwODljMWM0MmRiNDI5MjNjYSIsInVzZXJfaWQiOjEyfQ.Cftz6Kk2LLQjTXpVSxVgQ8V90MyaF5ZP3hjV-64VwjY	2024-02-22 04:35:17.084798+06	2024-02-22 05:35:17+06	12	4ad2ccbf4592486089c1c42db42923ca
320	eyJhbGciOiJIUzI1NiIsInR5cCI6IkpXVCJ9.eyJ0b2tlbl90eXBlIjoicmVmcmVzaCIsImV4cCI6MTcwODU1ODgzNiwiaWF0IjoxNzA4NTU1MjM2LCJqdGkiOiIwZDllYmRjMTNiZWQ0N2Y0YTQ2YzM0MDZiMjA4ODY0YiIsInVzZXJfaWQiOjEyfQ._CwHwbwOxa5Gl2p4pT1_ZTezNJ_CH1pekwJ0tXfhNDg	2024-02-22 04:40:36.631237+06	2024-02-22 05:40:36+06	12	0d9ebdc13bed47f4a46c3406b208864b
321	eyJhbGciOiJIUzI1NiIsInR5cCI6IkpXVCJ9.eyJ0b2tlbl90eXBlIjoicmVmcmVzaCIsImV4cCI6MTcwODU1OTgyMywiaWF0IjoxNzA4NTU2MjIzLCJqdGkiOiI1ODE3NGUyY2MwYjk0M2Y1ODQwOWZkMTA2NzNjZGQwZCIsInVzZXJfaWQiOjEyfQ.GxjZHKzSHfK71M6LhJuK1JUf65P8Th3ZiEuwXCvLSOM	2024-02-22 04:57:03.812379+06	2024-02-22 05:57:03+06	12	58174e2cc0b943f58409fd10673cdd0d
322	eyJhbGciOiJIUzI1NiIsInR5cCI6IkpXVCJ9.eyJ0b2tlbl90eXBlIjoicmVmcmVzaCIsImV4cCI6MTcwODU1OTkzMywiaWF0IjoxNzA4NTU2MzMzLCJqdGkiOiIxODU3NzBlZDBlOWU0ZWM0OWM0ODNiYzA3NDVkZTRhNSIsInVzZXJfaWQiOjEyfQ.MO81yTuCjF8AOwwrpStWp_Zj5cFFJGZVOm8b9D_YmS0	2024-02-22 04:58:53.626542+06	2024-02-22 05:58:53+06	12	185770ed0e9e4ec49c483bc0745de4a5
323	eyJhbGciOiJIUzI1NiIsInR5cCI6IkpXVCJ9.eyJ0b2tlbl90eXBlIjoicmVmcmVzaCIsImV4cCI6MTcwODU2MjQ1MiwiaWF0IjoxNzA4NTU4ODUyLCJqdGkiOiJmZTljMmRhZWZkMDE0OGU0OThmZTNkNGNiM2ZkZDBkNyIsInVzZXJfaWQiOjEyfQ.q4WUaKZgHvNJ3nXH3BXa7263ptofPEYgEawLkwjAQqw	2024-02-22 05:40:52.868832+06	2024-02-22 06:40:52+06	12	fe9c2daefd0148e498fe3d4cb3fdd0d7
324	eyJhbGciOiJIUzI1NiIsInR5cCI6IkpXVCJ9.eyJ0b2tlbl90eXBlIjoicmVmcmVzaCIsImV4cCI6MTcwODU2MzIwNywiaWF0IjoxNzA4NTU5NjA3LCJqdGkiOiJmMjZmMGY4ZTc4MGI0ODVjYTIzYzJjYmU1YmFiNGMyNCIsInVzZXJfaWQiOjEyfQ.oU3azgbo-2F1R_9YoRXrLycOdlM6092HZWB4iidz0bM	2024-02-22 05:53:27.557706+06	2024-02-22 06:53:27+06	12	f26f0f8e780b485ca23c2cbe5bab4c24
325	eyJhbGciOiJIUzI1NiIsInR5cCI6IkpXVCJ9.eyJ0b2tlbl90eXBlIjoicmVmcmVzaCIsImV4cCI6MTcwODU2NDE4MywiaWF0IjoxNzA4NTYwNTgzLCJqdGkiOiJkYmYxZjIyMGFhOWQ0NDI5OTEzNWVmMzQwM2U4ZGJmNiIsInVzZXJfaWQiOjEyfQ._bUuCE4CTOhakxz4iZgJ4CUcit1zl1bEIdJ0E4hIGWU	2024-02-22 06:09:43.042691+06	2024-02-22 07:09:43+06	12	dbf1f220aa9d44299135ef3403e8dbf6
326	eyJhbGciOiJIUzI1NiIsInR5cCI6IkpXVCJ9.eyJ0b2tlbl90eXBlIjoicmVmcmVzaCIsImV4cCI6MTcwODU2NDkwNywiaWF0IjoxNzA4NTYxMzA3LCJqdGkiOiI3MWZhYWRjNjQ2Nzc0MDc5YmRhMjg4MWMzMTY4YTY3NiIsInVzZXJfaWQiOjEyfQ.VpM-EZIfha1yS54G3cOR3IIX-GNwPocPLIB1kNurHkA	2024-02-22 06:21:47.359413+06	2024-02-22 07:21:47+06	12	71faadc646774079bda2881c3168a676
327	eyJhbGciOiJIUzI1NiIsInR5cCI6IkpXVCJ9.eyJ0b2tlbl90eXBlIjoicmVmcmVzaCIsImV4cCI6MTcwODU2NTc1MiwiaWF0IjoxNzA4NTYyMTUyLCJqdGkiOiI4OWZlMWUxOTZmY2M0NzIzODE4ZWUzZGQ1ZmE5ZjU0MCIsInVzZXJfaWQiOjEyfQ.cg5lm1lrA6O7-EzrRkge23tbwCqtNrTB9DWf9ah-qNs	2024-02-22 06:35:52.258788+06	2024-02-22 07:35:52+06	12	89fe1e196fcc4723818ee3dd5fa9f540
328	eyJhbGciOiJIUzI1NiIsInR5cCI6IkpXVCJ9.eyJ0b2tlbl90eXBlIjoicmVmcmVzaCIsImV4cCI6MTcwODU2NjI0MCwiaWF0IjoxNzA4NTYyNjQwLCJqdGkiOiJmMTQ4MzE3MDJhMTY0NWNjYTYyZjE1NjkyZmY5MmQwZiIsInVzZXJfaWQiOjEyfQ.H9Vt2dBConaNzsxiMkxfyvS_WJ60vQ87OC6z2vNTUhc	2024-02-22 06:44:00.928291+06	2024-02-22 07:44:00+06	12	f14831702a1645cca62f15692ff92d0f
329	eyJhbGciOiJIUzI1NiIsInR5cCI6IkpXVCJ9.eyJ0b2tlbl90eXBlIjoicmVmcmVzaCIsImV4cCI6MTcwODU2NjU1MSwiaWF0IjoxNzA4NTYyOTUxLCJqdGkiOiI2OTU0ZjY0ZGQ5OGQ0ZTU2YTJiZjZmM2Q5MDE3OGZlYiIsInVzZXJfaWQiOjEyfQ.Pw-C2euECEQIlz4FGCalu3wGdkR5NhUx4S49i-vBnlU	2024-02-22 06:49:11.195308+06	2024-02-22 07:49:11+06	12	6954f64dd98d4e56a2bf6f3d90178feb
330	eyJhbGciOiJIUzI1NiIsInR5cCI6IkpXVCJ9.eyJ0b2tlbl90eXBlIjoicmVmcmVzaCIsImV4cCI6MTcwODU2ODYyNiwiaWF0IjoxNzA4NTY1MDI2LCJqdGkiOiI5MTk2MjBkOTlmZWI0ZDBmOWEwZWQ4MmZjZWZhNjM3NSIsInVzZXJfaWQiOjEyfQ.-qmC0ybASbWPovM143ox_zJ4ZsiVyu1CoRcYEqY4Gn4	2024-02-22 07:23:46.365697+06	2024-02-22 08:23:46+06	12	919620d99feb4d0f9a0ed82fcefa6375
331	eyJhbGciOiJIUzI1NiIsInR5cCI6IkpXVCJ9.eyJ0b2tlbl90eXBlIjoicmVmcmVzaCIsImV4cCI6MTcwODU2OTQzMiwiaWF0IjoxNzA4NTY1ODMyLCJqdGkiOiIwNzQ4YmMxZmQwZDQ0M2RmYWQ4MDljNDdjNWI4ODMyOSIsInVzZXJfaWQiOjEyfQ.kUr2sfoAfWFKjmDkFx332V-iZRH9H0ax371EsQlW0S4	2024-02-22 07:37:12.372184+06	2024-02-22 08:37:12+06	12	0748bc1fd0d443dfad809c47c5b88329
332	eyJhbGciOiJIUzI1NiIsInR5cCI6IkpXVCJ9.eyJ0b2tlbl90eXBlIjoicmVmcmVzaCIsImV4cCI6MTcwODYyMDgwNiwiaWF0IjoxNzA4NjE3MjA2LCJqdGkiOiIzMmY5ZmJlNTMyNWU0N2M4YWY4YmFmNjQ1NmRmMTUxOSIsInVzZXJfaWQiOjEyfQ.rM4BQhtgZtlSNbM8_19w4FD2MEHEzSvCC7D_nxv3Z7I	2024-02-22 21:53:26.7667+06	2024-02-22 22:53:26+06	12	32f9fbe5325e47c8af8baf6456df1519
333	eyJhbGciOiJIUzI1NiIsInR5cCI6IkpXVCJ9.eyJ0b2tlbl90eXBlIjoicmVmcmVzaCIsImV4cCI6MTcwODYyMTMwNiwiaWF0IjoxNzA4NjE3NzA2LCJqdGkiOiI1NTE1NmQ3MmE1Y2M0OTA3YWY5ZGE2MmI5YWVhNDM4NSIsInVzZXJfaWQiOjEyfQ.dASLEWdMhUSgihr-KLs9oiB5pJXe1QlVK4JLLGFGf8c	2024-02-22 22:01:46.368429+06	2024-02-22 23:01:46+06	12	55156d72a5cc4907af9da62b9aea4385
334	eyJhbGciOiJIUzI1NiIsInR5cCI6IkpXVCJ9.eyJ0b2tlbl90eXBlIjoicmVmcmVzaCIsImV4cCI6MTcwODcwMDkxNiwiaWF0IjoxNzA4Njk3MzE2LCJqdGkiOiI1NDU1ZTc4ODQwYjg0NmU1OGRkZjE0ZGJlNzIwMGZkMyIsInVzZXJfaWQiOjEyfQ.JZ0x_2Ilk11PlwV1QE4buvvB6QhEIC4CCQbOxkRHr04	2024-02-23 20:08:36.105166+06	2024-02-23 21:08:36+06	12	5455e78840b846e58ddf14dbe7200fd3
335	eyJhbGciOiJIUzI1NiIsInR5cCI6IkpXVCJ9.eyJ0b2tlbl90eXBlIjoicmVmcmVzaCIsImV4cCI6MTcwOTA2MjgzMSwiaWF0IjoxNzA5MDU5MjMxLCJqdGkiOiI2MjA5YTc0YzQwNzY0NWI4YTEyYTFhNDgzODg2OTY1YyIsInVzZXJfaWQiOjEyfQ.oWx7UaHwxge_XirFaUsBksEbTn_KQSLZ7lZ4PvTlBsQ	2024-02-28 00:40:31.486312+06	2024-02-28 01:40:31+06	12	6209a74c407645b8a12a1a483886965c
336	eyJhbGciOiJIUzI1NiIsInR5cCI6IkpXVCJ9.eyJ0b2tlbl90eXBlIjoicmVmcmVzaCIsImV4cCI6MTcwOTA2MzAzMCwiaWF0IjoxNzA5MDU5NDMwLCJqdGkiOiIxMWVlNmIxYmFhODI0NWUzOWUwOWZlOTI0YmRhZWY5ZSIsInVzZXJfaWQiOjEyfQ.xmuKXRKIR4fkR9HcVDgo-WC_m4TYJNDzWmgvI2hi0-E	2024-02-28 00:43:50.818795+06	2024-02-28 01:43:50+06	12	11ee6b1baa8245e39e09fe924bdaef9e
337	eyJhbGciOiJIUzI1NiIsInR5cCI6IkpXVCJ9.eyJ0b2tlbl90eXBlIjoicmVmcmVzaCIsImV4cCI6MTcwOTA2MzE5NCwiaWF0IjoxNzA5MDU5NTk0LCJqdGkiOiJmYTYxODNiM2I5NTc0NTljYmUyNTRhMDEzYWZmMjI1MiIsInVzZXJfaWQiOjEyfQ.oIzNLYsah6rUPTtcsAQOmu85R7S0R0fVb9_vhO-EZmQ	2024-02-28 00:46:34.817876+06	2024-02-28 01:46:34+06	12	fa6183b3b957459cbe254a013aff2252
338	eyJhbGciOiJIUzI1NiIsInR5cCI6IkpXVCJ9.eyJ0b2tlbl90eXBlIjoicmVmcmVzaCIsImV4cCI6MTcwOTA2MzU0NSwiaWF0IjoxNzA5MDU5OTQ1LCJqdGkiOiJkMmFiODg1YTgxZjU0ZDdlODhhYmIxNmExY2Y0YWJhMSIsInVzZXJfaWQiOjEyfQ.yIRaZDRvpE8SPtxcwo8JBShG_pS4Zp8dF7XcVWE7U3w	2024-02-28 00:52:25.198389+06	2024-02-28 01:52:25+06	12	d2ab885a81f54d7e88abb16a1cf4aba1
339	eyJhbGciOiJIUzI1NiIsInR5cCI6IkpXVCJ9.eyJ0b2tlbl90eXBlIjoicmVmcmVzaCIsImV4cCI6MTcwOTA2Mzg1NCwiaWF0IjoxNzA5MDYwMjU0LCJqdGkiOiIwMTcxNjhlMmY3ZDE0Y2I2YmVjMTJkOTY4ZmE1NTgxZSIsInVzZXJfaWQiOjEyfQ.Eevrj0H2CO9gHMr5F8DTyKSayPs0d3qz0rq4WaZcRWk	2024-02-28 00:57:34.739908+06	2024-02-28 01:57:34+06	12	017168e2f7d14cb6bec12d968fa5581e
340	eyJhbGciOiJIUzI1NiIsInR5cCI6IkpXVCJ9.eyJ0b2tlbl90eXBlIjoicmVmcmVzaCIsImV4cCI6MTcwOTA2NDIwMiwiaWF0IjoxNzA5MDYwNjAyLCJqdGkiOiI1MTM4MTg3ZGUwZDc0NDU5YTRmMjZhMmZiMGFiNWIyOCIsInVzZXJfaWQiOjEyfQ.cN2EKVMqEyaZ8sCQHi1kVLtLybgua5GLptPgS5N_G0w	2024-02-28 01:03:22.351403+06	2024-02-28 02:03:22+06	12	5138187de0d74459a4f26a2fb0ab5b28
341	eyJhbGciOiJIUzI1NiIsInR5cCI6IkpXVCJ9.eyJ0b2tlbl90eXBlIjoicmVmcmVzaCIsImV4cCI6MTcwOTA3NzUzMSwiaWF0IjoxNzA5MDczOTMxLCJqdGkiOiI5MjE1ZDBjNTgwOTk0ZGQ1YjMxZTNjZDc0NWFkMTc4ZiIsInVzZXJfaWQiOjEyfQ.Mx7s8lvNlvH8OvADqjLC2GhsPrkUyOJHIeYelL9EjVE	2024-02-28 04:45:31.973716+06	2024-02-28 05:45:31+06	12	9215d0c580994dd5b31e3cd745ad178f
342	eyJhbGciOiJIUzI1NiIsInR5cCI6IkpXVCJ9.eyJ0b2tlbl90eXBlIjoicmVmcmVzaCIsImV4cCI6MTcwOTA4OTEzOSwiaWF0IjoxNzA5MDg1NTM5LCJqdGkiOiJhM2JkMTFlNjAxZDk0MThhOTNiOGQ3ZmViOWUzNjY0MyIsInVzZXJfaWQiOjEyfQ.9cEHG5XxWPFhD42oAGeov0RQvAR_UuJNKJtQAG6IL_E	2024-02-28 07:58:59.876522+06	2024-02-28 08:58:59+06	12	a3bd11e601d9418a93b8d7feb9e36643
343	eyJhbGciOiJIUzI1NiIsInR5cCI6IkpXVCJ9.eyJ0b2tlbl90eXBlIjoicmVmcmVzaCIsImV4cCI6MTcwOTA4OTE1NCwiaWF0IjoxNzA5MDg1NTU0LCJqdGkiOiI0YmI5Njc0ZDlkMjE0MDZiOTkzNzA4NzkzZjJjMWNiYSIsInVzZXJfaWQiOjEyfQ.mAvYgtS9qrsZn1FSYx3LH9QQ108A-JkCF4se2nVxRms	2024-02-28 07:59:14.014593+06	2024-02-28 08:59:14+06	12	4bb9674d9d21406b993708793f2c1cba
344	eyJhbGciOiJIUzI1NiIsInR5cCI6IkpXVCJ9.eyJ0b2tlbl90eXBlIjoicmVmcmVzaCIsImV4cCI6MTcwOTU5MjE2MCwiaWF0IjoxNzA5NTg4NTYwLCJqdGkiOiI4NTgwZjA5NWE5MzY0MzM3ODEwMTA1NGY5YjU5MjYyNCIsInVzZXJfaWQiOjEyfQ.gwgUPfyPGCOVIoN8XVkZMEyunPPKISt26qMlQAykQaM	2024-03-05 03:42:40.174305+06	2024-03-05 04:42:40+06	12	8580f095a93643378101054f9b592624
345	eyJhbGciOiJIUzI1NiIsInR5cCI6IkpXVCJ9.eyJ0b2tlbl90eXBlIjoicmVmcmVzaCIsImV4cCI6MTcwOTU5MjM4NywiaWF0IjoxNzA5NTg4Nzg3LCJqdGkiOiI5OTlhN2MwMTk5YTM0ODE1OThjNzk3MjIyNzhjMGZkYSIsInVzZXJfaWQiOjEyfQ.Jd1ObnIQCUOi2f3XeEvgT622_4eaFkqgiDWbaOGPrfE	2024-03-05 03:46:27.955524+06	2024-03-05 04:46:27+06	12	999a7c0199a3481598c79722278c0fda
346	eyJhbGciOiJIUzI1NiIsInR5cCI6IkpXVCJ9.eyJ0b2tlbl90eXBlIjoicmVmcmVzaCIsImV4cCI6MTcwOTU5MzQzOCwiaWF0IjoxNzA5NTg5ODM4LCJqdGkiOiJlOTE1Zjc0NGJlOTk0N2IyODBhMmJhZmVlNDRkZjE2NiIsInVzZXJfaWQiOjEyfQ.SQQTcfm5p6zXD1XTUJ5LW_o8GX88FuSYy8Uun-8NUDo	\N	2024-03-05 05:03:58+06	\N	e915f744be9947b280a2bafee44df166
347	eyJhbGciOiJIUzI1NiIsInR5cCI6IkpXVCJ9.eyJ0b2tlbl90eXBlIjoicmVmcmVzaCIsImV4cCI6MTcwOTU5NDAwMSwiaWF0IjoxNzA5NTkwNDAxLCJqdGkiOiIwZDJlNDA1NGJiODI0ZDc5OWRlMjJjMmJiZTI3YzYxOCIsInVzZXJfaWQiOjEyfQ.suEiHh5r7cqIUKluFeLQtjMyX63BuRVd-aO80wHIrPI	\N	2024-03-05 05:13:21+06	\N	0d2e4054bb824d799de22c2bbe27c618
348	eyJhbGciOiJIUzI1NiIsInR5cCI6IkpXVCJ9.eyJ0b2tlbl90eXBlIjoicmVmcmVzaCIsImV4cCI6MTcwOTU5NDQxMSwiaWF0IjoxNzA5NTkwODExLCJqdGkiOiIyOGVkYzQxNWNiYWI0YzE5YTJkNDdkZTZmODg2Y2M2YSIsInVzZXJfaWQiOjEyfQ.IlsxVDlMzDLf7EuwOq_ge1gjalbNNo_ygwzW0yJqtxw	\N	2024-03-05 05:20:11+06	\N	28edc415cbab4c19a2d47de6f886cc6a
349	eyJhbGciOiJIUzI1NiIsInR5cCI6IkpXVCJ9.eyJ0b2tlbl90eXBlIjoicmVmcmVzaCIsImV4cCI6MTcwOTU5NTAyOSwiaWF0IjoxNzA5NTkxNDI5LCJqdGkiOiI3MGZmZDA0MWYwZjE0ZDBiYmY3NTgwNzFkZTFhYWY5ZCIsInVzZXJfaWQiOjEyfQ.vkMwgpdCtI8eqe9qUh7PVsu5ZR7ysMVgryqfw3I9ylo	2024-03-05 04:30:29.032905+06	2024-03-05 05:30:29+06	12	70ffd041f0f14d0bbf758071de1aaf9d
350	eyJhbGciOiJIUzI1NiIsInR5cCI6IkpXVCJ9.eyJ0b2tlbl90eXBlIjoicmVmcmVzaCIsImV4cCI6MTcwOTU5NTkyOSwiaWF0IjoxNzA5NTkyMzI5LCJqdGkiOiIwNzg3NTY5NmViMjI0NzFhOTg2MjNjYmVhMTE3NTNiMiIsInVzZXJfaWQiOjEyfQ.WXkQLfOMTYGZuK7CvQTTgDqUt-oQPNyjgnD7HdZVWIQ	\N	2024-03-05 05:45:29+06	\N	07875696eb22471a98623cbea11753b2
351	eyJhbGciOiJIUzI1NiIsInR5cCI6IkpXVCJ9.eyJ0b2tlbl90eXBlIjoicmVmcmVzaCIsImV4cCI6MTcwOTU5NjYzMywiaWF0IjoxNzA5NTkzMDMzLCJqdGkiOiIwNjg0ZjBkODIxMDE0NTI1OGZhNmY4ZmMxZjAyMTgzNSIsInVzZXJfaWQiOjEyfQ.iVc6f0ftW06srNJoR7gA61QWT_je6zS2Az1xu_PCu8s	2024-03-05 04:57:13.549734+06	2024-03-05 05:57:13+06	12	0684f0d8210145258fa6f8fc1f021835
352	eyJhbGciOiJIUzI1NiIsInR5cCI6IkpXVCJ9.eyJ0b2tlbl90eXBlIjoicmVmcmVzaCIsImV4cCI6MTcwOTU5NzAyNCwiaWF0IjoxNzA5NTkzNDI0LCJqdGkiOiIwMTBhNzNmNzAwZDI0YjhlOTc2NjIzNTgxZGU4Mjg4MSIsInVzZXJfaWQiOjEyfQ.7W41EmoUtvN9F5JTpFVE8ACABChxaLrZjlvT53uj2Kg	\N	2024-03-05 06:03:44+06	\N	010a73f700d24b8e976623581de82881
353	eyJhbGciOiJIUzI1NiIsInR5cCI6IkpXVCJ9.eyJ0b2tlbl90eXBlIjoicmVmcmVzaCIsImV4cCI6MTcwOTU5NzM3OCwiaWF0IjoxNzA5NTkzNzc4LCJqdGkiOiIwMjNmZWYwYmRjMzg0ZjEzYWZlYTc2MmE1MTZhMGUwOSIsInVzZXJfaWQiOjEyfQ.7Cd2GdYF_ytDWZX66BZYd0goZBPqYfL2sVwRF4x8Ttk	\N	2024-03-05 06:09:38+06	\N	023fef0bdc384f13afea762a516a0e09
354	eyJhbGciOiJIUzI1NiIsInR5cCI6IkpXVCJ9.eyJ0b2tlbl90eXBlIjoicmVmcmVzaCIsImV4cCI6MTcwOTU5ODE2MSwiaWF0IjoxNzA5NTk0NTYxLCJqdGkiOiJjMTdhNWNlNmEzZDc0N2Q2YTc1YjllMDNhMTY1MmZmNSIsInVzZXJfaWQiOjEyfQ.hsJGIOWdI8x72wOxTyTZuhzaB-zFu1LLq4bAj2TITnE	\N	2024-03-05 06:22:41+06	\N	c17a5ce6a3d747d6a75b9e03a1652ff5
355	eyJhbGciOiJIUzI1NiIsInR5cCI6IkpXVCJ9.eyJ0b2tlbl90eXBlIjoicmVmcmVzaCIsImV4cCI6MTcwOTU5ODQ3NywiaWF0IjoxNzA5NTk0ODc3LCJqdGkiOiJkMjk1OWY4MDNhZjc0ZTY1YTk0ZTA5NmViN2VlN2NhNCIsInVzZXJfaWQiOjEyfQ._JIPjjU3ZJq6DCsCutBQQbOES0OYg4QQGCrWgc8S9TM	\N	2024-03-05 06:27:57+06	\N	d2959f803af74e65a94e096eb7ee7ca4
356	eyJhbGciOiJIUzI1NiIsInR5cCI6IkpXVCJ9.eyJ0b2tlbl90eXBlIjoicmVmcmVzaCIsImV4cCI6MTcwOTU5ODc4NCwiaWF0IjoxNzA5NTk1MTg0LCJqdGkiOiIyZjc4OGViYmZmMGI0YjJlYjVlMDQzM2VhMGI1YTk5ZiIsInVzZXJfaWQiOjEyfQ.b985rWi-i3F0-s6Gg2bDyHqOwGdKL5fydAb9tpVGeHA	\N	2024-03-05 06:33:04+06	\N	2f788ebbff0b4b2eb5e0433ea0b5a99f
357	eyJhbGciOiJIUzI1NiIsInR5cCI6IkpXVCJ9.eyJ0b2tlbl90eXBlIjoicmVmcmVzaCIsImV4cCI6MTcwOTU5OTEzNywiaWF0IjoxNzA5NTk1NTM3LCJqdGkiOiIyYTM2NTYzOWVhOTA0OGE4YTJmYWIzZjVkZDk2ODg4NiIsInVzZXJfaWQiOjEyfQ.RxcIvJIjFNjXGBpFCACFwbNa0x4ROduDSQmEGUIXSHU	\N	2024-03-05 06:38:57+06	\N	2a365639ea9048a8a2fab3f5dd968886
358	eyJhbGciOiJIUzI1NiIsInR5cCI6IkpXVCJ9.eyJ0b2tlbl90eXBlIjoicmVmcmVzaCIsImV4cCI6MTcwOTU5OTg0OCwiaWF0IjoxNzA5NTk2MjQ4LCJqdGkiOiIzNmMxYzU5MmI5ZDA0MjUwYTkyZjM0MWUyY2Y2MThkZiIsInVzZXJfaWQiOjEyfQ.PfMqdpGua2B4YEJKDDcbP2hF5zHBNkoP0SiDmZw7ero	\N	2024-03-05 06:50:48+06	\N	36c1c592b9d04250a92f341e2cf618df
359	eyJhbGciOiJIUzI1NiIsInR5cCI6IkpXVCJ9.eyJ0b2tlbl90eXBlIjoicmVmcmVzaCIsImV4cCI6MTcwOTU5OTg1NiwiaWF0IjoxNzA5NTk2MjU2LCJqdGkiOiI1ZGI1YWU5MmE5NmU0YTIwYThkZTE5M2VjNTI2MjgxMyIsInVzZXJfaWQiOjEyfQ.lYI7iM3qtpgNa7cH-iNcxSWeygXHPmiLohLa8HG-UZI	\N	2024-03-05 06:50:56+06	\N	5db5ae92a96e4a20a8de193ec5262813
360	eyJhbGciOiJIUzI1NiIsInR5cCI6IkpXVCJ9.eyJ0b2tlbl90eXBlIjoicmVmcmVzaCIsImV4cCI6MTcwOTYwNjUyMSwiaWF0IjoxNzA5NjAyOTIxLCJqdGkiOiJjZDA4MjY0MmUyYTY0ZTM3OTNmNDZjNDc2OGI3YjMxNSIsInVzZXJfaWQiOjEyfQ.5gfGmg_KIf2sjUDxgW5Q_jja_atMjyeviUEfKNmdFoU	2024-03-05 07:42:01.87899+06	2024-03-05 08:42:01+06	12	cd082642e2a64e3793f46c4768b7b315
361	eyJhbGciOiJIUzI1NiIsInR5cCI6IkpXVCJ9.eyJ0b2tlbl90eXBlIjoicmVmcmVzaCIsImV4cCI6MTcwOTYwNzAzNSwiaWF0IjoxNzA5NjAzNDM1LCJqdGkiOiIwOTNjZGJiMmM4YWY0ZGE0YjRmZTViZWY1NTkzODFlOSIsInVzZXJfaWQiOjEyfQ.s9FwL93_U3QFyZU7lnA6S5LpTraIijTZBt1bdVOVb8U	\N	2024-03-05 08:50:35+06	\N	093cdbb2c8af4da4b4fe5bef559381e9
362	eyJhbGciOiJIUzI1NiIsInR5cCI6IkpXVCJ9.eyJ0b2tlbl90eXBlIjoicmVmcmVzaCIsImV4cCI6MTcwOTYwNzYxNiwiaWF0IjoxNzA5NjA0MDE2LCJqdGkiOiJhNzcwZDM2NjJmODM0MmRjOGRmOWFjYjQwNzJjNzdkMiIsInVzZXJfaWQiOjEyfQ.f03UpyNM9ENYjHZ3hPB9hsYNxAWir6iQzM1s-r753iM	\N	2024-03-05 09:00:16+06	\N	a770d3662f8342dc8df9acb4072c77d2
363	eyJhbGciOiJIUzI1NiIsInR5cCI6IkpXVCJ9.eyJ0b2tlbl90eXBlIjoicmVmcmVzaCIsImV4cCI6MTcwOTYwODI2NSwiaWF0IjoxNzA5NjA0NjY1LCJqdGkiOiJkYTRmMTVjNmMyMjg0ZTI1YTU0NmNmZDU1YWQzM2UwNCIsInVzZXJfaWQiOjEyfQ.aX7n0njq_o6uyq4Joq7rA5wDWdrdsG9ORT4fHuUfX5U	\N	2024-03-05 09:11:05+06	\N	da4f15c6c2284e25a546cfd55ad33e04
364	eyJhbGciOiJIUzI1NiIsInR5cCI6IkpXVCJ9.eyJ0b2tlbl90eXBlIjoicmVmcmVzaCIsImV4cCI6MTcwOTYwODYyNiwiaWF0IjoxNzA5NjA1MDI2LCJqdGkiOiI4OWI5MGY2OGRlZjA0ZGIzOTUyZjQ4ZWIxZDY5MjRkZSIsInVzZXJfaWQiOjEyfQ.BlhJOHMqIyhPIBRxKdIvE98Jwg08_pb_7GrhBIgDL9c	\N	2024-03-05 09:17:06+06	\N	89b90f68def04db3952f48eb1d6924de
365	eyJhbGciOiJIUzI1NiIsInR5cCI6IkpXVCJ9.eyJ0b2tlbl90eXBlIjoicmVmcmVzaCIsImV4cCI6MTcwOTYwOTAzNywiaWF0IjoxNzA5NjA1NDM3LCJqdGkiOiJiYzYzNzM5ODY1ZWE0YWE3YWM3NTcxZGRmZTYzMGFkNCIsInVzZXJfaWQiOjEyfQ.jTV6-ZwFjHH6cMjdS0HvJbFN5gLHNISfK-McGzplSts	\N	2024-03-05 09:23:57+06	\N	bc63739865ea4aa7ac7571ddfe630ad4
366	eyJhbGciOiJIUzI1NiIsInR5cCI6IkpXVCJ9.eyJ0b2tlbl90eXBlIjoicmVmcmVzaCIsImV4cCI6MTcwOTYwOTc4OCwiaWF0IjoxNzA5NjA2MTg4LCJqdGkiOiIyNzY1NWE0ZWE1NmM0NjE5YWU0MGUzMGI1MDFmMmRjYiIsInVzZXJfaWQiOjEyfQ.gN810X1rW3lgeGGLeWZRVAg63twVnA2dZkSr2iRz4Wo	\N	2024-03-05 09:36:28+06	\N	27655a4ea56c4619ae40e30b501f2dcb
367	eyJhbGciOiJIUzI1NiIsInR5cCI6IkpXVCJ9.eyJ0b2tlbl90eXBlIjoicmVmcmVzaCIsImV4cCI6MTcwOTYxMDcwMSwiaWF0IjoxNzA5NjA3MTAxLCJqdGkiOiJmNjE2NDdmN2IwMjc0MWVlOWVlY2VlNjU5MjBjZDMxNyIsInVzZXJfaWQiOjEyfQ.RvjhGesEoQlzmxxOe80VcjwsBlyQYnwmZarudta8mxM	\N	2024-03-05 09:51:41+06	\N	f61647f7b02741ee9eecee65920cd317
368	eyJhbGciOiJIUzI1NiIsInR5cCI6IkpXVCJ9.eyJ0b2tlbl90eXBlIjoicmVmcmVzaCIsImV4cCI6MTcwOTYxMTMzMiwiaWF0IjoxNzA5NjA3NzMyLCJqdGkiOiIzN2FkYjQxNDRkMDg0OGIxYTEwMmY0OWNjNWRiOWMyNSIsInVzZXJfaWQiOjEyfQ.GUyJcBZoOyf2S_xZpWIz2F0PWxZiGgdXPFn1OM1k8h8	\N	2024-03-05 10:02:12+06	\N	37adb4144d0848b1a102f49cc5db9c25
369	eyJhbGciOiJIUzI1NiIsInR5cCI6IkpXVCJ9.eyJ0b2tlbl90eXBlIjoicmVmcmVzaCIsImV4cCI6MTcwOTYxMjEyMywiaWF0IjoxNzA5NjA4NTIzLCJqdGkiOiI3MGY0YTBhOTE5MTI0ZmE0YWIxMjY3NTdhMThiODk5YyIsInVzZXJfaWQiOjEyfQ.Wlg_SwHzGI1ru5VP3y_CDiiqb_BmLMlcrdE86VOKVs0	2024-03-05 09:15:23.601841+06	2024-03-05 10:15:23+06	12	70f4a0a919124fa4ab126757a18b899c
370	eyJhbGciOiJIUzI1NiIsInR5cCI6IkpXVCJ9.eyJ0b2tlbl90eXBlIjoicmVmcmVzaCIsImV4cCI6MTcwOTYxMjY3MCwiaWF0IjoxNzA5NjA5MDcwLCJqdGkiOiI4NGVjMTU3NDA2N2M0YmViYjE0NjM3Mzk2YTIyYTQ3YSIsInVzZXJfaWQiOjEyfQ.a4OTP-ZVj_f6gtPbi_6HJ1vTcUXjf8OIK7aPyShgOGY	\N	2024-03-05 10:24:30+06	\N	84ec1574067c4bebb14637396a22a47a
371	eyJhbGciOiJIUzI1NiIsInR5cCI6IkpXVCJ9.eyJ0b2tlbl90eXBlIjoicmVmcmVzaCIsImV4cCI6MTcwOTYxMzM0MiwiaWF0IjoxNzA5NjA5NzQyLCJqdGkiOiI1NzQ4ZWYyMzRmM2I0NjAwODE5NTcxZDAwYTZmZDBmMCIsInVzZXJfaWQiOjEyfQ.sUmNlZXk-DJCe0Lztd82gRJBomSFUE989d890b20I9U	\N	2024-03-05 10:35:42+06	\N	5748ef234f3b4600819571d00a6fd0f0
372	eyJhbGciOiJIUzI1NiIsInR5cCI6IkpXVCJ9.eyJ0b2tlbl90eXBlIjoicmVmcmVzaCIsImV4cCI6MTcwOTYxMzY1NiwiaWF0IjoxNzA5NjEwMDU2LCJqdGkiOiIzOTZmYTAyY2YyNTk0ZGM5OWFkNzU2ZmFkMjIyY2FjNiIsInVzZXJfaWQiOjEyfQ.Q3n3XCk5twrObSJIgwbZnqo3tU3BQ32r8_OOCBBFQzk	\N	2024-03-05 10:40:56+06	\N	396fa02cf2594dc99ad756fad222cac6
373	eyJhbGciOiJIUzI1NiIsInR5cCI6IkpXVCJ9.eyJ0b2tlbl90eXBlIjoicmVmcmVzaCIsImV4cCI6MTcwOTYxNDA0NSwiaWF0IjoxNzA5NjEwNDQ1LCJqdGkiOiIxZmUxNWQ1Y2NhMDg0Y2NkODkxOGM3MWNkN2UyODM4MiIsInVzZXJfaWQiOjEyfQ.tMfvwnj6nUugl8Z4F1w0kls9YoiaMcG0yfP_lo2jiY4	\N	2024-03-05 10:47:25+06	\N	1fe15d5cca084ccd8918c71cd7e28382
374	eyJhbGciOiJIUzI1NiIsInR5cCI6IkpXVCJ9.eyJ0b2tlbl90eXBlIjoicmVmcmVzaCIsImV4cCI6MTcwOTYxNDUxNiwiaWF0IjoxNzA5NjEwOTE2LCJqdGkiOiJkNjRiYTE2ODNlM2E0NTNiODMwNTBmYjBjMGM4MjhhZSIsInVzZXJfaWQiOjEyfQ.mb-QU7oPyTUYYvLv95q6YUV-i9XqJueR8R7cD6khX88	\N	2024-03-05 10:55:16+06	\N	d64ba1683e3a453b83050fb0c0c828ae
375	eyJhbGciOiJIUzI1NiIsInR5cCI6IkpXVCJ9.eyJ0b2tlbl90eXBlIjoicmVmcmVzaCIsImV4cCI6MTcwOTYxNDkyNSwiaWF0IjoxNzA5NjExMzI1LCJqdGkiOiI1ZDYxZjVlZmVmNDU0ZmU0OGJkMmJjNGJjODg5NTY4OCIsInVzZXJfaWQiOjEyfQ.unSY_2T1jrSXaupqTnMzchFNHLIpZ1Q8JbyLA3B5diY	\N	2024-03-05 11:02:05+06	\N	5d61f5efef454fe48bd2bc4bc8895688
376	eyJhbGciOiJIUzI1NiIsInR5cCI6IkpXVCJ9.eyJ0b2tlbl90eXBlIjoicmVmcmVzaCIsImV4cCI6MTcwOTYxNTI3MywiaWF0IjoxNzA5NjExNjczLCJqdGkiOiIyMjUzNmE2NzE3ODU0ZTY1OGU3ZjE0NTdkOWYxYmMzMSIsInVzZXJfaWQiOjEyfQ.RezAucOe1yi4dfXZfl6FWbzPCHtOfP447fX6CTof34Q	\N	2024-03-05 11:07:53+06	\N	22536a6717854e658e7f1457d9f1bc31
377	eyJhbGciOiJIUzI1NiIsInR5cCI6IkpXVCJ9.eyJ0b2tlbl90eXBlIjoicmVmcmVzaCIsImV4cCI6MTcwOTYxNTc0NywiaWF0IjoxNzA5NjEyMTQ3LCJqdGkiOiJmNDgxODYwYzFiMDk0YTczODEyOWFjY2QwOWVhZjBiZiIsInVzZXJfaWQiOjEyfQ.68PVnpPncp5Zrwbt4VcmpFlyR6enQ6wBKf-JgdTsnOk	\N	2024-03-05 11:15:47+06	\N	f481860c1b094a738129accd09eaf0bf
378	eyJhbGciOiJIUzI1NiIsInR5cCI6IkpXVCJ9.eyJ0b2tlbl90eXBlIjoicmVmcmVzaCIsImV4cCI6MTcwOTYyNzMyMywiaWF0IjoxNzA5NjIzNzIzLCJqdGkiOiJmM2EwYjM4ZjQzMmI0Mzg4ODRmMTc1YzVlNTg5MTQyYSIsInVzZXJfaWQiOjEyfQ.QiVnHVYtfGPr_Ih1ZkT3gK7Rw3OrxNa6wDD8VXs7J8U	2024-03-05 13:28:43.04075+06	2024-03-05 14:28:43+06	12	f3a0b38f432b438884f175c5e589142a
379	eyJhbGciOiJIUzI1NiIsInR5cCI6IkpXVCJ9.eyJ0b2tlbl90eXBlIjoicmVmcmVzaCIsImV4cCI6MTcwOTk1NzIyOSwiaWF0IjoxNzA5OTUzNjI5LCJqdGkiOiJiMDhmMzE2YTBhYWI0MGFhOWY4M2VlOGZjNjA4ZTYxNiIsInVzZXJfaWQiOjEyfQ.n01sSmSJeTG13Z6UZJhTCNdqpkR_VWqTUkJ2Eorb1nk	2024-03-09 09:07:09.871393+06	2024-03-09 10:07:09+06	12	b08f316a0aab40aa9f83ee8fc608e616
380	eyJhbGciOiJIUzI1NiIsInR5cCI6IkpXVCJ9.eyJ0b2tlbl90eXBlIjoicmVmcmVzaCIsImV4cCI6MTcwOTk1NzIzOSwiaWF0IjoxNzA5OTUzNjM5LCJqdGkiOiI0MmI0NWUxNWI1MGE0NTJiYWI4MWZkOWUxZjJlZGMzNSIsInVzZXJfaWQiOjEyfQ.QDWos1e5A2AW7B70y9ncyWOG8lY0kKHotFaQjv7WiIs	2024-03-09 09:07:19.583833+06	2024-03-09 10:07:19+06	12	42b45e15b50a452bab81fd9e1f2edc35
381	eyJhbGciOiJIUzI1NiIsInR5cCI6IkpXVCJ9.eyJ0b2tlbl90eXBlIjoicmVmcmVzaCIsImV4cCI6MTcwOTk1Nzg3MiwiaWF0IjoxNzA5OTU0MjcyLCJqdGkiOiJmMzZlM2U0ZWQzYTQ0N2NkYmEzMmRkYjRiMmQ4NjE0OCIsInVzZXJfaWQiOjEyfQ.hvK7lmlDddmjtROiVPsDMfKGLA8PALQqBa3PpBULhTw	\N	2024-03-09 10:17:52+06	\N	f36e3e4ed3a447cdba32ddb4b2d86148
382	eyJhbGciOiJIUzI1NiIsInR5cCI6IkpXVCJ9.eyJ0b2tlbl90eXBlIjoicmVmcmVzaCIsImV4cCI6MTcxMDA2OTk4NiwiaWF0IjoxNzEwMDY2Mzg2LCJqdGkiOiI1YTdiMmUyZTExMDk0YjEwOTIzM2M5MWI1ZjEyOGY3NyIsInVzZXJfaWQiOjEyfQ.YKkecq6oMOC_g9XrbfSdhyBXKTAHFld425vrR5W7sRQ	2024-03-10 16:26:26.643522+06	2024-03-10 17:26:26+06	12	5a7b2e2e11094b109233c91b5f128f77
\.


--
-- Data for Name: users_appointmentmodel; Type: TABLE DATA; Schema: public; Owner: postgres
--

COPY public.users_appointmentmodel (id, status, summary, create_date, modified_date, user_id, title, color, "end", start) FROM stdin;
1	confirmed	\N	2023-12-18 05:16:56.30844+06	2023-12-18 05:16:56.30844+06	2	new event	\N	2024-01-08 21:57:19.880401+06	2024-01-08 21:57:19.917071+06
3	confirmed	\N	2023-12-18 05:20:10.369585+06	2023-12-18 05:20:10.369585+06	2	new event	\N	2024-01-08 21:57:19.880401+06	2024-01-08 21:57:19.917071+06
4	confirmed	\N	2023-12-18 05:21:42.834949+06	2023-12-18 05:21:42.834949+06	2	new event	\N	2024-01-08 21:57:19.880401+06	2024-01-08 21:57:19.917071+06
5	confirmed	\N	2023-12-18 05:33:18.213649+06	2023-12-18 05:33:18.213649+06	3	new event	\N	2024-01-08 21:57:19.880401+06	2024-01-08 21:57:19.917071+06
6	confirmed	\N	2023-12-18 05:39:40.517875+06	2023-12-18 05:39:40.517875+06	3	new event	\N	2024-01-08 21:57:19.880401+06	2024-01-08 21:57:19.917071+06
7	confirmed	\N	2023-12-18 06:28:36.3855+06	2023-12-18 06:28:36.3855+06	3	new event	\N	2024-01-08 21:57:19.880401+06	2024-01-08 21:57:19.917071+06
8	confirmed	\N	2023-12-18 06:37:35.078056+06	2023-12-18 06:37:35.078056+06	3	new event	\N	2024-01-08 21:57:19.880401+06	2024-01-08 21:57:19.917071+06
9	confirmed	\N	2023-12-18 06:47:17.633715+06	2023-12-18 06:47:17.633715+06	3	new event	\N	2024-01-08 21:57:19.880401+06	2024-01-08 21:57:19.917071+06
10	confirmed	\N	2023-12-18 06:51:30.159127+06	2023-12-18 06:51:30.159127+06	3	new event	\N	2024-01-08 21:57:19.880401+06	2024-01-08 21:57:19.917071+06
11	confirmed	\N	2023-12-18 06:53:32.519961+06	2023-12-18 06:53:32.519961+06	3	new event	\N	2024-01-08 21:57:19.880401+06	2024-01-08 21:57:19.917071+06
14	confirmed	\N	2023-12-18 07:05:34.311683+06	2023-12-18 07:05:34.311683+06	3	new event	\N	2024-01-08 21:57:19.880401+06	2024-01-08 21:57:19.917071+06
15	confirmed	\N	2023-12-18 07:06:13.398912+06	2023-12-18 07:06:13.398912+06	3	new event	\N	2024-01-08 21:57:19.880401+06	2024-01-08 21:57:19.917071+06
16	confirmed	\N	2023-12-18 07:06:15.82769+06	2023-12-18 07:06:15.82769+06	3	new event	\N	2024-01-08 21:57:19.880401+06	2024-01-08 21:57:19.917071+06
17	confirmed	\N	2023-12-18 07:08:04.796191+06	2023-12-18 07:08:04.796191+06	3	new event	\N	2024-01-08 21:57:19.880401+06	2024-01-08 21:57:19.917071+06
18	confirmed	\N	2023-12-18 07:14:49.546701+06	2023-12-18 07:14:49.546701+06	3	new event	\N	2024-01-08 21:57:19.880401+06	2024-01-08 21:57:19.917071+06
19	pending	\N	2023-12-18 07:15:49.147564+06	2023-12-18 07:15:49.147564+06	3	new event	\N	2024-01-08 21:57:19.880401+06	2024-01-08 21:57:19.917071+06
21	pending	\N	2023-12-18 07:19:06.295107+06	2023-12-18 07:19:06.295107+06	3	new event	\N	2024-01-08 21:57:19.880401+06	2024-01-08 21:57:19.917071+06
22	pending	\N	2023-12-18 07:19:20.466505+06	2023-12-18 07:19:20.466505+06	3	new event	\N	2024-01-08 21:57:19.880401+06	2024-01-08 21:57:19.917071+06
23	pending	\N	2023-12-18 07:20:35.766226+06	2023-12-18 07:20:35.766226+06	3	new event	\N	2024-01-08 21:57:19.880401+06	2024-01-08 21:57:19.917071+06
24	pending	\N	2023-12-18 07:21:49.995999+06	2023-12-18 07:21:49.995999+06	3	new event	\N	2024-01-08 21:57:19.880401+06	2024-01-08 21:57:19.917071+06
25	True	\N	2023-12-18 07:25:19.400813+06	2023-12-18 07:25:19.400813+06	3	new event	\N	2024-01-08 21:57:19.880401+06	2024-01-08 21:57:19.917071+06
26	True	\N	2023-12-18 19:42:10.079123+06	2023-12-18 19:42:10.079123+06	3	new event	\N	2024-01-08 21:57:19.880401+06	2024-01-08 21:57:19.917071+06
12	canceled	\N	2023-12-18 07:03:38.354164+06	2023-12-18 07:03:38.354164+06	3	new event	\N	2024-01-08 21:57:19.880401+06	2024-01-08 21:57:19.917071+06
27	confirmed	\N	2023-12-18 20:13:00.11383+06	2023-12-18 20:13:00.11383+06	2	new event	\N	2024-01-08 21:57:19.880401+06	2024-01-08 21:57:19.917071+06
28	confirmed	\N	2023-12-18 20:14:10.277317+06	2023-12-18 20:14:10.277317+06	2	new event	\N	2024-01-08 21:57:19.880401+06	2024-01-08 21:57:19.917071+06
29	confirmed	\N	2023-12-18 20:15:22.259326+06	2023-12-18 20:15:22.259326+06	2	new event	\N	2024-01-08 21:57:19.880401+06	2024-01-08 21:57:19.917071+06
30	confirmed	\N	2023-12-18 20:17:30.140336+06	2023-12-18 20:17:30.140336+06	2	new event	\N	2024-01-08 21:57:19.880401+06	2024-01-08 21:57:19.917071+06
31	confirmed	\N	2023-12-18 20:18:01.016785+06	2023-12-18 20:18:01.016785+06	2	new event	\N	2024-01-08 21:57:19.880401+06	2024-01-08 21:57:19.917071+06
32	confirmed	\N	2023-12-18 20:19:01.853834+06	2023-12-18 20:19:01.853834+06	2	new event	\N	2024-01-08 21:57:19.880401+06	2024-01-08 21:57:19.917071+06
57	confirmed	Ttt	2024-01-08 23:26:29.710893+06	2024-01-08 23:26:29.710893+06	12	Ttt	\N	2024-01-08 09:00:00+06	2024-01-08 08:00:00+06
13	canceled	\N	2023-12-18 07:05:31.499369+06	2023-12-18 07:05:31.499369+06	3	new event	\N	2024-01-08 21:57:19.880401+06	2024-01-08 21:57:19.917071+06
33	confirmed	\N	2023-12-18 20:20:18.008127+06	2023-12-18 20:20:18.008127+06	2	new event	\N	2024-01-08 21:57:19.880401+06	2024-01-08 21:57:19.917071+06
20	confirmed		2023-12-18 07:17:35+06	2023-12-18 07:17:35+06	3	new event	\N	2024-01-08 21:57:19.880401+06	2024-01-08 21:57:19.917071+06
34	confirmed	\N	2023-12-19 21:34:23.797964+06	2023-12-19 21:34:23.797964+06	2	new event	\N	2024-01-08 21:57:19.880401+06	2024-01-08 21:57:19.917071+06
35	confirmed	\N	2023-12-19 21:37:08.172751+06	2023-12-19 21:37:08.172751+06	2	new event	\N	2024-01-08 21:57:19.880401+06	2024-01-08 21:57:19.917071+06
36	confirmed	\N	2023-12-19 22:06:49.550168+06	2023-12-19 22:06:49.550168+06	2	new event	\N	2024-01-08 21:57:19.880401+06	2024-01-08 21:57:19.917071+06
37	confirmed	\N	2023-12-19 22:18:48.332228+06	2023-12-19 22:18:48.332228+06	2	new event	\N	2024-01-08 21:57:19.880401+06	2024-01-08 21:57:19.917071+06
58	confirmed	Ttt	2024-01-08 23:28:11.767938+06	2024-01-08 23:28:11.767938+06	12	Ttt	\N	2024-01-08 11:00:00+06	2024-01-08 10:00:00+06
59	confirmed	Test	2024-01-09 00:00:31.188878+06	2024-01-09 00:00:31.188878+06	12	Test	\N	2024-01-05 07:00:00+06	2024-01-05 06:00:00+06
60	confirmed	Test2	2024-01-09 00:06:45.328085+06	2024-01-09 00:06:45.328085+06	12	test2	\N	2024-01-05 08:00:00+06	2024-01-05 07:00:00+06
61	confirmed	Test2	2024-01-09 00:07:46.123772+06	2024-01-09 00:07:46.123772+06	12	test2	\N	2024-01-05 17:00:00+06	2024-01-05 16:00:00+06
62	confirmed	Test2	2024-01-09 00:08:43.021319+06	2024-01-09 00:08:43.021319+06	12	test2	\N	2024-01-05 18:30:00+06	2024-01-05 17:30:00+06
63	confirmed	Test3	2024-01-09 00:10:59.258149+06	2024-01-09 00:10:59.258149+06	12	Test3	\N	2024-01-05 21:00:00+06	2024-01-05 20:00:00+06
64	confirmed	Test3	2024-01-09 00:11:12.065325+06	2024-01-09 00:11:12.065325+06	12	Test3	\N	2024-01-05 22:00:00+06	2024-01-05 21:00:00+06
65	confirmed	Test3	2024-01-09 00:11:24.413499+06	2024-01-09 00:11:24.413499+06	12	Test3	\N	2024-01-05 19:30:00+06	2024-01-05 18:30:00+06
38	pending	\N	2023-12-19 22:21:29.932358+06	2023-12-19 22:21:29.932358+06	2	new event	\N	2024-01-08 21:57:19.880401+06	2024-01-08 21:57:19.917071+06
39	confirmed	\N	2024-01-02 22:51:15.570146+06	2024-01-02 22:51:15.570146+06	2	new event	\N	2024-01-08 21:57:19.880401+06	2024-01-08 21:57:19.917071+06
40	confirmed	\N	2024-01-04 23:51:23.084863+06	2024-01-04 23:51:23.084863+06	37	new event	\N	2024-01-08 21:57:19.880401+06	2024-01-08 21:57:19.917071+06
41	confirmed	Summary	2024-01-04 23:53:28.830791+06	2024-01-04 23:53:28.830791+06	37	New event	\N	2024-01-08 21:57:19.880401+06	2024-01-08 21:57:19.917071+06
43	confirmed	Summary	2024-01-05 00:33:24.310576+06	2024-01-05 00:33:24.310576+06	12	New event	\N	2024-01-08 21:57:19.880401+06	2024-01-08 21:57:19.917071+06
44	confirmed	Details 1	2024-01-05 00:40:11.090698+06	2024-01-05 00:40:11.090698+06	12	Hijama	\N	2024-01-08 21:57:19.880401+06	2024-01-08 21:57:19.917071+06
66	confirmed	Test3	2024-01-09 00:11:40.895612+06	2024-01-09 00:11:40.895612+06	12	Test3	\N	2024-01-05 18:00:00+06	2024-01-05 17:00:00+06
67	confirmed	Test3	2024-01-09 00:11:59.704288+06	2024-01-09 00:11:59.704288+06	12	Test3	\N	2024-01-05 19:00:00+06	2024-01-05 18:00:00+06
68	confirmed	Test3	2024-01-09 00:13:16.354069+06	2024-01-09 00:13:16.354069+06	12	Test3	\N	2024-01-05 16:00:00+06	2024-01-05 15:00:00+06
69	confirmed	Test3	2024-01-09 00:14:34.523307+06	2024-01-09 00:14:34.523307+06	12	Test3	\N	2024-01-05 20:00:00+06	2024-01-05 19:00:00+06
70	confirmed	Summary	2024-01-09 00:16:52.43937+06	2024-01-09 00:16:52.43937+06	12	New event	#fff	2024-01-05 15:00:00+06	2024-01-05 08:00:00+06
56	canceled	Summary	2024-01-08 22:32:27.521006+06	2024-01-08 22:32:27.521006+06	12	New event	\N	2024-01-05 15:00:00+06	2024-01-05 08:00:00+06
71	confirmed	test5	2024-01-09 00:21:00.122375+06	2024-01-09 00:21:00.122375+06	12	test5	\N	2024-01-05 20:30:00+06	2024-01-05 19:30:00+06
45	confirmed	Summary	2024-01-06 01:11:01.207316+06	2024-01-06 01:11:01.207316+06	12	New event	\N	2024-01-08 21:57:19.880401+06	2024-01-08 21:57:19.917071+06
46	confirmed	Summary	2024-01-06 02:25:38.902111+06	2024-01-06 02:25:38.902111+06	12	New event	\N	2024-01-08 21:57:19.880401+06	2024-01-08 21:57:19.917071+06
42	canceled	Summary	2024-01-05 00:33:06.558538+06	2024-01-05 00:33:06.558538+06	12	New event	\N	2024-01-08 21:57:19.880401+06	2024-01-08 21:57:19.917071+06
2	canceled	\N	2023-12-18 05:18:36.662119+06	2023-12-18 05:18:36.662119+06	2	new event	\N	2024-01-08 21:57:19.880401+06	2024-01-08 21:57:19.917071+06
55	confirmed	Summary	2024-01-08 22:26:14.983924+06	2024-01-08 22:26:14.983924+06	12	New event	\N	2024-01-05 15:00:00+06	2024-01-05 08:00:00+06
72	confirmed	Tttt	2024-01-09 00:23:49.67498+06	2024-01-09 00:23:49.67498+06	12	Ttt	\N	2024-01-05 21:30:00+06	2024-01-05 20:30:00+06
76	confirmed	Tt	2024-01-09 02:11:23.340907+06	2024-01-09 02:11:23.340907+06	12	Tttet	#e6add8	2024-01-09 14:30:00+06	2024-01-09 13:30:00+06
75	canceled	Tt	2024-01-09 02:11:06.250081+06	2024-01-09 02:11:06.250081+06	12	Tttet	lightgreen	2024-01-09 13:00:00+06	2024-01-09 12:00:00+06
77	canceled	Trtt	2024-01-09 05:19:09.397568+06	2024-01-09 05:19:09.397568+06	12	1233ttet	lightgreen	2024-01-09 08:30:00+06	2024-01-09 07:30:00+06
74	confirmed	Tt44	2024-01-09 02:07:41.034901+06	2024-01-09 02:07:41.034901+06	12	Tttetttt13	\N	2024-01-09 10:30:00+06	2024-01-09 09:30:00+06
78	confirmed	Tree	2024-01-09 21:30:36.321936+06	2024-01-09 21:30:36.321936+06	12	Ttt4	powderblue	2024-01-09 09:30:00+06	2024-01-09 08:30:00+06
73	canceled	Ttt	2024-01-09 02:06:52.838887+06	2024-01-09 02:06:52.838887+06	12	Tttet	\N	2024-01-09 11:30:00+06	2024-01-09 10:30:00+06
79	confirmed	tre	2024-01-10 02:11:09.056691+06	2024-01-10 02:11:09.056691+06	12	tretre	lightgreen	2024-01-09 07:00:00+06	2024-01-09 06:00:00+06
80	confirmed	321321	2024-01-10 02:11:22.656404+06	2024-01-10 02:11:22.656404+06	12	321	lightgreen	2024-01-09 07:30:00+06	2024-01-09 06:30:00+06
81	confirmed	e32432	2024-01-10 02:12:09.007485+06	2024-01-10 02:12:09.007485+06	12	432	powderblue	2024-01-09 10:30:00+06	2024-01-09 09:30:00+06
82	confirmed	555	2024-01-10 02:12:58.797168+06	2024-01-10 02:12:58.797168+06	12	55555	powderblue	2024-01-09 12:30:00+06	2024-01-09 11:30:00+06
83	confirmed	Gsgsg	2024-01-10 09:41:21.235661+06	2024-01-10 09:41:21.235661+06	12	Gsgs	#e6add8	2024-01-10 11:00:00+06	2024-01-10 10:00:00+06
86	confirmed	T444	2024-01-11 01:28:10.257125+06	2024-01-11 01:28:10.257125+06	12	555	lightgreen	2024-01-11 16:00:00+06	2024-01-11 15:00:00+06
123	canceled	\N	2024-01-21 21:48:47.171059+06	2024-01-21 21:48:47.171059+06	12	Eeee	antiquewhite	2024-01-21 08:30:00+06	2024-01-21 07:30:00+06
124	confirmed	\N	2024-01-21 22:27:07.285421+06	2024-01-21 22:27:07.285421+06	12	Eeeee2	antiquewhite	2024-01-21 11:00:00+06	2024-01-21 10:00:00+06
87	canceled	Hehwh4455	2024-01-11 01:30:13.211103+06	2024-01-11 01:30:13.211103+06	12	Yhehe445t	lightgreen	2024-01-11 18:30:00+06	2024-01-11 17:30:00+06
89	confirmed	Ytt5geg	2024-01-11 01:42:47.875924+06	2024-01-11 01:42:47.875924+06	12	Yyghdj	lightgreen	2024-01-11 19:00:00+06	2024-01-11 18:00:00+06
90	confirmed	Gwg5	2024-01-11 01:43:51.809593+06	2024-01-11 01:43:51.809593+06	12	Gsbba	lightgreen	2024-01-11 19:00:00+06	2024-01-11 18:00:00+06
125	canceled	\N	2024-01-22 17:15:08.298745+06	2024-01-22 17:15:08.298745+06	12	Yg	antiquewhite	2024-01-22 14:30:00+06	2024-01-22 13:30:00+06
85	confirmed	Hhwhw433	2024-01-11 01:24:30.886736+06	2024-01-11 01:24:30.886736+06	12	Tegehr4r	lightgreen	2024-01-11 13:00:00+06	2024-01-11 12:00:00+06
127	confirmed	\N	2024-02-08 03:24:20.366596+06	2024-02-08 03:24:20.366596+06	12	Ttt	antiquewhite	2024-02-08 08:00:00+06	2024-02-08 07:00:00+06
93	confirmed	Tt	2024-01-11 02:05:29.09001+06	2024-01-11 02:05:29.09001+06	12	Tg	#e6add8	2024-01-11 17:30:00+06	2024-01-11 16:30:00+06
128	confirmed	\N	2024-02-08 03:24:57.823576+06	2024-02-08 03:24:57.823576+06	12	Test	antiquewhite	2024-02-08 08:30:00+06	2024-02-08 07:30:00+06
94	canceled	Rerg44	2024-01-11 02:11:59.615104+06	2024-01-11 02:11:59.615104+06	12	Tt2244	#e6add8	2024-01-11 09:00:00+06	2024-01-11 08:00:00+06
84	canceled	Trruwh2	2024-01-11 01:21:49.160278+06	2024-01-11 01:21:49.160278+06	12	Ttyege	lightgreen	2024-01-11 10:00:00+06	2024-01-11 09:00:00+06
130	confirmed	\N	2024-02-09 02:01:56.465341+06	2024-02-09 02:01:56.465341+06	12	Test	antiquewhite	2024-02-09 19:00:00+06	2024-02-09 18:00:00+06
95	canceled	Tee	2024-01-11 02:16:08.990951+06	2024-01-11 02:16:08.990951+06	12	4355	#e6add8	2024-01-11 11:00:00+06	2024-01-11 10:00:00+06
96	canceled	2e	2024-01-11 02:18:13.926685+06	2024-01-11 02:18:13.926685+06	12	11	#e6add8	2024-01-11 11:00:00+06	2024-01-11 10:00:00+06
92	confirmed	Tre	2024-01-11 02:02:27.029869+06	2024-01-11 02:02:27.029869+06	12	Gg	#e6add8	2024-01-11 12:00:00+06	2024-01-11 11:00:00+06
91	canceled	Ggf	2024-01-11 01:58:48.12831+06	2024-01-11 01:58:48.12831+06	12	54	#e6add8	2024-01-11 14:30:00+06	2024-01-11 13:30:00+06
131	confirmed	\N	2024-02-09 02:03:13.271835+06	2024-02-09 02:03:13.271835+06	12	Tt	antiquewhite	2024-02-09 19:00:00+06	2024-02-09 18:00:00+06
88	canceled	Gtggge	2024-01-11 01:34:39.847664+06	2024-01-11 01:34:39.847664+06	12	Hg63662	lightgreen	2024-01-11 20:30:00+06	2024-01-11 19:30:00+06
97	confirmed	Fff	2024-01-11 05:00:05.842767+06	2024-01-11 05:00:05.842767+06	37	Hg	#e6add8	2024-01-11 21:30:00+06	2024-01-11 20:30:00+06
98	confirmed	Uh	2024-01-11 05:02:30.344965+06	2024-01-11 05:02:30.344965+06	37	Yh	antiquewhite	2024-01-11 10:30:00+06	2024-01-11 09:30:00+06
99	confirmed	T	2024-01-11 05:04:02.506492+06	2024-01-11 05:04:02.506492+06	37	G	pink	2024-01-11 12:00:00+06	2024-01-11 11:00:00+06
100	confirmed	Gch	2024-01-11 05:04:22.397388+06	2024-01-11 05:04:22.397388+06	37	Gf	salmon	2024-01-11 13:30:00+06	2024-01-11 12:30:00+06
101	confirmed	\N	2024-01-11 05:06:17.260585+06	2024-01-11 05:06:17.260585+06	37	Vb	salmon	2024-01-11 15:30:00+06	2024-01-11 14:30:00+06
102	confirmed	\N	2024-01-11 05:09:31.276828+06	2024-01-11 05:09:31.276828+06	37	H	pink	2024-01-11 17:00:00+06	2024-01-11 16:00:00+06
104	confirmed	\N	2024-01-11 05:09:50.405433+06	2024-01-11 05:09:50.405433+06	37	H	pink	2024-01-11 18:30:00+06	2024-01-11 17:30:00+06
103	confirmed	\N	2024-01-11 05:09:50.31017+06	2024-01-11 05:09:50.31017+06	37	H	pink	2024-01-11 18:30:00+06	2024-01-11 17:30:00+06
105	confirmed	\N	2024-01-11 05:09:50.48806+06	2024-01-11 05:09:50.48806+06	37	H	pink	2024-01-11 18:30:00+06	2024-01-11 17:30:00+06
106	confirmed	\N	2024-01-11 05:09:57.1282+06	2024-01-11 05:09:57.1282+06	37	H	pink	2024-01-11 18:30:00+06	2024-01-11 17:30:00+06
107	confirmed	\N	2024-01-11 05:18:53.854155+06	2024-01-11 05:18:53.854155+06	12	G	antiquewhite	2024-01-11 07:30:00+06	2024-01-11 06:30:00+06
108	confirmed	\N	2024-01-11 05:19:46.16449+06	2024-01-11 05:19:46.16449+06	12	G	antiquewhite	2024-01-11 22:00:00+06	2024-01-11 21:00:00+06
109	confirmed	Heh	2024-01-16 11:58:53.875251+06	2024-01-16 11:58:53.875251+06	37	Sbb	antiquewhite	2024-01-16 13:30:00+06	2024-01-16 12:30:00+06
110	confirmed	\N	2024-01-16 13:26:21.070908+06	2024-01-16 13:26:21.070908+06	12	Tte	antiquewhite	2024-01-16 09:30:00+06	2024-01-16 08:30:00+06
111	confirmed	\N	2024-01-16 14:13:17.279273+06	2024-01-16 14:13:17.279273+06	12	Ttt	antiquewhite	2024-01-16 11:00:00+06	2024-01-16 10:00:00+06
112	confirmed	\N	2024-01-19 12:36:19.540778+06	2024-01-19 12:36:19.540778+06	12	Tt	antiquewhite	2024-01-19 12:30:00+06	2024-01-19 11:30:00+06
113	confirmed	\N	2024-01-19 12:42:48.73677+06	2024-01-19 12:42:48.73677+06	12	Tt	antiquewhite	2024-01-19 16:30:00+06	2024-01-19 15:30:00+06
114	confirmed	\N	2024-01-19 12:43:54.56732+06	2024-01-19 12:43:54.56732+06	12	Ty	antiquewhite	2024-01-19 09:30:00+06	2024-01-19 08:30:00+06
115	confirmed	\N	2024-01-19 12:45:49.391064+06	2024-01-19 12:45:49.391064+06	12	Trr	antiquewhite	2024-01-19 11:00:00+06	2024-01-19 10:00:00+06
116	confirmed	\N	2024-01-19 12:51:40.254657+06	2024-01-19 12:51:40.254657+06	12	Ttt	antiquewhite	2024-01-19 10:30:00+06	2024-01-19 09:30:00+06
117	confirmed	\N	2024-01-19 12:52:54.282847+06	2024-01-19 12:52:54.282847+06	12	Ttt	antiquewhite	2024-01-19 15:00:00+06	2024-01-19 14:00:00+06
118	confirmed	\N	2024-01-19 12:56:32.243084+06	2024-01-19 12:56:32.243084+06	12	Ее	pink	2024-01-19 18:00:00+06	2024-01-19 17:00:00+06
119	confirmed	\N	2024-01-19 13:23:35.393448+06	2024-01-19 13:23:35.393448+06	37	Tt	antiquewhite	2024-01-19 12:30:00+06	2024-01-19 11:30:00+06
120	confirmed	\N	2024-01-21 19:21:28.863094+06	2024-01-21 19:21:28.863094+06	12	Tt	antiquewhite	2024-01-21 09:00:00+06	2024-01-21 08:00:00+06
122	confirmed	\N	2024-01-21 21:48:25.809754+06	2024-01-21 21:48:25.809754+06	12	Rt	antiquewhite	2024-01-21 08:00:00+06	2024-01-21 07:00:00+06
121	canceled	\N	2024-01-21 20:33:41.611057+06	2024-01-21 20:33:41.611057+06	12	Ccvnjhc	antiquewhite	2024-01-21 07:30:00+06	2024-01-21 06:30:00+06
135	canceled	Test	2024-03-05 04:04:01.690693+06	2024-03-05 04:04:01.690693+06	12	Testt	antiquewhite	2024-03-05 08:30:00+06	2024-03-05 07:30:00+06
126	canceled	\N	2024-02-08 03:19:55.778759+06	2024-02-08 03:19:55.778759+06	12	Tt	antiquewhite	2024-02-08 07:30:00+06	2024-02-08 06:30:00+06
141	canceled	\N	2024-03-05 08:20:38.893607+06	2024-03-05 08:20:38.893607+06	12	Eettf	antiquewhite	2024-03-05 11:00:00+06	2024-03-05 10:00:00+06
143	confirmed	\N	2024-03-09 09:18:29.743081+06	2024-03-09 09:18:29.743081+06	12	Gg	antiquewhite	2024-03-09 08:30:00+06	2024-03-09 07:30:00+06
129	canceled	\N	2024-02-09 02:00:02.664158+06	2024-02-09 02:00:02.664158+06	12	T	antiquewhite	2024-02-09 18:30:00+06	2024-02-09 17:30:00+06
134	canceled	\N	2024-02-09 03:07:49.482229+06	2024-02-09 03:07:49.482229+06	12	Tt	antiquewhite	2024-02-09 11:00:00+06	2024-02-09 10:00:00+06
133	canceled	\N	2024-02-09 02:34:10.767052+06	2024-02-09 02:34:10.767052+06	12	Ytttt	antiquewhite	2024-02-09 07:30:00+06	2024-02-09 06:30:00+06
132	canceled	\N	2024-02-09 02:03:47.155181+06	2024-02-09 02:03:47.155181+06	12	Tt	antiquewhite	2024-02-09 20:00:00+06	2024-02-09 19:00:00+06
137	canceled	\N	2024-03-05 07:43:38.22705+06	2024-03-05 07:43:38.22705+06	12	Tt	antiquewhite	2024-03-05 10:00:00+06	2024-03-05 09:00:00+06
140	confirmed	\N	2024-03-05 08:18:45.913093+06	2024-03-05 08:18:45.913093+06	12	Tettt	antiquewhite	2024-03-05 10:30:00+06	2024-03-05 09:30:00+06
136	canceled	test	2024-03-05 07:43:14.229357+06	2024-03-05 07:43:14.229357+06	12	Testj	antiquewhite	2024-03-05 09:00:00+06	2024-03-05 08:00:00+06
144	confirmed	\N	2024-03-09 09:19:15.597144+06	2024-03-09 09:19:15.597144+06	12	Ee	antiquewhite	2024-03-09 10:00:00+06	2024-03-09 09:00:00+06
142	canceled	\N	2024-03-05 08:37:02.536694+06	2024-03-05 08:37:02.536694+06	12	Ем алу	antiquewhite	2024-03-05 11:00:00+06	2024-03-05 10:00:00+06
139	canceled	\N	2024-03-05 08:17:52.637147+06	2024-03-05 08:17:52.637147+06	12	Ttt	antiquewhite	2024-03-05 10:30:00+06	2024-03-05 09:30:00+06
138	canceled	\N	2024-03-05 07:44:48.54011+06	2024-03-05 07:44:48.54011+06	12	Testt	antiquewhite	2024-03-05 10:30:00+06	2024-03-05 09:30:00+06
145	confirmed	\N	2024-03-09 09:44:38.912706+06	2024-03-09 09:44:38.912706+06	12	Ttt	antiquewhite	2024-03-09 12:00:00+06	2024-03-09 11:00:00+06
\.


--
-- Data for Name: users_devicetoken; Type: TABLE DATA; Schema: public; Owner: postgres
--

COPY public.users_devicetoken (id, token, created_at, user_id) FROM stdin;
2	111111	2024-02-03 00:14:17.223684+06	\N
3	222222	2024-02-03 20:02:15.748367+06	48
\.


--
-- Data for Name: users_individualmodel; Type: TABLE DATA; Schema: public; Owner: postgres
--

COPY public.users_individualmodel (id, password, last_login, is_superuser, uid, role, email, date_joined, is_active, create_date, modified_date, is_staff) FROM stdin;
11	pbkdf2_sha256$720000$vqQxNlGTc31qV4nx22yVwf$HFmk+e3CiCFQdZlj37qXDIi6Jv2cGvWpSrSigCB+XRM=	2024-01-05 23:55:21.363012+06	f	76c98e49-ba92-4016-b886-d580622b2fe3	3	test10@gmail.com	2023-12-18 02:43:33.971597+06	t	2023-12-18 02:43:33.426598+06	2023-12-18 02:43:33.426598+06	t
1	pbkdf2_sha256$720000$VgL0xl5tsYUqzJk18JF7Tk$gnVETAPJAypQiTjrEu4EJ/eK+rsZZg1RakJD86tXNvI=	2023-12-17 02:55:38.441331+06	f	2bc1192d-24e5-4029-ac15-18b1371a4ab5	1	ergoja2211@gmail.com	2023-12-17 02:49:00.662011+06	t	2023-12-17 02:49:00.18497+06	2023-12-17 02:49:00.18497+06	t
4	pbkdf2_sha256$720000$tKAmZzg20lCbJPimQyrxgT$n460lwwlMV53KnDj2iXfVL+MVfXS43F18VBm4GTYYnQ=	\N	t	d5726506-ab10-44b8-90a5-efc457dc1a97	1	test3@gmail.com	2023-12-17 21:43:55.543973+06	t	2023-12-17 21:43:55.064948+06	2023-12-17 21:43:55.064948+06	t
5	pbkdf2_sha256$720000$ROTf28zSNpKiEvW0eBB12y$V09c8oXxfh9A3kRA38yMSM7S8c/pyShIcp9pd2tsmN8=	\N	f	f3f5905a-a697-4729-89ff-0ad4ab006711	3	test4@gmail.com	2023-12-17 22:11:00.467028+06	t	2023-12-17 22:10:59.872026+06	2023-12-17 22:10:59.872026+06	t
6	pbkdf2_sha256$720000$xdDAL6Z1TOOE9qkDawa3Gn$NzUtUQLfZi0ZobCuTTZYGNgzNizvYMcGstyp/WNjciA=	\N	f	e7eb231e-378d-4776-b122-9d99bcb7b440	3	test5@gmail.com	2023-12-17 22:11:56.875111+06	t	2023-12-17 22:11:55.378113+06	2023-12-17 22:11:55.378113+06	t
7	pbkdf2_sha256$720000$ocbWOARvrgXFVG3KUgt5ru$pa0qr/aGLp6DWT3dNES0nRrRRAeZ5faXCmVlcyaJ6Mw=	\N	f	912278ce-c4af-47f2-b339-6994c9748178	3	test6@gmail.com	2023-12-17 22:13:28.663892+06	t	2023-12-17 22:13:28.135894+06	2023-12-17 22:13:28.135894+06	t
8	pbkdf2_sha256$720000$DaLaGv5EOYTyrtHEFKdWGu$S6Vzg373L6zlRbvyBcXZQLcCARnSwUcFUxn+SurlfV8=	\N	f	a027f429-4402-43e3-877f-efe09c8bc3a0	3	test7@gmail.com	2023-12-17 22:20:11.64219+06	t	2023-12-17 22:20:11.061183+06	2023-12-17 22:20:11.061183+06	t
23	pbkdf2_sha256$720000$GSrjRxWJseKY9Qra8FHJ7Q$7DyhCwJw8yLpm2XXIPrzN45tRHfnYBE7AE3g8UkcJGY=	2023-12-28 23:40:47.352065+06	f	0e23d352-4a86-4421-9c97-5a19d5d659a7	3	test60@gmail.com	2023-12-28 23:40:32.332613+06	t	2023-12-28 23:40:31.848895+06	2023-12-28 23:40:31.848895+06	t
13	pbkdf2_sha256$720000$dpxbFI0xiJzIqsKACuIFs9$pUQorvhiAvl2sfYSvvQ3IMcww0Mn/Q5VQFD3ffJMlrs=	\N	f	74c0ad6d-5693-43d2-afe7-b4ae6dcd7d0a	3	Ssjjsjsj@gmail.com	2023-12-27 05:25:54.053021+06	t	2023-12-27 05:25:52.979635+06	2023-12-27 05:25:52.979635+06	t
14	pbkdf2_sha256$720000$SThHeqApz2ehluXEcfxIyz$x3u6HnyHwddrevHqZOGIeRGIVzgPEufydP9F3Ja6u+Y=	\N	f	ce1918de-4a61-496a-8c93-59f25b943609	3	test30@gmail.com	2023-12-27 07:25:58.53286+06	t	2023-12-27 07:25:57.775961+06	2023-12-27 07:25:57.775961+06	t
15	pbkdf2_sha256$720000$JPk61i1Pj5viqouUGNTEFt$/8oRIkFI12PRlkfpM/PWrwE2H0jMavFro9ihKIxVrxw=	\N	f	0e4ae9c6-a9bf-4a49-ab5c-2ecffaf8d266	3	test31@gmail.com	2023-12-27 07:28:17.564826+06	t	2023-12-27 07:28:17.080409+06	2023-12-27 07:28:17.080409+06	t
16	pbkdf2_sha256$720000$5iFicvXukJIGjcZF2KCu73$V2MjhddgKllUU0hxbwZx7tP2gvwijN5wxr0PpGlRhr0=	\N	f	d640e54f-ef51-4e3e-8331-2d61c9732d1c	3	test32@gmail.com	2023-12-27 07:29:42.973504+06	t	2023-12-27 07:29:42.483146+06	2023-12-27 07:29:42.483146+06	t
17	pbkdf2_sha256$720000$s02su9qe0l6ihqqgshs804$80KIR0ZvXrY0XZ5p5QzE4Vb+XTvgiXG6oPveFsz3BFc=	\N	f	55fc2506-d41c-41e0-ae74-5e816928679b	3	test33@gmail.com	2023-12-27 07:31:17.750802+06	t	2023-12-27 07:31:17.260065+06	2023-12-27 07:31:17.260065+06	t
18	pbkdf2_sha256$720000$JayKj237n9rzAGZI13tMYM$5eIUGp/gdPby2iEdSvwePdx60SEa22l3lG0CYufSZi8=	\N	f	43b68fd5-3320-4876-bc89-f1e78c11549d	3	test34@gmail.com	2023-12-27 07:33:44.480964+06	t	2023-12-27 07:33:43.997176+06	2023-12-27 07:33:43.997176+06	t
9	pbkdf2_sha256$720000$MX0aFcIlInRwQzVE0Bg3Bc$irslEnEsl3Jmg46cZRzDRisS0jgoUdE5+fbiUV+5Vxg=	2023-12-18 02:25:05.852821+06	f	a74f2fa6-a48e-424d-8f14-1a3bf98d8cd7	3	test8@gmail.com	2023-12-17 22:23:50.863945+06	t	2023-12-17 22:23:50.297944+06	2023-12-17 22:23:50.297944+06	t
10	pbkdf2_sha256$720000$0muaDlICpq6wlBxj41ss11$BccChiSnegYzoeoNI0kt3cm8GGk/cUcxDjoMuuY1HUk=	\N	f	e05f8923-2a8b-4e98-a6f5-660d1d23d92f	3	test9@gmail.com	2023-12-18 02:40:15.100406+06	t	2023-12-18 02:40:14.527202+06	2023-12-18 02:40:14.527202+06	t
3	pbkdf2_sha256$720000$FuCcDDN9B1csfoNxshGH86$nmRzevDB4NIj526XTv7c9hHdgeBSFr7T98r7Fb2GsQ4=	2023-12-18 02:44:22.61177+06	t	956e2e42-00cf-4b26-b976-1361433416cd	1	test2@gmail.com	2023-12-17 21:36:51.830267+06	t	2023-12-17 21:36:51.361239+06	2023-12-17 21:36:51.361239+06	t
2	pbkdf2_sha256$720000$FzDiDi8GPxpGOPwCVZyF2w$aQWdsN4WgCN6iDBnBwj0Gg3Qi5SfLeO37ZtYJkdUPvM=	2024-03-03 10:32:06.923944+06	t	980f57b4-254d-4905-9b8c-cc329699b4be	1	test@gmail.com	2023-12-17 02:56:34.142314+06	t	2023-12-17 02:56:33+06	2023-12-17 02:56:33+06	t
19	pbkdf2_sha256$720000$t7Teb1UAwzMtGw5F313nnK$h3t9b+FJ+m9dwC/9cCESyr1kIJFkEZq2wD+TX04Fg54=	2023-12-27 07:35:09.343381+06	f	b02951ba-7d4f-4b3b-8835-be00c068dd85	3	test35@gmail.com	2023-12-27 07:35:00.56151+06	t	2023-12-27 07:35:00.08106+06	2023-12-27 07:35:00.08106+06	t
28	pbkdf2_sha256$720000$eqgBpbO01MmqluQPdWQ230$/kMzr6yZqaSv+cjFAUJSyH9ADSgPSZqk/JjKCsgXw1o=	2023-12-29 02:30:09.757784+06	f	abf22a4a-b464-4d55-8975-39b8646b7cea	3	test66@gmail.com	2023-12-29 02:30:04.831894+06	t	2023-12-29 02:30:04.389272+06	2023-12-29 02:30:04.389272+06	t
24	pbkdf2_sha256$720000$3rRseA2lqfATLTA4fTbSYQ$O3v9GKeTKzFFsOkkPoUR4aTN8nML6AqaV7+2MNHfrsw=	\N	f	d9e07fb7-e058-4008-ba69-112dcb881067	3	test61@gmail.com	2023-12-29 00:22:32.669017+06	t	2023-12-29 00:22:32.218477+06	2023-12-29 00:22:32.218477+06	t
25	pbkdf2_sha256$720000$DhiUxQn03WxHz8ICqzbNOH$rMldFcrrVfF5IWEWvXNbFOKreZ2Hqssn9h8SSThWZhs=	\N	f	ff1e219b-1180-4c20-a68d-4e3bd41860d4	3	test63@gmail.com	2023-12-29 00:27:23.329314+06	t	2023-12-29 00:27:22.865062+06	2023-12-29 00:27:22.865062+06	t
20	pbkdf2_sha256$720000$x1HDiwbm0iddFnZWXPh84j$r/Dv5MSVMqbpCcuWYtLTp53ujciAmJCQCkTiKJez0Ac=	\N	f	034d0fdb-f00e-49ab-be67-73bbf39316b9	3	test50@gmail.com	2023-12-28 04:33:01.797118+06	t	2023-12-28 04:33:01.158488+06	2023-12-28 04:33:01.158488+06	t
21	pbkdf2_sha256$720000$HfUBve0NTRqymLHSZhQCxJ$bt6F9lcfGSg49GsR2W9BB2ph+lnY9yKD+nurQ7wQjAc=	2023-12-28 04:36:38.651095+06	f	ed79812d-f6a3-4d72-9b00-561f57d5e5d3	3	test51@gmail.com	2023-12-28 04:35:58.168974+06	t	2023-12-28 04:35:57.728786+06	2023-12-28 04:35:57.728786+06	t
29	pbkdf2_sha256$720000$bau9gJDZqdohpoScKnq7yq$8dRwzlZqXBTFlxhrPf06F79+w9ruxC1B2E1H1ZSj+Is=	2023-12-29 02:42:03.428949+06	f	073fa0b7-a283-4a7e-ad26-d0167318b0a1	3	test67@gmail.com	2023-12-29 02:41:59.462693+06	t	2023-12-29 02:41:59.008528+06	2023-12-29 02:41:59.008528+06	t
26	pbkdf2_sha256$720000$l9ygBlhYXNUefQzAobdcBw$7CW2jAh02ApBo3GtgNaOpMSPAHa+EXcp4a/fAunA0r4=	\N	f	478edbd5-7fa8-4c9c-9a98-80a0f197b49f	3	test64@gmail.com	2023-12-29 00:31:03.692135+06	t	2023-12-29 00:31:03.239158+06	2023-12-29 00:31:03.239158+06	t
30	pbkdf2_sha256$720000$db4sRKpBjioA5ecGDSUnXS$T28LRgmoKVy3dQgNcEMhlN514NrMtXDRt2os+NxluZE=	2023-12-29 02:48:00.412341+06	f	744f1422-c6ad-43dd-8cd7-ec7ff5036fe8	3	test68@gmail.com	2023-12-29 02:47:54.060485+06	t	2023-12-29 02:47:53.604492+06	2023-12-29 02:47:53.604492+06	t
31	pbkdf2_sha256$720000$dy8wdxBABrZRcyH0VFQS6B$unZXOb2qZKb2vxT/WGwrODuPg8jclEdv3pdampf0VBU=	2023-12-29 03:16:21.863007+06	f	026885e9-4584-4b1b-9265-cd844e131a9c	3	test69@gmail.com	2023-12-29 03:16:17.926008+06	t	2023-12-29 03:16:17.468158+06	2023-12-29 03:16:17.468158+06	t
32	pbkdf2_sha256$720000$LEXE2zGb9NkujNcNd0BTqh$IoxqNvxvqrSesh6V1kzkD/I76ILq/NLKSLRz5BMjFE8=	2023-12-29 03:36:29.425885+06	f	895c1ad4-d15b-43a9-bd48-973555a361f5	3	test70@gmail.com	2023-12-29 03:36:25.378992+06	t	2023-12-29 03:36:24.937138+06	2023-12-29 03:36:24.937138+06	t
33	pbkdf2_sha256$720000$5gYJqSSD4dj4W1GwkDpdIP$ClkTv2mvKIrZji8ptk/0vprvEg3ju6zf7I6OuMTgVc0=	2023-12-29 04:00:06.436366+06	f	555d3279-3d91-4625-8ebb-53011092dd7b	3	test71@gmail.com	2023-12-29 03:59:27.557006+06	t	2023-12-29 03:59:27.105333+06	2023-12-29 03:59:27.105333+06	t
27	pbkdf2_sha256$720000$XPhsw1vNMwI527gkn1c3O0$9fc7oU4o/4VrSJic91TaJgrccQGwYmEtCJU3ZdnrAyg=	2023-12-29 04:01:36.441748+06	f	e72fddd1-c966-437b-a31d-6af822bce658	3	test65@gmail.com	2023-12-29 02:16:24.552076+06	t	2023-12-29 02:16:24.102491+06	2023-12-29 02:16:24.102491+06	t
34	pbkdf2_sha256$720000$ku183hVgamnUVK3KI8n2SW$So0Z4q7sSCQEe8m+h6fu47JJERK5giTKs9ujQ556fT4=	2023-12-29 05:03:16.207558+06	f	e1dbb2c5-7fde-4f94-af24-697ad661629b	3	test80@gmail.com	2023-12-29 05:02:47.442322+06	t	2023-12-29 05:02:46.910952+06	2023-12-29 05:02:46.910952+06	t
22	pbkdf2_sha256$720000$WAti7wnprRQufKPYT5IK4r$AVXfmT4RCs/clGZB6e/diwfAS75fcijrv1k9ZrskREs=	2023-12-30 22:05:12.468332+06	f	6f6883e8-cbea-4bc1-b7a0-3152e4cc044a	3	test41@gmail.com	2023-12-28 23:03:09.77203+06	t	2023-12-28 23:03:09.226901+06	2023-12-28 23:03:09.226901+06	t
36	pbkdf2_sha256$720000$BvTHj80rWkNMeAKm3OZGiZ$i5+7WtqnPQIxgRRUOCUaYFG2uGmLQZQwLpggLm36F5o=	2023-12-29 05:50:20.238718+06	f	3bb49bc1-ba95-43c2-8856-a4a337f85e8d	3	test82@gmail.com	2023-12-29 05:42:52.612952+06	t	2023-12-29 05:42:52.168827+06	2023-12-29 05:42:52.168827+06	t
35	pbkdf2_sha256$720000$lWm5HCXWs8PFsDNghkLBD0$PEoXP6jCi/jHdQsBHBVwwHOmwfEUF+sBqZKsF4pmJC0=	2023-12-29 06:10:33.051683+06	f	adf7c1db-17f8-47d2-bb96-d7dab3a2d2ea	3	test81@gmail.com	2023-12-29 05:16:06.497589+06	t	2023-12-29 05:16:06.057373+06	2023-12-29 05:16:06.057373+06	t
37	pbkdf2_sha256$720000$izwaIb8ZDqnBe2aQuGnUgC$AaJvNXojumPyjrr/x9E/YHKqgoiWUCuX1M54YgJXIEQ=	2024-01-19 13:22:49.871794+06	f	e80a5a79-cf66-487a-976a-031b387c596d	3	Test20@gmail.com	2023-12-29 21:27:17.378835+06	t	2023-12-29 21:27:16.868836+06	2023-12-29 21:27:16.868836+06	t
12	pbkdf2_sha256$720000$uVtdg5eQ6vGxx4i4U4YPqR$8mAd6QpYC6CK9I3pQTWINiQpCB200lEbBgdLygjkGhM=	2024-03-10 16:26:28.388128+06	f	f596f36a-8c3c-45f8-8905-c2b90628d547	3	test20@gmail.com	2023-12-27 03:24:34.149397+06	t	2023-12-27 03:24:33.581459+06	2023-12-27 03:24:33.581459+06	t
38	pbkdf2_sha256$720000$ZaBuAWqhf33rplv7iehj2K$0kP42MMrtUH1kcUNU1B9d8Ilb9D4k7LVXo+bzYxc8Zw=	\N	f	01253966-0b55-4ef1-b5f2-caefec974a1b	3	test72@gmail.com	2024-02-03 00:16:12.749424+06	t	2024-02-03 00:16:12.209423+06	2024-02-03 00:16:12.209423+06	t
39	pbkdf2_sha256$720000$pkMSzlG4kIBXgA1mZgDsyS$68Gjr2U2PCZEl46Oe4U6z5vROfUcfQzBbE4dnzgBMTE=	\N	f	e2e27306-bce2-49fa-8f58-b94a90dc41e5	3	test73@gmail.com	2024-02-03 00:17:45.658216+06	t	2024-02-03 00:17:45.110235+06	2024-02-03 00:17:45.110235+06	t
40	pbkdf2_sha256$720000$eztgABRYZfKinp8iBRChqr$v4Y8xKjihdHnXo3Hz2gbrstfauKBDNE2DGReQPY6+Ck=	\N	f	49c36530-4491-4bd0-89a4-15751bdc95c5	3	test75@gmail.com	2024-02-03 19:56:05.324198+06	t	2024-02-03 19:56:04.4322+06	2024-02-03 19:56:04.4322+06	t
41	pbkdf2_sha256$720000$kcYaSzzPcBnsRuebInoFmF$l6CS+cRxUqY8f8skj6O9cw0oU+HGMut0nZaXslLB0tc=	\N	f	adf7f8f6-033c-496b-93c2-d91353adca65	3	test76@gmail.com	2024-02-03 19:59:30.308941+06	t	2024-02-03 19:59:29.724749+06	2024-02-03 19:59:29.724749+06	t
42	pbkdf2_sha256$720000$WcPwkHatWDV5XLo5EmA9Ge$EwnXzOokCl43HOC29AYpk8EQTvX4ppvOE8MjvS9In7k=	\N	f	5b161e81-6870-4407-9aa3-01e54b0dffa7	3	test77@gmail.com	2024-02-03 20:00:16.880688+06	t	2024-02-03 20:00:16.219691+06	2024-02-03 20:00:16.219691+06	t
43	pbkdf2_sha256$720000$1N6GdTs457uwUOu5LPyp9z$10R1Lv/gDd/YWsM91DmWpIjyCIRtvZJLJRyhNixjhcc=	\N	f	0d938d07-17ba-4d63-93ed-51a746ff8bc8	3	test78@gmail.com	2024-02-03 20:05:34.795494+06	t	2024-02-03 20:05:33.818497+06	2024-02-03 20:05:33.818497+06	t
44	pbkdf2_sha256$720000$6K7gxfEfxYlm4y2tO2Zwlt$B9+pI88/ThMN4Fl61ZaJap6YWghjSBxqqYzsmL3OvaE=	\N	f	5920cfbc-3889-4a92-bd00-0092d94450b0	3	test79@gmail.com	2024-02-03 20:12:06.592758+06	t	2024-02-03 20:12:05.909758+06	2024-02-03 20:12:05.909758+06	t
45	pbkdf2_sha256$720000$6euossplKL0kfFLKFsoZHE$R7DtXEEBUJm5CjpV3aQQgzDf8QxAIEJPvVHyPQIr+qg=	\N	f	d7155229-5a6e-4b6d-a9a1-1befe36df969	3	test84@gmail.com	2024-02-03 20:18:31.454746+06	t	2024-02-03 20:18:30.852855+06	2024-02-03 20:18:30.852855+06	t
46	pbkdf2_sha256$720000$xttQio6Q8jUIbFfdptgYpK$3WJpLYaLW5WicZE43Ma/5F3Cy3pdx69KZVj8u+/Enp0=	\N	f	91f93750-6715-4291-9277-da32453d8b63	3	test85@gmail.com	2024-02-03 20:20:35.953917+06	t	2024-02-03 20:20:35.341917+06	2024-02-03 20:20:35.341917+06	t
47	pbkdf2_sha256$720000$ovfPv4b8Wm3DzS9zKTTUen$Tvdtd7bPUVHmC086KFBhtpJfJKFWUOXP9jtyBWrJ9hI=	\N	f	3b603e21-6d12-4220-b13a-44bd7bdca311	3	test86@gmail.com	2024-02-04 00:48:35.606637+06	t	2024-02-04 00:48:34.954871+06	2024-02-04 00:48:34.954871+06	t
48	pbkdf2_sha256$720000$dUVaEc9q959L28xRbTq21r$+mxhO2ft8nGfcp40MSsb6lTgpkZGNf1Mov7SOHjV//4=	\N	f	59953d5a-5d08-476d-a442-f3ee8a2e8886	3	test87@gmail.com	2024-02-04 00:52:38.723909+06	t	2024-02-04 00:52:38.047882+06	2024-02-04 00:52:38.047882+06	t
49	pbkdf2_sha256$720000$wF0k5h7NmJb0zcekscmjat$oCzc+HDXcKLNsCb38Nras1UfEe8Nl1RfaqkUesVGMrs=	\N	f	aec0afdb-5526-423b-ab45-b6c64f67d378	3	test90@gmail.com	2024-02-08 23:30:10.232055+06	t	2024-02-08 23:30:09.758981+06	2024-02-08 23:30:09.758981+06	t
\.


--
-- Data for Name: users_individualmodel_groups; Type: TABLE DATA; Schema: public; Owner: postgres
--

COPY public.users_individualmodel_groups (id, individualmodel_id, group_id) FROM stdin;
\.


--
-- Data for Name: users_individualmodel_user_permissions; Type: TABLE DATA; Schema: public; Owner: postgres
--

COPY public.users_individualmodel_user_permissions (id, individualmodel_id, permission_id) FROM stdin;
\.


--
-- Data for Name: users_pushnotification; Type: TABLE DATA; Schema: public; Owner: postgres
--

COPY public.users_pushnotification (id, title, message) FROM stdin;
1	Bla	bla
2	te	te
3	tt	tt
4	Test	test
5	test	test
6	test	test
7	test	test
8	test	test
9	test	test
10	test	test
11	test	test
12	test	test
13	test	test
14	test	test
15	test	test
16	test	t
17	t	
18	test	test
19	t	
20	Sultan	Discount
21	Test	test
22	ttt	tt
23	tt	tt
24	ee	ee
25	dd	dd
26	t	t
27	t	t
28	te	tte
29	test	test
30	t	t
31	t	t
32	T	T
33	T	T
34	T	T
35	test	test
36	t	t
37	tt	t
38	е	е
39	test	test
40	test	test
41	test	test
42	test	test
43	t	t
44	t	t
45	t	tt
46	t	t
47	t	t
48	t	tt
49	tt	t
50	t	r
51	t	t
52	t	t
53	ttt	t
54	tt	t
55	t	tt
56	t	tt
57	tt	t
58	tt	t
59	t	t
60	t	t
61	t	tt
62	t	tt
63	t	t
64	ttt	tt
65	tt	tt
66	t	tt
67	dd	dd
68	test	d
69	t	tt
70	t	ttt
71	tt	ttt
72	t	tt
73	ttt	t
74	t	tt
75	tt	tt
76	ttt	tt
77	ttt	
78	t	t
79	tt	tt
80	t	tt
81	tt	tt
82	tt	t
83	tt	t
84	ttt	t
85	ttt	t
86	tt	t
87	tt	t
88	t	t
89	ttt	ttt
90	tt	tt
91	ttt	tt
92	ttt	tt
93	tttt	tt
94	tt	tt
95	ttt	t
96	tttt	tt
97	test	testtt
98	t	t
99	ttt	tt
100	ttt	t
101	tt	tt
102	t	t
103	t	tt
104	ttt	t
105	tt	t
106	tt	t
107	t	t
108	tt	t
109	tt	t
110	test	test
111	te	tte
112	test	test
113	test2	test2
114	tet	tet
115	tt	t
116	test	test
117	test	test
118	test	test
119	test	test
120	test	test
121	test	
122	test	test
123	test	
124	tt	
125	test	
126	tt	t
127	t	et
128	t	
129	t	
130	t	
131	t	
132	t	
133	tt	
134	tt	
135	t	
136	t	
137	tt	
138	tes1	
139	t	
140	t	
141	t	
142	tt	
143	t	
144	t	tt
145	t	
146	t	
147	t	
148	tt	
149	ttt	
150	t	
151	test	
152	te	
153	test	t
154	tes	test
155	tt	t
156	test	test
157	test	test
158	test	test
159	test	
160	test	test
161	test	test
162	test	test
163	test	test
164	test	test
165	test	test
166	test	test
167	test	
168	test	
169	test	
170	test	
171	test	
172	test	
173	test	
174	test	
175	test	
176	test	
177	test	
178	test	
179	test	
180	test	
181	test	
182	test	
183	test	
184	test	
185	test	
186	test	
187	test	
188	test	
189	test	
190	test	
191	test	
192	test	
193	test	
\.


--
-- Name: articles_article_id_seq; Type: SEQUENCE SET; Schema: public; Owner: postgres
--

SELECT pg_catalog.setval('public.articles_article_id_seq', 59, true);


--
-- Name: auth_group_id_seq; Type: SEQUENCE SET; Schema: public; Owner: postgres
--

SELECT pg_catalog.setval('public.auth_group_id_seq', 1, false);


--
-- Name: auth_group_permissions_id_seq; Type: SEQUENCE SET; Schema: public; Owner: postgres
--

SELECT pg_catalog.setval('public.auth_group_permissions_id_seq', 1, false);


--
-- Name: auth_permission_id_seq; Type: SEQUENCE SET; Schema: public; Owner: postgres
--

SELECT pg_catalog.setval('public.auth_permission_id_seq', 56, true);


--
-- Name: django_admin_log_id_seq; Type: SEQUENCE SET; Schema: public; Owner: postgres
--

SELECT pg_catalog.setval('public.django_admin_log_id_seq', 206, true);


--
-- Name: django_content_type_id_seq; Type: SEQUENCE SET; Schema: public; Owner: postgres
--

SELECT pg_catalog.setval('public.django_content_type_id_seq', 14, true);


--
-- Name: django_migrations_id_seq; Type: SEQUENCE SET; Schema: public; Owner: postgres
--

SELECT pg_catalog.setval('public.django_migrations_id_seq', 56, true);


--
-- Name: fcm_django_fcmdevice_id_seq; Type: SEQUENCE SET; Schema: public; Owner: postgres
--

SELECT pg_catalog.setval('public.fcm_django_fcmdevice_id_seq', 19, true);


--
-- Name: financial_financial_id_seq; Type: SEQUENCE SET; Schema: public; Owner: postgres
--

SELECT pg_catalog.setval('public.financial_financial_id_seq', 1, false);


--
-- Name: token_blacklist_blacklistedtoken_id_seq; Type: SEQUENCE SET; Schema: public; Owner: postgres
--

SELECT pg_catalog.setval('public.token_blacklist_blacklistedtoken_id_seq', 172, true);


--
-- Name: token_blacklist_outstandingtoken_id_seq; Type: SEQUENCE SET; Schema: public; Owner: postgres
--

SELECT pg_catalog.setval('public.token_blacklist_outstandingtoken_id_seq', 382, true);


--
-- Name: users_appointmentmodel_id_seq; Type: SEQUENCE SET; Schema: public; Owner: postgres
--

SELECT pg_catalog.setval('public.users_appointmentmodel_id_seq', 145, true);


--
-- Name: users_devicetoken_id_seq; Type: SEQUENCE SET; Schema: public; Owner: postgres
--

SELECT pg_catalog.setval('public.users_devicetoken_id_seq', 3, true);


--
-- Name: users_individualmodel_groups_id_seq; Type: SEQUENCE SET; Schema: public; Owner: postgres
--

SELECT pg_catalog.setval('public.users_individualmodel_groups_id_seq', 1, false);


--
-- Name: users_individualmodel_id_seq; Type: SEQUENCE SET; Schema: public; Owner: postgres
--

SELECT pg_catalog.setval('public.users_individualmodel_id_seq', 49, true);


--
-- Name: users_individualmodel_user_permissions_id_seq; Type: SEQUENCE SET; Schema: public; Owner: postgres
--

SELECT pg_catalog.setval('public.users_individualmodel_user_permissions_id_seq', 1, false);


--
-- Name: users_pushnotification_id_seq; Type: SEQUENCE SET; Schema: public; Owner: postgres
--

SELECT pg_catalog.setval('public.users_pushnotification_id_seq', 193, true);


--
-- Name: articles_article articles_article_pkey; Type: CONSTRAINT; Schema: public; Owner: postgres
--

ALTER TABLE ONLY public.articles_article
    ADD CONSTRAINT articles_article_pkey PRIMARY KEY (id);


--
-- Name: auth_group auth_group_name_key; Type: CONSTRAINT; Schema: public; Owner: postgres
--

ALTER TABLE ONLY public.auth_group
    ADD CONSTRAINT auth_group_name_key UNIQUE (name);


--
-- Name: auth_group_permissions auth_group_permissions_group_id_permission_id_0cd325b0_uniq; Type: CONSTRAINT; Schema: public; Owner: postgres
--

ALTER TABLE ONLY public.auth_group_permissions
    ADD CONSTRAINT auth_group_permissions_group_id_permission_id_0cd325b0_uniq UNIQUE (group_id, permission_id);


--
-- Name: auth_group_permissions auth_group_permissions_pkey; Type: CONSTRAINT; Schema: public; Owner: postgres
--

ALTER TABLE ONLY public.auth_group_permissions
    ADD CONSTRAINT auth_group_permissions_pkey PRIMARY KEY (id);


--
-- Name: auth_group auth_group_pkey; Type: CONSTRAINT; Schema: public; Owner: postgres
--

ALTER TABLE ONLY public.auth_group
    ADD CONSTRAINT auth_group_pkey PRIMARY KEY (id);


--
-- Name: auth_permission auth_permission_content_type_id_codename_01ab375a_uniq; Type: CONSTRAINT; Schema: public; Owner: postgres
--

ALTER TABLE ONLY public.auth_permission
    ADD CONSTRAINT auth_permission_content_type_id_codename_01ab375a_uniq UNIQUE (content_type_id, codename);


--
-- Name: auth_permission auth_permission_pkey; Type: CONSTRAINT; Schema: public; Owner: postgres
--

ALTER TABLE ONLY public.auth_permission
    ADD CONSTRAINT auth_permission_pkey PRIMARY KEY (id);


--
-- Name: django_admin_log django_admin_log_pkey; Type: CONSTRAINT; Schema: public; Owner: postgres
--

ALTER TABLE ONLY public.django_admin_log
    ADD CONSTRAINT django_admin_log_pkey PRIMARY KEY (id);


--
-- Name: django_content_type django_content_type_app_label_model_76bd3d3b_uniq; Type: CONSTRAINT; Schema: public; Owner: postgres
--

ALTER TABLE ONLY public.django_content_type
    ADD CONSTRAINT django_content_type_app_label_model_76bd3d3b_uniq UNIQUE (app_label, model);


--
-- Name: django_content_type django_content_type_pkey; Type: CONSTRAINT; Schema: public; Owner: postgres
--

ALTER TABLE ONLY public.django_content_type
    ADD CONSTRAINT django_content_type_pkey PRIMARY KEY (id);


--
-- Name: django_migrations django_migrations_pkey; Type: CONSTRAINT; Schema: public; Owner: postgres
--

ALTER TABLE ONLY public.django_migrations
    ADD CONSTRAINT django_migrations_pkey PRIMARY KEY (id);


--
-- Name: django_session django_session_pkey; Type: CONSTRAINT; Schema: public; Owner: postgres
--

ALTER TABLE ONLY public.django_session
    ADD CONSTRAINT django_session_pkey PRIMARY KEY (session_key);


--
-- Name: fcm_django_fcmdevice fcm_django_fcmdevice_pkey; Type: CONSTRAINT; Schema: public; Owner: postgres
--

ALTER TABLE ONLY public.fcm_django_fcmdevice
    ADD CONSTRAINT fcm_django_fcmdevice_pkey PRIMARY KEY (id);


--
-- Name: fcm_django_fcmdevice fcm_django_fcmdevice_registration_id_9918b353_uniq; Type: CONSTRAINT; Schema: public; Owner: postgres
--

ALTER TABLE ONLY public.fcm_django_fcmdevice
    ADD CONSTRAINT fcm_django_fcmdevice_registration_id_9918b353_uniq UNIQUE (registration_id);


--
-- Name: financial_financial financial_financial_pkey; Type: CONSTRAINT; Schema: public; Owner: postgres
--

ALTER TABLE ONLY public.financial_financial
    ADD CONSTRAINT financial_financial_pkey PRIMARY KEY (id);


--
-- Name: token_blacklist_blacklistedtoken token_blacklist_blacklistedtoken_pkey; Type: CONSTRAINT; Schema: public; Owner: postgres
--

ALTER TABLE ONLY public.token_blacklist_blacklistedtoken
    ADD CONSTRAINT token_blacklist_blacklistedtoken_pkey PRIMARY KEY (id);


--
-- Name: token_blacklist_blacklistedtoken token_blacklist_blacklistedtoken_token_id_key; Type: CONSTRAINT; Schema: public; Owner: postgres
--

ALTER TABLE ONLY public.token_blacklist_blacklistedtoken
    ADD CONSTRAINT token_blacklist_blacklistedtoken_token_id_key UNIQUE (token_id);


--
-- Name: token_blacklist_outstandingtoken token_blacklist_outstandingtoken_jti_hex_d9bdf6f7_uniq; Type: CONSTRAINT; Schema: public; Owner: postgres
--

ALTER TABLE ONLY public.token_blacklist_outstandingtoken
    ADD CONSTRAINT token_blacklist_outstandingtoken_jti_hex_d9bdf6f7_uniq UNIQUE (jti);


--
-- Name: token_blacklist_outstandingtoken token_blacklist_outstandingtoken_pkey; Type: CONSTRAINT; Schema: public; Owner: postgres
--

ALTER TABLE ONLY public.token_blacklist_outstandingtoken
    ADD CONSTRAINT token_blacklist_outstandingtoken_pkey PRIMARY KEY (id);


--
-- Name: users_appointmentmodel users_appointmentmodel_pkey; Type: CONSTRAINT; Schema: public; Owner: postgres
--

ALTER TABLE ONLY public.users_appointmentmodel
    ADD CONSTRAINT users_appointmentmodel_pkey PRIMARY KEY (id);


--
-- Name: users_devicetoken users_devicetoken_pkey; Type: CONSTRAINT; Schema: public; Owner: postgres
--

ALTER TABLE ONLY public.users_devicetoken
    ADD CONSTRAINT users_devicetoken_pkey PRIMARY KEY (id);


--
-- Name: users_devicetoken users_devicetoken_token_key; Type: CONSTRAINT; Schema: public; Owner: postgres
--

ALTER TABLE ONLY public.users_devicetoken
    ADD CONSTRAINT users_devicetoken_token_key UNIQUE (token);


--
-- Name: users_individualmodel users_individualmodel_email_key; Type: CONSTRAINT; Schema: public; Owner: postgres
--

ALTER TABLE ONLY public.users_individualmodel
    ADD CONSTRAINT users_individualmodel_email_key UNIQUE (email);


--
-- Name: users_individualmodel_groups users_individualmodel_gr_individualmodel_id_group_193ea170_uniq; Type: CONSTRAINT; Schema: public; Owner: postgres
--

ALTER TABLE ONLY public.users_individualmodel_groups
    ADD CONSTRAINT users_individualmodel_gr_individualmodel_id_group_193ea170_uniq UNIQUE (individualmodel_id, group_id);


--
-- Name: users_individualmodel_groups users_individualmodel_groups_pkey; Type: CONSTRAINT; Schema: public; Owner: postgres
--

ALTER TABLE ONLY public.users_individualmodel_groups
    ADD CONSTRAINT users_individualmodel_groups_pkey PRIMARY KEY (id);


--
-- Name: users_individualmodel users_individualmodel_pkey; Type: CONSTRAINT; Schema: public; Owner: postgres
--

ALTER TABLE ONLY public.users_individualmodel
    ADD CONSTRAINT users_individualmodel_pkey PRIMARY KEY (id);


--
-- Name: users_individualmodel users_individualmodel_uid_key; Type: CONSTRAINT; Schema: public; Owner: postgres
--

ALTER TABLE ONLY public.users_individualmodel
    ADD CONSTRAINT users_individualmodel_uid_key UNIQUE (uid);


--
-- Name: users_individualmodel_user_permissions users_individualmodel_us_individualmodel_id_permi_f7909942_uniq; Type: CONSTRAINT; Schema: public; Owner: postgres
--

ALTER TABLE ONLY public.users_individualmodel_user_permissions
    ADD CONSTRAINT users_individualmodel_us_individualmodel_id_permi_f7909942_uniq UNIQUE (individualmodel_id, permission_id);


--
-- Name: users_individualmodel_user_permissions users_individualmodel_user_permissions_pkey; Type: CONSTRAINT; Schema: public; Owner: postgres
--

ALTER TABLE ONLY public.users_individualmodel_user_permissions
    ADD CONSTRAINT users_individualmodel_user_permissions_pkey PRIMARY KEY (id);


--
-- Name: users_pushnotification users_pushnotification_pkey; Type: CONSTRAINT; Schema: public; Owner: postgres
--

ALTER TABLE ONLY public.users_pushnotification
    ADD CONSTRAINT users_pushnotification_pkey PRIMARY KEY (id);


--
-- Name: auth_group_name_a6ea08ec_like; Type: INDEX; Schema: public; Owner: postgres
--

CREATE INDEX auth_group_name_a6ea08ec_like ON public.auth_group USING btree (name varchar_pattern_ops);


--
-- Name: auth_group_permissions_group_id_b120cbf9; Type: INDEX; Schema: public; Owner: postgres
--

CREATE INDEX auth_group_permissions_group_id_b120cbf9 ON public.auth_group_permissions USING btree (group_id);


--
-- Name: auth_group_permissions_permission_id_84c5c92e; Type: INDEX; Schema: public; Owner: postgres
--

CREATE INDEX auth_group_permissions_permission_id_84c5c92e ON public.auth_group_permissions USING btree (permission_id);


--
-- Name: auth_permission_content_type_id_2f476e4b; Type: INDEX; Schema: public; Owner: postgres
--

CREATE INDEX auth_permission_content_type_id_2f476e4b ON public.auth_permission USING btree (content_type_id);


--
-- Name: django_admin_log_content_type_id_c4bce8eb; Type: INDEX; Schema: public; Owner: postgres
--

CREATE INDEX django_admin_log_content_type_id_c4bce8eb ON public.django_admin_log USING btree (content_type_id);


--
-- Name: django_admin_log_user_id_c564eba6; Type: INDEX; Schema: public; Owner: postgres
--

CREATE INDEX django_admin_log_user_id_c564eba6 ON public.django_admin_log USING btree (user_id);


--
-- Name: django_session_expire_date_a5c62663; Type: INDEX; Schema: public; Owner: postgres
--

CREATE INDEX django_session_expire_date_a5c62663 ON public.django_session USING btree (expire_date);


--
-- Name: django_session_session_key_c0390e0f_like; Type: INDEX; Schema: public; Owner: postgres
--

CREATE INDEX django_session_session_key_c0390e0f_like ON public.django_session USING btree (session_key varchar_pattern_ops);


--
-- Name: fcm_django__registr_dacdb2_idx; Type: INDEX; Schema: public; Owner: postgres
--

CREATE INDEX fcm_django__registr_dacdb2_idx ON public.fcm_django_fcmdevice USING btree (registration_id, user_id);


--
-- Name: fcm_django_fcmdevice_device_id_a9406c36; Type: INDEX; Schema: public; Owner: postgres
--

CREATE INDEX fcm_django_fcmdevice_device_id_a9406c36 ON public.fcm_django_fcmdevice USING btree (device_id);


--
-- Name: fcm_django_fcmdevice_registration_id_9918b353_like; Type: INDEX; Schema: public; Owner: postgres
--

CREATE INDEX fcm_django_fcmdevice_registration_id_9918b353_like ON public.fcm_django_fcmdevice USING btree (registration_id text_pattern_ops);


--
-- Name: fcm_django_fcmdevice_user_id_6cdfc0a2; Type: INDEX; Schema: public; Owner: postgres
--

CREATE INDEX fcm_django_fcmdevice_user_id_6cdfc0a2 ON public.fcm_django_fcmdevice USING btree (user_id);


--
-- Name: token_blacklist_outstandingtoken_jti_hex_d9bdf6f7_like; Type: INDEX; Schema: public; Owner: postgres
--

CREATE INDEX token_blacklist_outstandingtoken_jti_hex_d9bdf6f7_like ON public.token_blacklist_outstandingtoken USING btree (jti varchar_pattern_ops);


--
-- Name: token_blacklist_outstandingtoken_user_id_83bc629a; Type: INDEX; Schema: public; Owner: postgres
--

CREATE INDEX token_blacklist_outstandingtoken_user_id_83bc629a ON public.token_blacklist_outstandingtoken USING btree (user_id);


--
-- Name: users_appointmentmodel_user_id_f9f6c45e; Type: INDEX; Schema: public; Owner: postgres
--

CREATE INDEX users_appointmentmodel_user_id_f9f6c45e ON public.users_appointmentmodel USING btree (user_id);


--
-- Name: users_devicetoken_token_5a1f138c_like; Type: INDEX; Schema: public; Owner: postgres
--

CREATE INDEX users_devicetoken_token_5a1f138c_like ON public.users_devicetoken USING btree (token varchar_pattern_ops);


--
-- Name: users_devicetoken_user_id_152121e4; Type: INDEX; Schema: public; Owner: postgres
--

CREATE INDEX users_devicetoken_user_id_152121e4 ON public.users_devicetoken USING btree (user_id);


--
-- Name: users_individualmodel_email_e8f470d4_like; Type: INDEX; Schema: public; Owner: postgres
--

CREATE INDEX users_individualmodel_email_e8f470d4_like ON public.users_individualmodel USING btree (email varchar_pattern_ops);


--
-- Name: users_individualmodel_groups_group_id_e2b812a1; Type: INDEX; Schema: public; Owner: postgres
--

CREATE INDEX users_individualmodel_groups_group_id_e2b812a1 ON public.users_individualmodel_groups USING btree (group_id);


--
-- Name: users_individualmodel_groups_individualmodel_id_4e1ecc17; Type: INDEX; Schema: public; Owner: postgres
--

CREATE INDEX users_individualmodel_groups_individualmodel_id_4e1ecc17 ON public.users_individualmodel_groups USING btree (individualmodel_id);


--
-- Name: users_individualmodel_user_individualmodel_id_146a10db; Type: INDEX; Schema: public; Owner: postgres
--

CREATE INDEX users_individualmodel_user_individualmodel_id_146a10db ON public.users_individualmodel_user_permissions USING btree (individualmodel_id);


--
-- Name: users_individualmodel_user_permissions_permission_id_ffb4c2a7; Type: INDEX; Schema: public; Owner: postgres
--

CREATE INDEX users_individualmodel_user_permissions_permission_id_ffb4c2a7 ON public.users_individualmodel_user_permissions USING btree (permission_id);


--
-- Name: auth_group_permissions auth_group_permissio_permission_id_84c5c92e_fk_auth_perm; Type: FK CONSTRAINT; Schema: public; Owner: postgres
--

ALTER TABLE ONLY public.auth_group_permissions
    ADD CONSTRAINT auth_group_permissio_permission_id_84c5c92e_fk_auth_perm FOREIGN KEY (permission_id) REFERENCES public.auth_permission(id) DEFERRABLE INITIALLY DEFERRED;


--
-- Name: auth_group_permissions auth_group_permissions_group_id_b120cbf9_fk_auth_group_id; Type: FK CONSTRAINT; Schema: public; Owner: postgres
--

ALTER TABLE ONLY public.auth_group_permissions
    ADD CONSTRAINT auth_group_permissions_group_id_b120cbf9_fk_auth_group_id FOREIGN KEY (group_id) REFERENCES public.auth_group(id) DEFERRABLE INITIALLY DEFERRED;


--
-- Name: auth_permission auth_permission_content_type_id_2f476e4b_fk_django_co; Type: FK CONSTRAINT; Schema: public; Owner: postgres
--

ALTER TABLE ONLY public.auth_permission
    ADD CONSTRAINT auth_permission_content_type_id_2f476e4b_fk_django_co FOREIGN KEY (content_type_id) REFERENCES public.django_content_type(id) DEFERRABLE INITIALLY DEFERRED;


--
-- Name: django_admin_log django_admin_log_content_type_id_c4bce8eb_fk_django_co; Type: FK CONSTRAINT; Schema: public; Owner: postgres
--

ALTER TABLE ONLY public.django_admin_log
    ADD CONSTRAINT django_admin_log_content_type_id_c4bce8eb_fk_django_co FOREIGN KEY (content_type_id) REFERENCES public.django_content_type(id) DEFERRABLE INITIALLY DEFERRED;


--
-- Name: django_admin_log django_admin_log_user_id_c564eba6_fk_users_individualmodel_id; Type: FK CONSTRAINT; Schema: public; Owner: postgres
--

ALTER TABLE ONLY public.django_admin_log
    ADD CONSTRAINT django_admin_log_user_id_c564eba6_fk_users_individualmodel_id FOREIGN KEY (user_id) REFERENCES public.users_individualmodel(id) DEFERRABLE INITIALLY DEFERRED;


--
-- Name: fcm_django_fcmdevice fcm_django_fcmdevice_user_id_6cdfc0a2_fk_users_ind; Type: FK CONSTRAINT; Schema: public; Owner: postgres
--

ALTER TABLE ONLY public.fcm_django_fcmdevice
    ADD CONSTRAINT fcm_django_fcmdevice_user_id_6cdfc0a2_fk_users_ind FOREIGN KEY (user_id) REFERENCES public.users_individualmodel(id) DEFERRABLE INITIALLY DEFERRED;


--
-- Name: token_blacklist_blacklistedtoken token_blacklist_blacklistedtoken_token_id_3cc7fe56_fk; Type: FK CONSTRAINT; Schema: public; Owner: postgres
--

ALTER TABLE ONLY public.token_blacklist_blacklistedtoken
    ADD CONSTRAINT token_blacklist_blacklistedtoken_token_id_3cc7fe56_fk FOREIGN KEY (token_id) REFERENCES public.token_blacklist_outstandingtoken(id) DEFERRABLE INITIALLY DEFERRED;


--
-- Name: token_blacklist_outstandingtoken token_blacklist_outs_user_id_83bc629a_fk_users_ind; Type: FK CONSTRAINT; Schema: public; Owner: postgres
--

ALTER TABLE ONLY public.token_blacklist_outstandingtoken
    ADD CONSTRAINT token_blacklist_outs_user_id_83bc629a_fk_users_ind FOREIGN KEY (user_id) REFERENCES public.users_individualmodel(id) DEFERRABLE INITIALLY DEFERRED;


--
-- Name: users_appointmentmodel users_appointmentmod_user_id_f9f6c45e_fk_users_ind; Type: FK CONSTRAINT; Schema: public; Owner: postgres
--

ALTER TABLE ONLY public.users_appointmentmodel
    ADD CONSTRAINT users_appointmentmod_user_id_f9f6c45e_fk_users_ind FOREIGN KEY (user_id) REFERENCES public.users_individualmodel(id) DEFERRABLE INITIALLY DEFERRED;


--
-- Name: users_devicetoken users_devicetoken_user_id_152121e4_fk_users_individualmodel_id; Type: FK CONSTRAINT; Schema: public; Owner: postgres
--

ALTER TABLE ONLY public.users_devicetoken
    ADD CONSTRAINT users_devicetoken_user_id_152121e4_fk_users_individualmodel_id FOREIGN KEY (user_id) REFERENCES public.users_individualmodel(id) DEFERRABLE INITIALLY DEFERRED;


--
-- Name: users_individualmodel_user_permissions users_individualmode_individualmodel_id_146a10db_fk_users_ind; Type: FK CONSTRAINT; Schema: public; Owner: postgres
--

ALTER TABLE ONLY public.users_individualmodel_user_permissions
    ADD CONSTRAINT users_individualmode_individualmodel_id_146a10db_fk_users_ind FOREIGN KEY (individualmodel_id) REFERENCES public.users_individualmodel(id) DEFERRABLE INITIALLY DEFERRED;


--
-- Name: users_individualmodel_groups users_individualmode_individualmodel_id_4e1ecc17_fk_users_ind; Type: FK CONSTRAINT; Schema: public; Owner: postgres
--

ALTER TABLE ONLY public.users_individualmodel_groups
    ADD CONSTRAINT users_individualmode_individualmodel_id_4e1ecc17_fk_users_ind FOREIGN KEY (individualmodel_id) REFERENCES public.users_individualmodel(id) DEFERRABLE INITIALLY DEFERRED;


--
-- Name: users_individualmodel_user_permissions users_individualmode_permission_id_ffb4c2a7_fk_auth_perm; Type: FK CONSTRAINT; Schema: public; Owner: postgres
--

ALTER TABLE ONLY public.users_individualmodel_user_permissions
    ADD CONSTRAINT users_individualmode_permission_id_ffb4c2a7_fk_auth_perm FOREIGN KEY (permission_id) REFERENCES public.auth_permission(id) DEFERRABLE INITIALLY DEFERRED;


--
-- Name: users_individualmodel_groups users_individualmodel_groups_group_id_e2b812a1_fk_auth_group_id; Type: FK CONSTRAINT; Schema: public; Owner: postgres
--

ALTER TABLE ONLY public.users_individualmodel_groups
    ADD CONSTRAINT users_individualmodel_groups_group_id_e2b812a1_fk_auth_group_id FOREIGN KEY (group_id) REFERENCES public.auth_group(id) DEFERRABLE INITIALLY DEFERRED;


--
-- PostgreSQL database dump complete
--

